OPEID6,CONTROL,REGION,PREDDEG,HIGHDEG,NUMBRANCH,UGDS,UGDS_WHITE,UGDS_BLACK,UGDS_HISP,UGDS_ASIAN,UGDS_AIAN,UGDS_NHPI,UGDS_2MOR,UGDS_NRA,UGDS_UNKN,PPTUG_EF,PCTPELL,PCTFLOAN,ADM_RATE,SAT_AVG,TUITIONFEE_IN,TUITIONFEE_OUT,NET_PRICE,COST_OF_ATTENDANCE,COST_IS_ACADEMIC_YEAR,NUM_PROGRAMS,NUM_CREDENTIAL_LEVELS,HAS_CERTIFICATE,HAS_ASSOCIATE,HAS_BACHELOR,HAS_POSTBACC_CERT,HAS_MASTER,HAS_DOCTORAL,HAS_FIRST_PROFESSIONAL,HAS_GRAD_CERT,debt_burden
31018.0,3.0,3.0,1.0,1.0,2.0,365.0,0.3835652054794521,0.43836575342465744,0.1507035616438356,0.0027473972602739725,0.0,0.0,0.024688219178082192,0.0,0.0,0.0,0.6847854794520548,0.936278904109589,,,,,18954.879452054796,21347.186301369864,0.0,2.0,1.0,1.0,0.0,0.0,0.0,0.0,0.0,0.0,0.0,-1.3937402557271648
3557.0,2.0,6.0,3.0,4.0,1.0,1525.0,0.47669999999999996,0.1259,0.2282,0.0302,0.005900000000000001,0.0,0.0,0.0052,0.1279,0.2295,0.4076,0.6538,0.8528999999999999,1021.0,26960.0,26960.0,21195.0,37413.0,1.0,22.0,3.0,0.0,1.0,1.0,0.0,1.0,0.0,0.0,0.0,-1.0246615390726288
21727.0,3.0,5.0,1.0,2.0,1.0,411.0,0.2579,0.2409,0.3552,0.0195,0.0024,0.0,0.056,0.0,0.0681,0.0,0.37820000000000004,0.4475,1.0,,,,21685.0,26115.0,0.0,6.0,2.0,1.0,1.0,0.0,0.0,0.0,0.0,0.0,0.0,-1.3401953094987917
3471.0,1.0,4.0,3.0,4.0,1.0,10003.0,0.8935000000000001,0.02,0.0195,0.0091,0.0086,0.001,0.019,0.0267,0.0026,0.1411,0.2596,0.5995,0.9201,1068.0,7713.0,10485.0,16152.0,19330.0,1.0,86.0,7.0,1.0,1.0,1.0,0.0,1.0,1.0,1.0,1.0,-0.8622999712410248
21979.0,2.0,1.0,1.0,1.0,1.0,154.0,0.8636,0.0519,0.0195,0.026,0.0,0.0,0.0065,0.0325,0.0,0.0,0.2324,0.47029999999999994,,,,,33187.0,36174.0,0.0,5.0,1.0,1.0,0.0,0.0,0.0,0.0,0.0,0.0,0.0,-1.532738731746374
2555.0,2.0,4.0,3.0,4.0,1.0,1803.0,0.8375,0.0288,0.046,0.0194,0.0028,0.0011,0.0166,0.01,0.037700000000000004,0.1742,0.2641,0.6456,0.7814,1124.0,28500.0,28500.0,20153.0,38668.0,1.0,48.0,4.0,1.0,0.0,1.0,0.0,1.0,0.0,0.0,1.0,-0.737832669905245
1208.0,1.0,8.0,2.0,2.0,1.0,16357.0,0.411,0.0665,0.3254,0.0835,0.0026,0.0048,0.0647,0.0317,0.0098,0.6258,0.22,0.018,,,1387.0,6897.0,1374.0,7134.0,1.0,63.0,2.0,1.0,1.0,0.0,0.0,0.0,0.0,0.0,0.0,-1.541909806163919
2484.0,1.0,4.0,2.0,2.0,1.0,15547.0,0.63,0.1696,0.0924,0.0273,0.0036,0.003,0.0639,0.0048,0.0054,0.5714,0.3917,0.1165,,,2880.0,6900.0,7954.0,12226.0,1.0,52.0,2.0,1.0,1.0,0.0,0.0,0.0,0.0,0.0,0.0,-1.3987254604277277
1615.0,1.0,8.0,2.0,3.0,1.0,3302.0,0.2068,0.0109,0.11239999999999999,0.2723,0.0045,0.1075,0.2701,0.0142,0.0012,0.6045,0.4522,0.2947,,,2862.0,7710.0,7156.0,11749.0,1.0,23.0,3.0,1.0,1.0,1.0,0.0,0.0,0.0,0.0,0.0,-0.9715745198982721
1328.0,2.0,8.0,3.0,4.0,1.0,18392.0,0.3644,0.0436,0.1353,0.22499999999999998,0.0013,0.0017,0.0508,0.1299,0.0479,0.0269,0.2337,0.3729,0.1802,1380.0,48280.0,48280.0,28344.0,62092.0,1.0,150.0,6.0,1.0,0.0,1.0,0.0,1.0,1.0,1.0,1.0,-1.6368152647668426
1655.0,1.0,3.0,2.0,2.0,1.0,9067.0,0.23959999999999998,0.1095,0.5232,0.0781,0.0025,0.0031,0.009,0.0011,0.0339,0.5693,0.3581,0.05850000000000001,,,3070.0,7891.0,6093.0,10529.0,1.0,31.0,2.0,1.0,1.0,0.0,0.0,0.0,0.0,0.0,0.0,-1.8568987713990164
11649.0,2.0,8.0,3.0,4.0,1.0,6064.0,0.4672,0.0579,0.2192,0.107,0.002,0.001,0.0768,0.0688,0.0002,0.0272,0.1979,0.45349999999999996,0.5271,1218.0,41597.0,41597.0,38019.0,57016.0,1.0,69.0,5.0,0.0,0.0,1.0,0.0,1.0,1.0,1.0,1.0,-1.3907587399090144
2858.0,1.0,2.0,3.0,3.0,1.0,7768.0,0.6044,0.0999,0.1631,0.074,0.0018,0.005,0.0193,0.0296,0.0028,0.208,0.2863,0.3045,0.4665,982.0,7483.0,17133.0,9516.0,14257.0,1.0,36.0,3.0,1.0,1.0,1.0,0.0,0.0,0.0,0.0,0.0,-1.5562905319053342
9652.0,1.0,9.0,3.0,3.0,1.0,3230.0,0.0,0.0,1.0,0.0,0.0,0.0,0.0,0.0,0.0,0.0625,0.7846,0.0766,0.7365,,2019.0,4041.0,6658.0,12025.0,1.0,17.0,2.0,0.0,1.0,1.0,0.0,0.0,0.0,0.0,0.0,-1.74186869961459
2345.0,2.0,4.0,3.0,4.0,1.0,6080.0,0.8166,0.0242,0.046200000000000005,0.0344,0.001,0.0,0.0324,0.0317,0.0135,0.0342,0.19209999999999997,0.5547,0.8662,1204.0,36682.0,36682.0,29465.0,47616.0,1.0,82.0,6.0,1.0,0.0,1.0,0.0,1.0,1.0,1.0,1.0,-1.1542266995198445
5754.0,1.0,5.0,1.0,2.0,1.0,5536.0,0.6172,0.2547,0.0658,0.0103,0.0061,0.0014,0.0267,0.0132,0.0045,0.5625,0.5693,0.5362,,,2442.0,8586.0,6116.0,10685.0,1.0,33.0,2.0,1.0,1.0,0.0,0.0,0.0,0.0,0.0,0.0,-1.3066568719615759
5245.0,1.0,5.0,2.0,2.0,1.0,1920.0,0.7651,0.0875,0.06199999999999999,0.0073,0.0021,0.0005,0.0432,0.0292,0.0031,0.4036,0.6836,0.3965,0.6181,930.0,2732.0,3788.0,5566.0,10722.0,1.0,19.0,2.0,1.0,1.0,0.0,0.0,0.0,0.0,0.0,0.0,-1.219575125425346
36703.0,3.0,7.0,1.0,1.0,2.0,256.0,0.6679515625000001,0.0390359375,0.191396875,0.0078015624999999995,0.01561875,0.027353125,0.050809375000000004,0.0,0.0,0.0,0.528990625,0.6510671875,,,,,21706.9375,24564.078125,0.0,1.0,1.0,1.0,0.0,0.0,0.0,0.0,0.0,0.0,0.0,-0.7140037438345025
2021.0,1.0,5.0,3.0,4.0,1.0,6828.0,0.5513,0.3010999999999999,0.0502,0.0066,0.0133,0.001,0.035,0.0105,0.0309,0.2835,0.40490000000000004,0.49199999999999994,0.7298000000000001,1027.0,6863.0,17651.0,11446.0,17659.0,1.0,42.0,6.0,0.0,1.0,1.0,1.0,1.0,0.0,1.0,1.0,-0.6317184855632968
3838.0,2.0,3.0,3.0,4.0,1.0,2934.0,0.8596,0.0099,0.0596,0.0327,0.0007,0.0007,0.0208,0.0119,0.0041,0.0838,0.2709,0.7137,0.8084,1090.0,28550.0,28550.0,22858.0,39312.0,1.0,57.0,4.0,0.0,0.0,1.0,0.0,1.0,0.0,1.0,1.0,-0.7647613049178897
38834.0,3.0,5.0,1.0,1.0,1.0,105.0,0.2571,0.3619,0.2095,0.03810000000000001,0.0,0.0,0.10480000000000002,0.0,0.0286,0.0571,0.5325,0.6752999999999999,,,17997.0,17997.0,,,,1.0,1.0,1.0,0.0,0.0,0.0,0.0,0.0,0.0,0.0,-0.3737288584617533
41369.0,3.0,3.0,1.0,1.0,1.0,26.0,0.4230999999999999,0.2692,0.2692,0.03849999999999999,0.0,0.0,0.0,0.0,0.0,0.4230999999999999,0.4286,0.6964,,,,,9735.0,14381.0,0.0,1.0,1.0,1.0,0.0,0.0,0.0,0.0,0.0,0.0,0.0,-1.2967305544884564
1514.0,1.0,5.0,2.0,3.0,1.0,8990.0,0.5437,0.179,0.1859,0.0238,0.0024,0.0007,0.0214,0.0089,0.0343,0.6418,0.4567,0.1481,,,3366.0,12272.0,9216.0,13370.0,1.0,25.0,3.0,1.0,1.0,1.0,0.0,0.0,0.0,0.0,0.0,-1.394202666471959
4608.0,1.0,4.0,2.0,2.0,1.0,2646.0,0.6546,0.1542,0.12169999999999999,0.0159,0.0079,0.006,0.0212,0.0,0.0185,0.3534,0.1424,0.0922,,,3008.0,4000.0,7257.0,13109.0,1.0,67.0,2.0,1.0,1.0,0.0,0.0,0.0,0.0,0.0,0.0,-1.4481255579878036
2981.0,1.0,5.0,3.0,4.0,1.0,8603.0,0.7965,0.0643,0.0507,0.0131,0.0083,0.0012,0.0341,0.0212,0.0108,0.1463,0.3841,0.5689,0.4311,1035.0,6305.0,16698.0,13395.0,18549.0,1.0,64.0,5.0,0.0,0.0,1.0,0.0,1.0,1.0,1.0,1.0,-0.8160994435263926
1916.0,1.0,4.0,1.0,2.0,1.0,1316.0,0.7917999999999998,0.10260000000000001,0.0388,0.0091,0.0137,0.0053,0.0312,0.0076,0.0,0.326,0.5562,0.42879999999999996,,,2670.0,4440.0,5966.0,9557.0,1.0,25.0,2.0,1.0,1.0,0.0,0.0,0.0,0.0,0.0,0.0,-1.365366363990447
36894.0,2.0,8.0,3.0,4.0,1.0,144.0,0.2708,0.2917,0.0694,0.1181,0.0069,0.0,0.0486,0.125,0.0694,0.3611,0.0741,0.4148,,,7885.0,7885.0,21804.0,24065.0,1.0,10.0,6.0,0.0,0.0,1.0,1.0,1.0,1.0,1.0,1.0,-1.0612074894839711
11161.0,1.0,6.0,3.0,4.0,1.0,9074.0,0.383,0.0554,0.4781,0.0223,0.003,0.0001,0.018,0.0291,0.0111,0.2142,0.4094,0.5399,0.8462,970.0,7655.0,16283.0,14165.0,18745.0,1.0,53.0,3.0,0.0,0.0,1.0,0.0,1.0,1.0,0.0,0.0,-0.8131499729546416
9054.0,1.0,5.0,2.0,2.0,1.0,1654.0,0.9008000000000002,0.0399,0.013899999999999997,0.0024,0.0006,0.0,0.023,0.006700000000000001,0.012700000000000001,0.4395,0.569,0.3269,,,3154.0,9250.0,4113.0,9285.0,1.0,28.0,2.0,1.0,1.0,0.0,0.0,0.0,0.0,0.0,0.0,-1.07979307224763
1901.0,1.0,4.0,2.0,2.0,1.0,2628.0,0.8231,0.06129999999999999,0.0807,0.0167,0.012199999999999999,0.0,0.0004000000000000001,0.0011,0.0046,0.5441,0.4001,0.2703,,,2784.0,2784.0,6504.0,10875.0,1.0,44.0,2.0,1.0,1.0,0.0,0.0,0.0,0.0,0.0,0.0,-1.751036333784267
10503.0,3.0,4.0,1.0,2.0,1.0,1000.0,0.649,0.149,0.118,0.012,0.037,0.002,0.03,0.0,0.003,0.0,0.795,0.7528,,,,,16812.0,21996.0,0.0,7.0,2.0,1.0,1.0,0.0,0.0,0.0,0.0,0.0,0.0,-0.9643773519111464
2439.0,2.0,5.0,3.0,3.0,1.0,895.0,0.0045,0.9899,0.0045,0.0,0.0011,0.0,0.0,0.0,0.0,0.0279,0.8998,0.7950000000000002,0.403,864.0,10218.0,10218.0,13067.0,20503.0,1.0,25.0,3.0,0.0,1.0,1.0,0.0,1.0,0.0,0.0,0.0,-0.14470154988932965
1724.0,2.0,3.0,3.0,4.0,1.0,2082.0,0.7354,0.1388,0.06,0.0082,0.0024,0.0005,0.0413,0.0091,0.0043,0.0375,0.4013,0.7603,0.6273,1046.0,29620.0,29620.0,18388.0,39472.0,1.0,39.0,5.0,1.0,0.0,1.0,0.0,1.0,1.0,1.0,0.0,-0.6411128709476756
3168.0,1.0,6.0,3.0,3.0,1.0,3611.0,0.5935,0.0252,0.0474,0.0119,0.1246,0.0008,0.1792,0.0147,0.0028,0.3365,0.4584,0.4391,0.7701,850.0,5725.0,12766.0,12406.0,17374.0,1.0,23.0,3.0,0.0,1.0,1.0,0.0,1.0,0.0,0.0,0.0,-0.7446282621924162
21163.0,1.0,7.0,1.0,2.0,1.0,4790.0,0.5616,0.0259,0.2925,0.0063,0.027299999999999998,0.0013,0.0299,0.0027,0.0526,0.58,0.5071,0.3878,,,3672.0,13049.0,8951.0,14933.0,1.0,40.0,3.0,1.0,1.0,1.0,0.0,0.0,0.0,0.0,0.0,-1.3199942893626586
1122.0,2.0,8.0,3.0,4.0,1.0,4364.0,0.5165,0.0209,0.1829,0.1613,0.0014,0.003,0.0648,0.027,0.0222,0.0229,0.311,0.6176,0.754,1122.0,33322.0,33322.0,31176.0,46162.0,1.0,57.0,4.0,0.0,0.0,1.0,0.0,1.0,1.0,0.0,1.0,-0.8663170403873567
35933.0,3.0,6.0,1.0,2.0,1.0,943.0,0.7741,0.0371,0.1082,0.0223,0.0159,0.0042,0.005300000000000001,0.0,0.0329,0.0,0.3841,0.9701,,,,,27344.0,28906.0,0.0,11.0,2.0,1.0,1.0,0.0,0.0,0.0,0.0,0.0,0.0,-1.134588878943767
38324.0,3.0,7.0,1.0,1.0,1.0,32.0,0.5625,0.0,0.375,0.0,0.0,0.0,0.0625,0.0,0.0,0.0,0.6974,0.5526,,,,,16546.0,20592.0,0.0,1.0,1.0,1.0,0.0,0.0,0.0,0.0,0.0,0.0,0.0,-0.5940404889821775
2261.0,1.0,3.0,2.0,2.0,1.0,7818.0,0.6566,0.1999,0.0407,0.0047,0.0069,0.001,0.037,0.0032,0.05,0.7061,0.539,0.4309,,,3557.0,6702.0,6771.0,11171.0,1.0,57.0,3.0,1.0,1.0,1.0,0.0,0.0,0.0,0.0,0.0,-0.9174592796254419
9928.0,1.0,5.0,2.0,2.0,1.0,3561.0,0.6757,0.1601,0.057,0.0354,0.0034000000000000002,0.0022,0.0449,0.0081,0.0132,0.7004,0.2758,0.1172,,,4235.0,10073.0,6672.0,10998.0,1.0,27.0,2.0,1.0,1.0,0.0,0.0,0.0,0.0,0.0,0.0,-1.5384512178675782
22537.0,3.0,7.0,2.0,2.0,1.0,828.0,0.6486,0.16180000000000003,0.1425,0.009700000000000002,0.0048,0.0,0.0,0.0,0.0326,0.0,0.8835000000000001,0.6825,,,,,16386.0,20758.0,0.0,7.0,3.0,1.0,1.0,1.0,0.0,0.0,0.0,0.0,0.0,-1.2849210100951465
23582.0,1.0,6.0,1.0,2.0,1.0,1841.0,0.73,0.1809,0.0652,0.0163,0.0043,0.0,0.0,0.0,0.0033000000000000004,0.4487,0.3945,0.2362,,,3784.0,12472.0,2319.0,7858.0,1.0,17.0,2.0,1.0,1.0,0.0,0.0,0.0,0.0,0.0,0.0,-1.2055319495738792
1033.0,2.0,5.0,3.0,4.0,1.0,1878.0,0.0059,0.8514,0.0234,0.0016000000000000003,0.0059,0.0,0.0,0.0783,0.0335,0.0682,0.5062,0.7271,0.4787,928.0,16720.0,16720.0,24992.0,36064.0,1.0,48.0,5.0,0.0,1.0,1.0,1.0,1.0,0.0,0.0,1.0,-0.453384817115769
30665.0,1.0,5.0,1.0,2.0,1.0,1349.0,0.6397,0.2847,0.0608,0.0044,0.0022,0.0014999999999999998,0.0059,0.0,0.0007,0.699,0.7293,0.0,,,2774.0,4910.0,3973.0,10476.0,1.0,37.0,2.0,1.0,1.0,0.0,0.0,0.0,0.0,0.0,0.0,-1.6629044956915706
1026.0,1.0,5.0,2.0,2.0,1.0,433.0,0.5727,0.2263,0.1016,0.0346,0.0115,0.0046,0.0323,0.0,0.0162,0.0,0.378,0.6244,0.6139,1055.0,8778.0,14778.0,10679.0,16520.0,1.0,1.0,1.0,0.0,1.0,0.0,0.0,0.0,0.0,0.0,0.0,-1.8637700052043271
2580.0,2.0,1.0,3.0,4.0,1.0,28035.0,0.2602,0.056,0.028,0.0071,0.0038,0.0009,0.0019,0.0175,0.6246,0.5063,0.4219,0.6687,0.8421,,29604.0,29604.0,29806.0,40893.0,1.0,66.0,6.0,1.0,1.0,1.0,0.0,1.0,1.0,0.0,1.0,-0.8699432701413283
2177.0,1.0,1.0,2.0,2.0,1.0,6740.0,0.5559,0.2779,0.0708,0.0163,0.0034000000000000002,0.0009,0.0392,0.0029999999999999996,0.0326,0.5073,0.4414,0.1679,,,4296.0,9240.0,7410.0,11250.0,1.0,44.0,2.0,1.0,1.0,0.0,0.0,0.0,0.0,0.0,0.0,-1.5284664402589758
25732.0,3.0,5.0,1.0,1.0,1.0,403.0,0.0273,0.024799999999999996,0.9032,0.0199,0.0,0.0,0.024799999999999996,0.0,0.0,0.7916,0.9171,0.9171,,,,,16588.0,22232.0,0.0,2.0,1.0,1.0,0.0,0.0,0.0,0.0,0.0,0.0,0.0,-0.7705820571063665
20630.0,2.0,1.0,3.0,3.0,1.0,380.0,0.6553,0.05,0.0684,0.0158,0.005299999999999999,0.005299999999999999,0.0342,0.0105,0.1553,0.0079,0.41009999999999996,0.8228,,,28700.0,28700.0,24652.0,39585.0,1.0,7.0,2.0,1.0,0.0,1.0,0.0,0.0,0.0,0.0,0.0,-0.2013371400053117
6931.0,1.0,3.0,2.0,2.0,1.0,7829.0,0.5451999999999999,0.0741,0.30720000000000003,0.0262,0.0013,0.0004,0.0216,0.0,0.0241,0.5918,0.2828,0.1379,,,2688.0,7243.0,5455.0,8805.0,1.0,54.0,2.0,1.0,1.0,0.0,0.0,0.0,0.0,0.0,0.0,-1.8560300973426371
2241.0,2.0,3.0,3.0,4.0,1.0,3825.0,0.7464,0.0246,0.0332,0.04420000000000001,0.0042,0.0,0.0285,0.1027,0.0162,0.0191,0.2286,0.5486,0.7314,1182.0,29635.0,29635.0,24352.0,40694.0,1.0,60.0,2.0,0.0,0.0,1.0,0.0,1.0,0.0,0.0,0.0,-0.920582583955696
1786.0,1.0,3.0,3.0,4.0,1.0,15895.0,0.8189,0.074,0.0382,0.0101,0.0007,0.0011,0.0247,0.0196,0.0127,0.0618,0.3398999999999999,0.5917,0.5988,1066.0,9344.0,24610.0,15141.0,21807.0,1.0,108.0,8.0,1.0,1.0,1.0,1.0,1.0,1.0,1.0,1.0,-0.8017218800289685
1505.0,2.0,5.0,3.0,4.0,1.0,1911.0,0.4322,0.0905,0.1381,0.0136,0.0058000000000000005,0.0016,0.0078,0.2302,0.0801,0.0518,0.1849,0.2784,0.7487,980.0,35050.0,35050.0,35396.0,49535.0,1.0,33.0,5.0,1.0,0.0,1.0,0.0,1.0,1.0,0.0,1.0,-1.004909882963304
1664.0,2.0,3.0,3.0,4.0,1.0,1732.0,0.6894,0.0797,0.1507,0.026,0.004,0.0028999999999999994,0.0254,0.0162,0.005799999999999999,0.2217,0.3403999999999999,0.6870999999999999,0.5056,1064.0,28790.0,28790.0,17059.0,36919.0,1.0,44.0,5.0,1.0,0.0,1.0,0.0,1.0,1.0,0.0,1.0,-1.1094488801691669
2883.0,2.0,2.0,3.0,4.0,1.0,2857.0,0.6584,0.10919999999999999,0.0784,0.0329,0.0056,0.0007,0.026600000000000002,0.030799999999999998,0.05740000000000001,0.2314,0.3947,0.7511,0.8153,,33736.0,33736.0,21787.0,45579.0,1.0,41.0,7.0,1.0,0.0,1.0,1.0,1.0,1.0,1.0,1.0,-1.0340066047813443
31009.0,2.0,5.0,3.0,4.0,1.0,490.0,0.5082,0.4449,0.0245,0.0184,0.0,0.0,0.0,0.002,0.002,0.8224,0.5832,0.5362,0.48779999999999996,,6080.0,6080.0,15229.0,21042.0,1.0,3.0,3.0,0.0,0.0,1.0,0.0,1.0,1.0,0.0,0.0,-0.31936099957124503
25410.0,3.0,8.0,1.0,2.0,1.0,479.0,0.38,0.096,0.1002,0.1983,0.1733,0.0084,0.0334,0.0,0.0104,0.0,0.7078,0.786,,,,,16474.0,19659.0,0.0,9.0,2.0,1.0,1.0,0.0,0.0,0.0,0.0,0.0,0.0,-1.5416643054753552
1085.0,1.0,5.0,2.0,4.0,1.0,2885.0,0.5972,0.3224,0.0364,0.0042,0.0017,0.0014,0.0208,0.0037999999999999996,0.0121,0.17990000000000003,0.6096,0.551,,,6082.0,12052.0,10141.0,16071.0,1.0,45.0,5.0,1.0,1.0,1.0,0.0,1.0,0.0,0.0,1.0,-0.6139845288330144
9910.0,1.0,5.0,1.0,2.0,1.0,2244.0,0.48079999999999995,0.3574,0.1003,0.007600000000000001,0.0036,0.0009,0.0107,0.0013,0.0374,0.7032,0.6469,0.1796,,,4060.0,8812.0,3906.0,9885.0,1.0,30.0,2.0,1.0,1.0,0.0,0.0,0.0,0.0,0.0,0.0,-1.255331096601078
30199.0,3.0,8.0,1.0,1.0,1.0,40.0,0.2,0.125,0.575,0.05,0.025,0.025,0.0,0.0,0.0,0.0,0.8627,0.8627,,,,,12751.0,15626.0,0.0,3.0,1.0,1.0,0.0,0.0,0.0,0.0,0.0,0.0,0.0,-1.3139500150492627
10097.0,1.0,2.0,3.0,3.0,1.0,6241.0,0.0143,0.7951,0.1187,0.0215,0.0032,0.0027,0.0139,0.030599999999999995,0.0,0.32,0.6181,0.21429999999999996,0.9194,,6332.0,13142.0,8590.0,16113.0,1.0,21.0,3.0,1.0,1.0,1.0,0.0,0.0,0.0,0.0,0.0,-1.442605532682606
1612.0,1.0,8.0,2.0,2.0,1.0,3261.0,0.0767,0.022400000000000003,0.1027,0.4201,0.0018,0.0776,0.2815,0.011999999999999999,0.0052,0.5391,0.2587,0.1291,,,2766.0,7614.0,6691.0,10791.0,1.0,22.0,2.0,1.0,1.0,0.0,0.0,0.0,0.0,0.0,0.0,-1.7895669958387528
1273.0,1.0,8.0,2.0,2.0,1.0,13920.0,0.23760000000000003,0.1167,0.4846,0.0873,0.0036000000000000003,0.0049,0.0425,0.0024,0.0204,0.7468,0.3408,0.0465,,,1142.0,5774.0,5596.0,11930.0,1.0,74.0,2.0,1.0,1.0,0.0,0.0,0.0,0.0,0.0,0.0,-1.6109454242858494
12462.0,3.0,2.0,1.0,2.0,1.0,375.0,0.1547,0.3413,0.4347,0.058699999999999995,0.0026999999999999997,0.008,0.0,0.0,0.0,0.3067,0.6667,0.8457,0.276,,15322.0,15322.0,24653.0,29220.0,1.0,7.0,2.0,1.0,1.0,0.0,0.0,0.0,0.0,0.0,0.0,-1.0978580839412055
10489.0,3.0,5.0,2.0,3.0,1.0,969.0,0.5397,0.3571,0.0258,0.0031,0.0,0.0,0.0186,0.001,0.0547,0.5335,0.8526,0.8229,,,11550.0,11550.0,18179.0,24475.0,1.0,14.0,3.0,1.0,1.0,1.0,0.0,0.0,0.0,0.0,0.0,-0.17688722228568618
2041.0,1.0,1.0,3.0,3.0,1.0,956.0,0.7437,0.0324,0.0188,0.0063,0.0094,0.0021,0.023,0.1161,0.0481,0.3985,0.35240000000000005,0.4582,0.7461,899.0,7575.0,10875.0,13349.0,17932.0,1.0,25.0,3.0,1.0,1.0,1.0,0.0,0.0,0.0,0.0,0.0,-0.9296338548346915
25770.0,3.0,5.0,1.0,1.0,1.0,221.0,0.5113,0.2443,0.0814,0.0181,0.0,0.009,0.0679,0.0045,0.0633,0.0,0.4772,0.5653,,,,,16091.0,18932.0,0.0,1.0,1.0,1.0,0.0,0.0,0.0,0.0,0.0,0.0,0.0,-0.9833304446029274
3238.0,2.0,2.0,3.0,4.0,1.0,3528.0,0.7885,0.0317,0.052700000000000004,0.0357,0.00030000000000000003,0.0,0.0343,0.053000000000000005,0.0037,0.0017,0.1175,0.3938,0.30720000000000003,1317.0,48498.0,48498.0,32487.0,61060.0,1.0,54.0,2.0,0.0,0.0,1.0,0.0,1.0,0.0,0.0,0.0,-1.2454026140890755
25830.0,3.0,5.0,2.0,2.0,1.0,325.0,0.20310000000000003,0.6492,0.1015,0.0462,0.0,0.0,0.0,0.0,0.0,0.56,0.7961999999999999,0.7935,,,9925.0,9925.0,22688.0,26037.0,1.0,11.0,2.0,1.0,1.0,0.0,0.0,0.0,0.0,0.0,0.0,-0.5536980006967985
1339.0,2.0,8.0,3.0,4.0,2.0,924.0,0.7868000000000002,0.0141,0.0281,0.0238,0.0087,0.0065,0.066,0.0173,0.0487,0.0877,0.4071,0.7158,0.3738,1016.0,28640.0,28640.0,21331.0,39327.0,1.0,21.0,6.0,1.0,1.0,1.0,0.0,1.0,1.0,0.0,1.0,-0.7710694947409401
41245.0,3.0,3.0,1.0,1.0,1.0,249.0,0.8072,0.1486,0.012,0.008,0.0,0.0,0.0,0.0,0.0241,0.0,0.7103,0.9579,,,,,32578.0,36335.0,0.0,4.0,2.0,1.0,1.0,0.0,0.0,0.0,0.0,0.0,0.0,-1.5193749942728887
2396.0,1.0,5.0,3.0,4.0,1.0,3006.0,0.0226,0.9365,0.004,0.0017,0.001,0.0033,0.0183,0.0126,0.0,0.145,0.7646000000000001,0.8423,0.7844,872.0,6200.0,6200.0,15112.0,21116.0,1.0,38.0,4.0,0.0,1.0,1.0,0.0,1.0,0.0,0.0,1.0,-0.2993086653591506
21662.0,3.0,5.0,2.0,2.0,1.0,691.0,0.5036,0.453,0.0072,0.0087,0.0101,0.0,0.0159,0.0,0.0014,0.0,0.6262,0.7652,,,10575.0,10575.0,18438.0,22045.0,1.0,13.0,2.0,1.0,1.0,0.0,0.0,0.0,0.0,0.0,0.0,-1.5160743905729026
3831.0,2.0,5.0,3.0,4.0,1.0,1131.0,0.7657,0.056600000000000004,0.0248,0.0124,0.0035,0.0018,0.0203,0.0363,0.0787,0.1485,0.23979999999999999,0.678,0.6263,1032.0,28030.0,28030.0,18451.0,35527.0,1.0,31.0,5.0,1.0,0.0,1.0,0.0,1.0,0.0,1.0,1.0,-0.8356999470022374
11824.0,1.0,3.0,1.0,2.0,1.0,2642.0,0.9383,0.0076,0.0045,0.0053,0.0174,0.00039999999999999996,0.0208,0.0,0.0057,0.5424,0.4198,0.435,,,4448.0,6463.0,10623.0,13740.0,1.0,37.0,2.0,1.0,1.0,0.0,0.0,0.0,0.0,0.0,0.0,-1.6603844800522045
41298.0,3.0,6.0,1.0,1.0,4.0,431.0,0.26447935034802783,0.4245948955916473,0.25057470997679815,0.016251972157772625,0.0,0.0,0.04409907192575407,0.0,0.0,0.0,0.7097468677494199,0.6896324825986079,,,,,21481.136890951275,24894.77958236659,0.0,5.0,2.0,1.0,1.0,0.0,0.0,0.0,0.0,0.0,0.0,-0.509614891124934
2268.0,1.0,3.0,3.0,4.0,1.0,21561.0,0.8325,0.0522,0.0452,0.0192,0.0035999999999999995,0.00039999999999999996,0.0314,0.0116,0.004,0.1149,0.3622,0.6323,0.8042999999999999,1089.0,10752.0,15408.0,16815.0,21907.0,1.0,91.0,7.0,1.0,0.0,1.0,1.0,1.0,1.0,1.0,1.0,-0.8287834991297875
41694.0,3.0,5.0,1.0,1.0,1.0,89.0,0.49440000000000006,0.2135,0.0899,0.1573,0.0,0.0,0.0449,0.0,0.0,1.0,0.0,0.461,,,,,,,,1.0,1.0,1.0,0.0,0.0,0.0,0.0,0.0,0.0,0.0,-1.958485547619716
12652.0,1.0,2.0,1.0,1.0,1.0,511.0,0.7945,0.1292,0.0411,0.0137,0.0215,0.0,0.0,0.0,0.0,0.0,0.7146,0.7701,,,,,11476.0,15849.0,0.0,16.0,1.0,1.0,0.0,0.0,0.0,0.0,0.0,0.0,0.0,-1.8459332762692313
22699.0,2.0,2.0,3.0,3.0,1.0,200.0,0.77,0.04,0.045,0.025,0.005,0.0,0.045,0.005,0.065,0.035,0.3722,0.9238,0.4229,,22000.0,22000.0,23500.0,28564.0,1.0,4.0,2.0,1.0,0.0,1.0,0.0,0.0,0.0,0.0,0.0,-0.20975056056120675
2249.0,2.0,3.0,3.0,4.0,13.0,6348.0,0.6326,0.144,0.013900000000000001,0.0217,0.0047,0.0013,0.0255,0.0178,0.1385,0.6194,0.526,0.706,0.9338,,15072.0,15072.0,16017.0,25082.0,1.0,37.0,6.0,1.0,1.0,1.0,1.0,1.0,0.0,0.0,1.0,-0.550763535292325
7690.0,1.0,3.0,1.0,2.0,1.0,2893.0,0.6892,0.1621,0.1051,0.011100000000000002,0.0038,0.0017,0.01,0.0014,0.015600000000000001,0.5461,0.4311,0.2068,,,3750.0,16136.0,5600.0,10427.0,1.0,48.0,2.0,1.0,1.0,0.0,0.0,0.0,0.0,0.0,0.0,-1.3580890912312544
3822.0,1.0,5.0,3.0,4.0,1.0,3489.0,0.8315,0.0863,0.028099999999999997,0.0186,0.0043,0.0009,0.0089,0.0043,0.0172,0.1144,0.33209999999999995,0.5564,0.9829,999.0,6570.0,16628.0,10178.0,15813.0,1.0,29.0,4.0,0.0,0.0,1.0,0.0,1.0,0.0,1.0,1.0,-0.8264065454475371
2613.0,1.0,2.0,3.0,4.0,1.0,6163.0,0.2442,0.207,0.3503,0.0888,0.0024,0.0,0.0143,0.0117,0.0813,0.2414,0.5596,0.5613,0.7659,890.0,10852.0,19424.0,8001.0,17010.0,1.0,37.0,5.0,0.0,0.0,1.0,0.0,1.0,1.0,1.0,1.0,-1.0476982490494928
9912.0,1.0,5.0,2.0,2.0,1.0,6049.0,0.7887000000000001,0.1037,0.0413,0.0111,0.0036,0.0012,0.021700000000000004,0.0073999999999999995,0.021299999999999996,0.454,0.3715,0.1994,,,3801.0,14865.0,7580.0,12283.0,1.0,24.0,2.0,1.0,1.0,0.0,0.0,0.0,0.0,0.0,0.0,-1.6956763638621455
2688.0,1.0,2.0,3.0,4.0,1.0,12175.0,0.1584,0.1723,0.3431,0.2361,0.0011,0.0053,0.0166,0.0671,0.0,0.23620000000000002,0.518,0.2225,0.38060000000000005,1130.0,6389.0,13199.0,5917.0,14824.0,1.0,58.0,4.0,0.0,0.0,1.0,0.0,1.0,1.0,0.0,1.0,-1.706172507559881
12020.0,3.0,6.0,1.0,1.0,1.0,127.0,0.2913,0.1024,0.4409,0.0315,0.0079,0.0,0.126,0.0,0.0,0.9213,0.5253,0.5253,,,,,9798.0,12819.0,0.0,1.0,1.0,1.0,0.0,0.0,0.0,0.0,0.0,0.0,0.0,-0.6842126493970091
6960.0,1.0,5.0,1.0,2.0,1.0,2606.0,0.9332000000000001,0.0322,0.012699999999999998,0.0015,0.0023,0.0008,0.0111,0.0008,0.0054,0.4428000000000001,0.588,0.4056,,,3624.0,12456.0,6834.0,11798.0,1.0,39.0,2.0,1.0,1.0,0.0,0.0,0.0,0.0,0.0,0.0,-1.0294330644148333
2813.0,2.0,2.0,3.0,4.0,1.0,1366.0,0.5703,0.0366,0.093,0.0395,0.0007,0.0007,0.0586,0.1347,0.0659,0.011,0.1879,0.5514,0.5314,,50780.0,50780.0,33255.0,64056.0,1.0,10.0,2.0,0.0,0.0,1.0,0.0,1.0,0.0,0.0,0.0,-0.6857681706554107
2275.0,2.0,3.0,3.0,3.0,1.0,1431.0,0.6171,0.05310000000000001,0.0943,0.0601,0.0014,0.0021,0.0489,0.0643,0.0587,0.006999999999999999,0.20299999999999999,0.5096,0.6965,1239.0,41161.0,41161.0,23070.0,50800.0,1.0,24.0,1.0,0.0,0.0,1.0,0.0,0.0,0.0,0.0,0.0,-0.9223695455385741
13010.0,3.0,8.0,1.0,1.0,1.0,124.0,0.2097,0.2742,0.5081,0.0081,0.0,0.0,0.0,0.0,0.0,0.0,0.71,0.697,,,,,14588.0,19031.0,0.0,1.0,1.0,1.0,0.0,0.0,0.0,0.0,0.0,0.0,0.0,-0.9404709911529736
1589.0,2.0,5.0,3.0,4.0,1.0,1317.0,0.691,0.1815,0.06,0.006100000000000001,0.0038,0.0,0.0,0.0015,0.0562,0.0676,0.40529999999999994,0.5469,0.9002,975.0,19196.0,19196.0,15015.0,32794.0,1.0,30.0,3.0,0.0,1.0,1.0,0.0,1.0,0.0,0.0,0.0,-0.666455185598836
23141.0,3.0,5.0,2.0,4.0,1.0,39.0,0.23080000000000003,0.23080000000000003,0.0769,0.0769,0.0256,0.0256,0.0,0.1538,0.1795,0.0,0.7969,0.8672,,,21540.0,21540.0,30145.0,36540.0,1.0,8.0,3.0,0.0,1.0,1.0,0.0,1.0,0.0,0.0,0.0,0.006424755922160602
3601.0,1.0,6.0,2.0,2.0,1.0,3875.0,0.7055,0.1308,0.1231,0.0075,0.0214,0.0003,0.008,0.0028,0.0005,0.4292,0.4416,0.0,,,1548.0,3420.0,6230.0,11955.0,1.0,49.0,2.0,1.0,1.0,0.0,0.0,0.0,0.0,0.0,0.0,-1.9221230203843038
9333.0,1.0,3.0,3.0,4.0,1.0,2969.0,0.6595,0.1465,0.062,0.0354,0.0013,0.001,0.0273,0.035,0.032,0.35899999999999993,0.3679,0.5406,0.6158,1081.0,11367.0,20517.0,9544.0,21630.0,1.0,35.0,5.0,0.0,0.0,1.0,1.0,1.0,1.0,0.0,1.0,-1.093703424530348
22577.0,3.0,4.0,1.0,1.0,2.0,133.0,0.8646849624060151,0.022525563909774435,0.06016466165413533,0.0,0.0075067669172932325,0.0,0.0,0.0,0.04508195488721805,0.0,0.6689932330827068,0.8064812030075188,,,,,12554.187969924813,15870.24060150376,0.0,1.0,1.0,1.0,0.0,0.0,0.0,0.0,0.0,0.0,0.0,-0.8802371733156572
3782.0,1.0,8.0,2.0,2.0,1.0,1411.0,0.7817,0.0128,0.0886,0.0191,0.0142,0.0014,0.0347,0.0,0.047499999999999994,0.39970000000000006,0.46759999999999996,0.2801,,,4281.0,4821.0,7865.0,13511.0,1.0,36.0,2.0,1.0,1.0,0.0,0.0,0.0,0.0,0.0,0.0,-1.354060415242757
3276.0,2.0,2.0,3.0,4.0,1.0,2012.0,0.7311,0.1536,0.0537,0.0189,0.0005,0.001,0.0194,0.0075,0.0144,0.4498,0.2285,0.5863,0.7594,962.0,32000.0,32000.0,30702.0,47048.0,1.0,45.0,6.0,0.0,1.0,1.0,0.0,1.0,1.0,1.0,1.0,-1.0309545043914523
2398.0,2.0,5.0,3.0,4.0,1.0,498.0,0.8454,0.1044,0.0201,0.008,0.002,0.0,0.004,0.0141,0.002,0.0743,0.5550999999999999,0.5691,0.5503,1030.0,10534.0,10534.0,9284.0,17198.0,1.0,18.0,2.0,0.0,0.0,1.0,0.0,1.0,0.0,0.0,0.0,-0.779742568732551
35554.0,3.0,5.0,1.0,1.0,1.0,160.0,0.3,0.6563,0.0313,0.0,0.0,0.0,0.0125,0.0,0.0,0.425,0.22080000000000002,0.22080000000000002,0.7206,,,,19391.0,21819.0,0.0,3.0,1.0,1.0,0.0,0.0,0.0,0.0,0.0,0.0,0.0,-1.1741753420283987
41866.0,3.0,3.0,1.0,1.0,1.0,97.0,0.8969,0.0412,0.0206,0.0,0.0,0.0,0.0206,0.0,0.0206,0.0,0.5,0.4841,,,,,14042.0,17601.0,0.0,1.0,1.0,1.0,0.0,0.0,0.0,0.0,0.0,0.0,0.0,-0.9510522725076453
31062.0,2.0,5.0,2.0,4.0,1.0,1551.0,0.6718000000000001,0.2186,0.04379999999999999,0.0348,0.0071,0.0019,0.0,0.0,0.021899999999999996,0.5087,0.3605,0.6416,0.7260000000000001,1010.0,11144.0,11144.0,18950.0,23323.0,1.0,12.0,4.0,1.0,1.0,1.0,0.0,1.0,0.0,0.0,0.0,-0.7641929689075917
7659.0,3.0,4.0,1.0,1.0,1.0,100.0,0.9,0.03,0.07,0.0,0.0,0.0,0.0,0.0,0.0,0.0,0.7121,0.9697,,,,,10496.0,14736.0,0.0,2.0,1.0,1.0,0.0,0.0,0.0,0.0,0.0,0.0,0.0,-1.3777442039670176
41670.0,3.0,8.0,1.0,1.0,1.0,277.0,0.4368,0.0361,0.3646,0.0108,0.0036,0.0,0.148,0.0,0.0,0.0,0.6699,0.7084,,,,,13434.0,16745.0,0.0,1.0,1.0,1.0,0.0,0.0,0.0,0.0,0.0,0.0,0.0,-0.5574135113604579
12393.0,2.0,2.0,3.0,4.0,1.0,705.0,0.7149,0.0879,0.0255,0.0993,0.0014,0.0,0.0,0.0099,0.061000000000000006,0.0823,0.2173,0.6273,,,,,,,,56.0,8.0,1.0,1.0,1.0,1.0,1.0,1.0,1.0,1.0,-1.658783434856158
3208.0,2.0,8.0,3.0,4.0,1.0,492.0,0.7927,0.0224,0.0894,0.0183,0.0325,0.0041,0.0285,0.0,0.0122,0.2012,0.531,0.8079,0.7191,987.0,26180.0,26180.0,17662.0,34496.0,1.0,31.0,4.0,0.0,1.0,1.0,0.0,1.0,0.0,0.0,1.0,-0.8249776593652572
1284.0,1.0,8.0,2.0,2.0,1.0,27443.0,0.2201,0.014500000000000002,0.5003,0.0829,0.0027,0.0031000000000000003,0.0143,0.0095,0.1526,0.8226,0.1254,0.0074,,,1142.0,5318.0,4092.0,10217.0,1.0,74.0,2.0,1.0,1.0,0.0,0.0,0.0,0.0,0.0,0.0,-1.8466459704201166
1564.0,2.0,5.0,3.0,4.0,1.0,7730.0,0.4072,0.0921,0.0712,0.2072,0.0018,0.0003,0.0298,0.1547,0.0357,0.0089,0.2132,0.3683,0.2682,1366.0,45008.0,45008.0,28901.0,59908.0,1.0,81.0,7.0,0.0,1.0,1.0,1.0,1.0,1.0,1.0,1.0,-1.479572589989167
9507.0,1.0,5.0,2.0,2.0,1.0,5159.0,0.6763,0.1791,0.0896,0.0132,0.0025,0.0012,0.0252,0.0083,0.0047,0.5016,0.502,0.3642,,,2595.0,8521.0,6241.0,10538.0,1.0,4.0,2.0,0.0,1.0,1.0,0.0,0.0,0.0,0.0,0.0,-1.2805634064876485
3068.0,1.0,3.0,2.0,2.0,1.0,9783.0,0.7333,0.10949999999999999,0.0862,0.0118,0.0044,0.0018000000000000002,0.029400000000000003,0.0106,0.013,0.6926,0.44960000000000006,0.22939999999999997,,,3077.0,7302.0,3129.0,7322.0,1.0,69.0,2.0,1.0,1.0,0.0,0.0,0.0,0.0,0.0,0.0,-1.0434384882867551
2643.0,1.0,2.0,2.0,2.0,1.0,11234.0,0.1921,0.2727,0.3408,0.0382,0.0041,0.0036,0.0081,0.0307,0.1098,0.5419,0.4447,0.1527,,,4200.0,8400.0,4473.0,9556.0,1.0,37.0,2.0,1.0,1.0,0.0,0.0,0.0,0.0,0.0,0.0,-1.0138814280994375
41474.0,3.0,3.0,1.0,1.0,1.0,133.0,0.5714,0.3383,0.0376,0.0,0.0075,0.0,0.030099999999999995,0.0,0.015,0.3609,0.6364,0.7273,,,,,19493.0,22671.0,0.0,1.0,1.0,1.0,0.0,0.0,0.0,0.0,0.0,0.0,0.0,-1.2782997206224085
12850.0,3.0,7.0,1.0,1.0,1.0,263.0,0.5057,0.2167,0.2053,0.0304,0.0266,0.0114,0.0038,0.0,0.0,0.4221,0.5314,0.5733,,,,,14518.0,17274.0,0.0,1.0,1.0,1.0,0.0,0.0,0.0,0.0,0.0,0.0,0.0,-1.2602465699138208
3385.0,2.0,2.0,3.0,3.0,1.0,1656.0,0.7506,0.064,0.0556,0.0531,0.0018,0.0,0.035,0.0236,0.0163,0.0012,0.2256,0.7017999999999999,0.8316,,46080.0,46080.0,28149.0,58610.0,1.0,37.0,1.0,0.0,0.0,1.0,0.0,0.0,0.0,0.0,0.0,-1.0044508315452267
1979.0,1.0,5.0,1.0,2.0,1.0,4504.0,0.847,0.0893,0.0255,0.0062,0.0033,0.0004,0.0184,0.0018000000000000002,0.008,0.4649,0.4107,0.24130000000000001,,,3624.0,12456.0,5372.0,10573.0,1.0,48.0,3.0,1.0,1.0,1.0,0.0,0.0,0.0,0.0,0.0,-1.3565611056475768
3242.0,2.0,2.0,3.0,4.0,1.0,5819.0,0.3538,0.0491,0.0761,0.2695,0.0009,0.00019999999999999998,0.0431,0.1576,0.0497,0.0211,0.1384,0.376,0.246,1436.0,49022.0,49022.0,31634.0,61990.0,1.0,107.0,5.0,0.0,0.0,1.0,1.0,1.0,1.0,0.0,1.0,-1.664117650252038
2153.0,2.0,1.0,3.0,4.0,1.0,1703.0,0.7539999999999999,0.0382,0.0664,0.0346,0.0018,0.005899999999999999,0.0323,0.0669,0.0,0.0194,0.2222,0.693,0.8837,1161.0,34390.0,34390.0,27869.0,44699.0,1.0,38.0,3.0,0.0,0.0,1.0,0.0,1.0,0.0,0.0,1.0,-0.6858635765422394
3787.0,1.0,8.0,2.0,3.0,2.0,3636.0,0.33742101210121006,0.11360055005500551,0.06627667766776676,0.11032596259625962,0.00825016501650165,0.003024092409240924,0.0762226622662266,0.2169698569856986,0.06790902090209021,0.32153080308030807,0.2570387238723873,0.05424246424642465,,,3887.8811881188117,8809.531353135313,4752.525852585259,12052.196919691969,1.0,34.0,3.0,1.0,1.0,1.0,0.0,0.0,0.0,0.0,0.0,-1.2834076349719705
1716.0,2.0,3.0,2.0,2.0,1.0,183.0,0.2295,0.6066,0.1311,0.0164,0.0,0.0,0.0164,0.0,0.0,0.49180000000000007,0.6605,0.8,,,12820.0,12820.0,15457.0,22908.0,1.0,6.0,1.0,0.0,1.0,0.0,0.0,0.0,0.0,0.0,0.0,-0.3180864269469432
36957.0,1.0,8.0,2.0,2.0,1.0,10634.0,0.3686,0.0178,0.4551,0.071,0.0021,0.0024,0.0402,0.0055,0.0374,0.7275,0.1334,0.0102,,,1142.0,5318.0,3129.0,9126.0,1.0,50.0,2.0,1.0,1.0,0.0,0.0,0.0,0.0,0.0,0.0,-2.171553708631549
2841.0,1.0,2.0,3.0,4.0,1.0,6951.0,0.7231999999999998,0.0945,0.0512,0.0154,0.002,0.0003,0.0232,0.0161,0.07410000000000001,0.0931,0.401,0.7013,0.4895,1056.0,7562.0,17212.0,14949.0,20224.0,1.0,65.0,3.0,0.0,0.0,1.0,0.0,1.0,0.0,0.0,1.0,-1.0023950309262868
21844.0,3.0,6.0,1.0,1.0,1.0,85.0,0.7882,0.1412,0.011799999999999998,0.0,0.058800000000000005,0.0,0.0,0.0,0.0,0.0,0.7029,0.6232,,,,,12629.0,17352.0,0.0,1.0,1.0,1.0,0.0,0.0,0.0,0.0,0.0,0.0,0.0,-1.2968877734043058
32673.0,3.0,4.0,3.0,4.0,1.0,8738.0,0.4405,0.2792,0.0679,0.0144,0.0042,0.0049,0.0225,0.0029,0.1634,0.8143,0.5505,0.8465,,,12816.0,12816.0,14557.0,17994.0,1.0,52.0,7.0,1.0,0.0,1.0,1.0,1.0,1.0,1.0,1.0,-1.0362449345844318
39104.0,3.0,8.0,1.0,1.0,1.0,198.0,0.0404,0.030300000000000004,0.8636,0.030300000000000004,0.0152,0.0152,0.0,0.0,0.0051,0.096,0.7142999999999999,0.5778,,,,,12564.0,17189.0,0.0,11.0,2.0,1.0,1.0,0.0,0.0,0.0,0.0,0.0,0.0,-0.648202575840427
2039.0,2.0,1.0,3.0,3.0,1.0,1847.0,0.601,0.0303,0.0612,0.0558,0.0016,0.0,0.0531,0.1061,0.091,0.0,0.1203,0.2407,0.2805,1333.0,47350.0,47350.0,23566.0,59110.0,1.0,37.0,1.0,0.0,0.0,1.0,0.0,0.0,0.0,0.0,0.0,-1.4354647690226785
6392.0,3.0,4.0,3.0,4.0,1.0,281.0,0.7189,0.0249,0.0498,0.0214,0.0,0.0,0.0036000000000000003,0.0,0.1815,0.0036000000000000003,0.1836,0.457,,,,,,,,2.0,4.0,0.0,1.0,1.0,0.0,1.0,0.0,0.0,1.0,-1.8192554488582509
3899.0,1.0,3.0,3.0,4.0,1.0,5674.0,0.8639000000000001,0.0148,0.0374,0.028000000000000004,0.0123,0.0011,0.0252,0.0148,0.0025,0.2603,0.3122,0.551,0.8735,1050.0,7758.0,15331.0,14042.0,17072.0,1.0,42.0,4.0,0.0,1.0,1.0,1.0,1.0,0.0,0.0,0.0,-1.0435756286749578
10629.0,3.0,2.0,1.0,1.0,1.0,171.0,0.6667,0.1111,0.1813,0.0058,0.0,0.0058,0.0292,0.0,0.0,0.2515,0.4467,0.6066,,,,,15888.0,19914.0,0.0,1.0,1.0,1.0,0.0,0.0,0.0,0.0,0.0,0.0,0.0,-1.2514764829400538
1132.0,2.0,8.0,3.0,4.0,1.0,946.0,0.3975,0.0698,0.1353,0.129,0.0042,0.0085,0.0751,0.0951,0.0856,0.0095,0.3226,0.598,0.2442,,42260.0,42260.0,44478.0,57704.0,1.0,11.0,5.0,1.0,0.0,1.0,0.0,1.0,1.0,0.0,1.0,-0.49951388661967644
30198.0,3.0,6.0,1.0,1.0,1.0,495.0,0.1273,0.2121,0.6162,0.0263,0.002,0.0,0.004,0.002,0.0101,0.0,0.8204,0.8227,,,,,16110.0,21133.0,0.0,4.0,1.0,1.0,0.0,0.0,0.0,0.0,0.0,0.0,0.0,-1.4568890377052663
3608.0,1.0,6.0,2.0,2.0,1.0,8272.0,0.245,0.1144,0.5554,0.0285,0.0035,0.0022,0.0318,0.0053,0.0139,0.8189,0.2715,0.0667,,,2088.0,10740.0,6067.0,11936.0,1.0,65.0,2.0,1.0,1.0,0.0,0.0,0.0,0.0,0.0,0.0,-1.3921717919769585
5525.0,1.0,1.0,2.0,2.0,1.0,5554.0,0.8221,0.058499999999999996,0.0293,0.0218,0.0074,0.0014,0.0207,0.0054,0.0333,0.4969,0.43759999999999993,0.4147,,,3755.0,6455.0,11289.0,15080.0,1.0,37.0,2.0,1.0,1.0,0.0,0.0,0.0,0.0,0.0,0.0,-1.3944163555180444
6324.0,2.0,1.0,2.0,3.0,1.0,756.0,0.5767,0.2791,0.0595,0.0278,0.0013,0.0013,0.0079,0.0,0.0463,0.8836,0.4026,0.8095,0.9048,,33507.0,33507.0,29243.0,36033.0,1.0,4.0,5.0,1.0,1.0,1.0,1.0,0.0,0.0,0.0,1.0,-0.901528844023765
3143.0,2.0,3.0,3.0,4.0,1.0,1896.0,0.8096,0.067,0.0327,0.0105,0.0016,0.0005,0.0496,0.0195,0.009,0.031099999999999996,0.2433,0.7647,0.9138,,38030.0,38030.0,23944.0,50115.0,1.0,39.0,2.0,0.0,0.0,1.0,0.0,1.0,0.0,0.0,0.0,-0.7105322182684931
22729.0,1.0,2.0,1.0,1.0,1.0,96.0,0.125,0.5729,0.1563,0.0521,0.0104,0.0,0.0,0.0,0.0833,0.46880000000000005,0.5288,0.8173,0.96,,,,18878.0,21796.0,0.0,1.0,1.0,1.0,0.0,0.0,0.0,0.0,0.0,0.0,0.0,-2.059238251671327
40403.0,3.0,5.0,1.0,1.0,1.0,166.0,0.5663,0.4217,0.006,0.0,0.0,0.0,0.006,0.0,0.0,0.0,0.6895,0.6859,,,,,16849.0,20129.0,0.0,6.0,1.0,1.0,0.0,0.0,0.0,0.0,0.0,0.0,0.0,-0.9838088943488214
3039.0,2.0,3.0,3.0,4.0,1.0,1193.0,0.6798,0.0863,0.0453,0.0344,0.0017,0.0008,0.0469,0.0687,0.036,0.036,0.3813,0.6803,0.8863999999999999,1044.0,30390.0,30390.0,31901.0,41140.0,1.0,5.0,2.0,0.0,0.0,1.0,0.0,1.0,0.0,0.0,0.0,-0.40950631414027233
41821.0,3.0,3.0,1.0,1.0,1.0,78.0,0.4744,0.4103,0.11540000000000002,0.0,0.0,0.0,0.0,0.0,0.0,0.0,0.6929,0.6929,,,,,17533.0,21576.0,0.0,1.0,1.0,1.0,0.0,0.0,0.0,0.0,0.0,0.0,0.0,-0.9663040235740535
21571.0,3.0,5.0,1.0,2.0,1.0,1310.0,0.3031,0.6084,0.0275,0.0076,0.0038,0.0046,0.0359,0.0,0.0092,0.0,0.5215,0.5582,1.0,,,,17338.0,22505.0,0.0,7.0,2.0,1.0,1.0,0.0,0.0,0.0,0.0,0.0,0.0,-1.2018336759160195
3709.0,2.0,5.0,3.0,4.0,1.0,997.0,0.7623,0.1023,0.0201,0.004,0.007,0.001,0.0251,0.012,0.0662,0.005,0.36,0.7105,0.7172,995.0,30326.0,30326.0,17092.0,41251.0,1.0,41.0,3.0,0.0,0.0,1.0,0.0,1.0,0.0,1.0,0.0,-0.587520793316528
1216.0,2.0,8.0,3.0,4.0,1.0,5137.0,0.2389,0.065,0.48119999999999996,0.05260000000000001,0.0037,0.0047,0.0319,0.026300000000000004,0.0958,0.2953,0.45480000000000004,0.6662,0.4656,1014.0,36744.0,36744.0,22696.0,47935.0,1.0,61.0,8.0,1.0,1.0,1.0,1.0,1.0,1.0,1.0,1.0,-1.0244999520749674
30669.0,3.0,7.0,2.0,2.0,1.0,617.0,0.5932,0.0194,0.3436,0.0081,0.0146,0.0016,0.0,0.0,0.0194,0.0,0.6863,0.5983,,,,,13429.0,17958.0,0.0,9.0,2.0,1.0,1.0,0.0,0.0,0.0,0.0,0.0,0.0,-1.0746166504559813
3646.0,1.0,6.0,3.0,4.0,1.0,9327.0,0.4054,0.2063,0.248,0.0809,0.0048,0.0013,0.0353,0.0116,0.0064,0.2717,0.4532999999999999,0.5573,0.8531,953.0,7836.0,18696.0,8855.0,16846.0,1.0,55.0,5.0,0.0,0.0,1.0,0.0,1.0,1.0,1.0,1.0,-1.0791717562822096
1555.0,2.0,5.0,3.0,4.0,1.0,800.0,0.46630000000000005,0.2513,0.0425,0.015,0.0013,0.0038,0.0,0.04130000000000001,0.1788,0.385,0.4526,0.6433,0.6027,,15750.0,15750.0,15698.0,25034.0,1.0,21.0,6.0,0.0,1.0,1.0,1.0,1.0,0.0,1.0,1.0,-0.8524199752782019
3735.0,1.0,5.0,3.0,4.0,1.0,22280.0,0.5095,0.1796,0.0788,0.1257,0.0029,0.002,0.0513,0.0325,0.0177,0.11640000000000002,0.2856,0.5099,0.7535,1105.0,12398.0,30459.0,20723.0,27494.0,1.0,99.0,7.0,1.0,0.0,1.0,1.0,1.0,1.0,1.0,1.0,-0.9945945403452291
12293.0,1.0,2.0,1.0,1.0,1.0,201.0,0.0697,0.7463,0.0896,0.010000000000000002,0.0,0.0,0.0,0.0,0.0846,0.0,0.7457,0.8382,,,14000.0,14000.0,12846.0,16470.0,1.0,1.0,1.0,1.0,0.0,0.0,0.0,0.0,0.0,0.0,0.0,-1.8788220144992092
2955.0,2.0,5.0,3.0,4.0,1.0,951.0,0.551,0.1725,0.0368,0.0084,0.0021,0.0011,0.0147,0.0589,0.1546,0.1136,0.4385,0.755,0.4723,948.0,25855.0,25855.0,16691.0,35538.0,1.0,37.0,4.0,1.0,0.0,1.0,0.0,1.0,0.0,0.0,1.0,-0.6784387681652287
1355.0,1.0,7.0,2.0,2.0,1.0,476.0,0.6071,0.0756,0.2248,0.0021,0.0147,0.0,0.0294,0.0273,0.0189,0.2794,0.3337,0.2387,,,3357.0,5722.0,10716.0,16043.0,1.0,19.0,2.0,1.0,1.0,0.0,0.0,0.0,0.0,0.0,0.0,-1.487276735259064
3218.0,1.0,8.0,2.0,2.0,1.0,9563.0,0.5689,0.0131,0.2189,0.0159,0.0187,0.0081,0.0362,0.0022,0.11820000000000001,0.4766,0.4584,0.3807,,,4230.0,11520.0,8026.0,11711.0,1.0,44.0,2.0,1.0,1.0,0.0,0.0,0.0,0.0,0.0,0.0,-1.1616288285951837
4595.0,1.0,4.0,2.0,2.0,1.0,3903.0,0.8273,0.1015,0.0338,0.0085,0.0031,0.0008,0.02,0.0051,0.0,0.3264,0.3478,0.482,,,4228.0,4928.0,11222.0,14117.0,1.0,39.0,2.0,1.0,1.0,0.0,0.0,0.0,0.0,0.0,0.0,-1.2727756577606006
3454.0,1.0,5.0,2.0,2.0,1.0,723.0,0.4302,0.4703,0.029,0.0083,0.0,0.0,0.029,0.0152,0.018,0.2559,0.5279,0.5485,0.5339,802.0,6686.0,16130.0,12021.0,18291.0,1.0,2.0,2.0,0.0,1.0,1.0,0.0,0.0,0.0,0.0,0.0,-1.0476379226838366
3368.0,2.0,2.0,3.0,4.0,1.0,1564.0,0.8446,0.0524,0.0377,0.016,0.0026,0.0006,0.0064,0.0096,0.0301,0.0121,0.2663,0.745,0.7192,1034.0,31370.0,31370.0,19956.0,42120.0,1.0,48.0,5.0,1.0,0.0,1.0,0.0,1.0,1.0,1.0,0.0,-0.7982076512087696
6750.0,1.0,5.0,2.0,3.0,1.0,37634.0,0.3164,0.1856,0.3452,0.0439,0.0034999999999999996,0.0045,0.025,0.0221,0.0538,0.5894,0.4386999999999999,0.2322,,,2474.0,9383.0,6197.0,11021.0,1.0,39.0,3.0,1.0,1.0,1.0,0.0,0.0,0.0,0.0,0.0,-1.4736058722762244
35163.0,2.0,6.0,3.0,4.0,1.0,473.0,0.6152,0.1099,0.1332,0.0423,0.0042,0.0042,0.0825,0.0,0.0085,0.5729,0.4113,0.5,1.0,1016.0,12390.0,12390.0,19167.0,22740.0,1.0,7.0,7.0,1.0,1.0,1.0,1.0,1.0,1.0,0.0,1.0,-0.4291575217804447
41317.0,3.0,6.0,2.0,2.0,1.0,986.0,0.0345,0.0284,0.932,0.003,0.0,0.0,0.0,0.0,0.002,0.0,0.8326,0.8457,,,14300.0,14300.0,17633.0,22344.0,1.0,11.0,3.0,1.0,1.0,1.0,0.0,0.0,0.0,0.0,0.0,-0.393662395989013
5601.0,1.0,5.0,1.0,2.0,1.0,3424.0,0.177,0.7994,0.0117,0.0023,0.0009,0.0006,0.0073,0.0,0.0009,0.4644,0.7935,0.679,,,4746.0,8751.0,1826.0,8478.0,1.0,50.0,2.0,1.0,1.0,0.0,0.0,0.0,0.0,0.0,0.0,-0.9004062966106521
22425.0,2.0,8.0,3.0,4.0,1.0,227.0,0.7269,0.0396,0.0352,0.0837,0.0,0.0,0.0396,0.0396,0.0352,0.0925,0.3784,0.5985,,,,,,,,14.0,7.0,1.0,0.0,1.0,1.0,1.0,1.0,1.0,1.0,-1.2733216955164046
1171.0,2.0,8.0,3.0,3.0,1.0,802.0,0.43889999999999996,0.0162,0.09979999999999999,0.20819999999999997,0.005,0.0,0.06230000000000001,0.1247,0.044899999999999995,0.0025,0.1388,0.4027,0.1425,1500.0,48594.0,48594.0,26865.0,63860.0,1.0,30.0,1.0,0.0,0.0,1.0,0.0,0.0,0.0,0.0,0.0,-1.7133437705905332
25039.0,1.0,2.0,2.0,2.0,1.0,1740.0,0.6489,0.0598,0.08789999999999999,0.0305,0.0052,0.0,0.0,0.0,0.16779999999999998,0.5557,0.3079,0.1023,,,4260.0,5160.0,8288.0,12297.0,1.0,24.0,2.0,1.0,1.0,0.0,0.0,0.0,0.0,0.0,0.0,-1.5394998939756044
41485.0,3.0,5.0,1.0,1.0,1.0,66.0,0.1667,0.4091,0.4242,0.0,0.0,0.0,0.0,0.0,0.0,0.0,1.0,1.0,,,,,19216.0,21706.0,0.0,3.0,1.0,1.0,0.0,0.0,0.0,0.0,0.0,0.0,0.0,-1.3918500388841963
6225.0,2.0,3.0,2.0,3.0,1.0,203.0,0.8867,0.0197,0.0246,0.0099,0.0,0.0049,0.0394,0.0,0.0148,0.3398999999999999,0.3462,0.6325,0.5714,,27067.0,27067.0,,,,3.0,3.0,0.0,1.0,1.0,0.0,1.0,0.0,0.0,0.0,-0.8951181666413541
1227.0,1.0,8.0,1.0,2.0,1.0,12769.0,0.0637,0.2133,0.6047,0.04719999999999999,0.0027,0.0023,0.020199999999999996,0.0058,0.0402,0.709,0.372,0.049,,,1220.0,6810.0,5343.0,11479.0,1.0,43.0,2.0,1.0,1.0,0.0,0.0,0.0,0.0,0.0,0.0,-1.210607886261914
1365.0,1.0,7.0,3.0,4.0,1.0,4227.0,0.4987,0.0785,0.3196,0.0135,0.0064,0.0014,0.0388,0.0189,0.0241,0.1483,0.4085,0.5706,0.9278,971.0,7834.0,18775.0,12973.0,17795.0,1.0,32.0,2.0,0.0,0.0,1.0,0.0,1.0,0.0,0.0,0.0,-0.9494645769751572
2913.0,2.0,5.0,3.0,4.0,1.0,4228.0,0.5681,0.1838,0.0684,0.0206,0.0061,0.0014,0.0232,0.018,0.1105,0.185,0.3751,0.7505,0.6806,1025.0,27530.0,27530.0,25051.0,42061.0,1.0,68.0,7.0,1.0,1.0,1.0,0.0,1.0,1.0,1.0,1.0,-0.8917429976772911
13095.0,3.0,8.0,1.0,1.0,3.0,266.0,0.297012030075188,0.09023684210526316,0.5338315789473684,0.026287969924812027,0.007492481203007519,0.01126390977443609,0.007511278195488722,0.007492481203007519,0.018785714285714284,0.0,0.8200661654135338,0.7558819548872181,,,,,11703.255639097744,15974.338345864662,0.0,1.0,1.0,1.0,0.0,0.0,0.0,0.0,0.0,0.0,0.0,-1.1387150612551031
3828.0,1.0,5.0,2.0,3.0,1.0,2574.0,0.9316,0.0167,0.0038999999999999994,0.0051,0.0004,0.0008,0.0295,0.0,0.012,0.3504,0.49119999999999997,0.2863,,,2928.0,10416.0,8029.0,11418.0,1.0,36.0,3.0,1.0,1.0,1.0,0.0,0.0,0.0,0.0,0.0,-1.0289088568033713
2370.0,1.0,4.0,2.0,2.0,1.0,6327.0,0.4814,0.2352,0.0517,0.1378,0.0066,0.0014,0.0555,0.0111,0.0193,0.7193,0.4545,0.452,,,4358.0,4358.0,16328.0,19626.0,1.0,42.0,2.0,1.0,1.0,0.0,0.0,0.0,0.0,0.0,0.0,-1.2433629946425753
11484.0,3.0,3.0,1.0,1.0,3.0,270.0,0.7925981481481482,0.07778037037037036,0.04816,0.029640000000000003,0.007415185185185185,0.0,0.03332555555555555,0.0,0.011111111111111112,0.0,0.47605407407407413,0.5632029629629629,,,,,11095.685185185184,14343.462962962964,0.0,1.0,1.0,1.0,0.0,0.0,0.0,0.0,0.0,0.0,0.0,-1.6321682925392444
35493.0,3.0,5.0,1.0,2.0,2.0,12848.0,0.20806478829389788,0.20918172478206726,0.05363440224159403,0.003857378580323786,0.004986052303860522,0.0017136986301369865,0.011942901618929016,0.00019483188044831882,0.5065190535491906,0.3747351805728518,0.7742221046077211,0.35759800747198,,,,,22316.165317559153,26176.888854296387,0.0,9.0,2.0,1.0,1.0,0.0,0.0,0.0,0.0,0.0,0.0,-0.6831948148407037
3211.0,1.0,8.0,3.0,4.0,1.0,3457.0,0.7336,0.0142,0.0822,0.0584,0.013,0.0069,0.0509,0.0095,0.031199999999999995,0.3396,0.3257,0.4464,0.5984000000000002,1044.0,8445.0,23670.0,15339.0,20395.0,1.0,30.0,5.0,1.0,1.0,1.0,0.0,1.0,0.0,0.0,1.0,-1.1669353062233727
7948.0,2.0,2.0,3.0,4.0,1.0,8671.0,0.5123,0.2437,0.0318,0.0175,0.0135,0.0029,0.0032,0.0299,0.1452,0.5981,0.332,0.4819,,,10190.0,10190.0,15015.0,17043.0,1.0,52.0,6.0,1.0,1.0,1.0,1.0,1.0,1.0,0.0,0.0,-0.9903587032278556
3775.0,1.0,8.0,3.0,4.0,1.0,12402.0,0.6372,0.0328,0.1366,0.0293,0.0121,0.003,0.045399999999999996,0.0292,0.0744,0.18880000000000002,0.3829,0.5201,0.7439,958.0,7972.0,21066.0,12619.0,20365.0,1.0,70.0,6.0,1.0,0.0,1.0,0.0,1.0,1.0,1.0,1.0,-1.0882511041953815
8178.0,3.0,2.0,1.0,1.0,11.0,1619.0,0.3545499073502162,0.4354429277331686,0.11303168622606545,0.014820691785052503,0.0037118591723285985,0.0018562693020382952,0.023461642989499692,0.0,0.05311377393452748,0.1927232242124768,0.6887978381717109,0.6464615194564546,,,,,13918.670784434837,18170.777022853614,0.0,1.0,2.0,1.0,1.0,0.0,0.0,0.0,0.0,0.0,0.0,-0.7408787819977901
40373.0,3.0,8.0,2.0,3.0,1.0,2284.0,0.155,0.24519999999999997,0.22639999999999996,0.0368,0.0044,0.0004,0.1331,0.0372,0.1616,0.0,0.6275,0.6984,,,,,30139.0,31186.0,0.0,6.0,2.0,0.0,1.0,1.0,0.0,0.0,0.0,0.0,0.0,-0.22534311070689228
36263.0,3.0,3.0,1.0,1.0,2.0,283.0,0.6855339222614841,0.13779328621908127,0.07775371024734982,0.0035512367491166074,0.0,0.0035512367491166074,0.04946219081272085,0.0,0.0424017667844523,0.07065653710247351,0.3756081272084806,0.4513586572438163,,,,,14089.36042402827,17472.749116607774,0.0,1.0,1.0,1.0,0.0,0.0,0.0,0.0,0.0,0.0,0.0,-1.3288768862129428
1939.0,2.0,4.0,3.0,4.0,1.0,1182.0,0.6641,0.0499,0.1396,0.0415,0.0118,0.0008,0.027099999999999996,0.0609,0.0042,0.1303,0.1771,0.2723,0.5281,1076.0,24800.0,24800.0,13747.0,31874.0,1.0,37.0,4.0,1.0,1.0,1.0,0.0,1.0,0.0,0.0,0.0,-0.9730772995900013
7289.0,1.0,7.0,2.0,2.0,1.0,1099.0,0.7097,0.0136,0.0846,0.0055,0.1301,0.0018,0.03,0.0073,0.0173,0.4377,0.17,0.0967,,,2712.0,6696.0,3338.0,9591.0,1.0,62.0,2.0,1.0,1.0,0.0,0.0,0.0,0.0,0.0,0.0,-1.4145366650562783
1931.0,2.0,4.0,3.0,3.0,1.0,289.0,0.7855,0.0277,0.0277,0.0,0.0138,0.0,0.0104,0.0242,0.1107,0.2145,0.3242,0.6667,0.5909,1030.0,13642.0,13642.0,18967.0,26300.0,1.0,4.0,3.0,1.0,1.0,1.0,0.0,0.0,0.0,0.0,0.0,-0.7005424484461021
1008.0,1.0,5.0,3.0,3.0,1.0,2991.0,0.7823,0.11999999999999998,0.0191,0.0053,0.0157,0.001,0.0174,0.0057,0.0334,0.5517,0.4088,0.6296,,,,,,,,27.0,1.0,0.0,0.0,1.0,0.0,0.0,0.0,0.0,0.0,-1.024267068757717
2873.0,1.0,2.0,2.0,2.0,1.0,20218.0,0.4094999999999999,0.22960000000000003,0.23870000000000002,0.0623,0.0027,0.0039000000000000003,0.00010000000000000002,0.0095,0.0437,0.3582,0.3766,0.1432,,,4739.0,8973.0,8070.0,12766.0,1.0,58.0,2.0,1.0,1.0,0.0,0.0,0.0,0.0,0.0,0.0,-1.524979118985208
2628.0,2.0,2.0,3.0,4.0,1.0,4188.0,0.6445,0.1072,0.1137,0.0447,0.0012,0.0019,0.0258,0.0289,0.0322,0.0996,0.2577,0.6351,0.7091,1026.0,36830.0,36830.0,28226.0,50389.0,1.0,58.0,6.0,1.0,1.0,1.0,0.0,1.0,0.0,1.0,1.0,-0.8673995293054528
4759.0,1.0,2.0,3.0,4.0,1.0,7245.0,0.0663,0.4023,0.2393,0.2208,0.0095,0.0099,0.0095,0.0422,0.0,0.30029999999999996,0.5279,0.1028,0.3713,900.0,6396.0,13206.0,5630.0,14329.0,1.0,41.0,3.0,1.0,0.0,1.0,0.0,1.0,0.0,0.0,0.0,-1.6441906169279439
1459.0,3.0,5.0,3.0,4.0,80.0,25061.0,0.24890752962770837,0.5723713618770201,0.08238282191452855,0.017109057898727104,0.005062619209129724,0.0022321415745580778,0.027022612824707713,0.006033390527113842,0.03887048800925741,0.8520320697498105,0.4729304098000878,0.5616543793144726,,,12975.0,12975.0,29438.540435139574,32064.0,1.0,15.0,5.0,1.0,1.0,1.0,0.0,1.0,0.0,0.0,1.0,0.013108361101164694
2369.0,2.0,4.0,3.0,3.0,1.0,1029.0,0.7959,0.0379,0.0612,0.0224,0.0019,0.001,0.0398,0.0165,0.0233,0.0603,0.3736,0.6802,0.912,1062.0,20776.0,20776.0,19729.0,30203.0,1.0,32.0,4.0,1.0,1.0,1.0,0.0,1.0,0.0,0.0,0.0,-0.6639314229201485
2301.0,1.0,3.0,3.0,4.0,1.0,7718.0,0.8601,0.0253,0.0294,0.0054,0.0216,0.0013,0.0233,0.0098,0.0237,0.0948,0.3882,0.6381,0.7208999999999999,1010.0,9324.0,14556.0,12039.0,18865.0,1.0,94.0,6.0,1.0,1.0,1.0,0.0,1.0,1.0,0.0,1.0,-0.7855787089251137
41698.0,3.0,8.0,1.0,1.0,1.0,873.0,0.236,0.1203,0.24050000000000002,0.2806,0.005699999999999999,0.0367,0.0745,0.0,0.005699999999999999,0.063,0.5016,0.5375,,,,,23867.0,27504.0,0.0,7.0,3.0,1.0,1.0,1.0,0.0,0.0,0.0,0.0,0.0,-1.3506728683711224
2106.0,1.0,2.0,3.0,4.0,1.0,3441.0,0.1017,0.7367,0.0212,0.0096,0.0015,0.0003,0.0947,0.0247,0.0096,0.0724,0.5353,0.5514,0.6127,842.0,7287.0,16311.0,14249.0,21472.0,1.0,41.0,5.0,1.0,0.0,1.0,0.0,1.0,1.0,1.0,0.0,-0.5690316368303526
7253.0,3.0,8.0,1.0,1.0,1.0,283.0,0.4417,0.0707,0.3675,0.0565,0.0141,0.0071,0.0389,0.0,0.0035,0.2721,0.6235,0.6612,,,,,16219.0,19374.0,0.0,1.0,1.0,1.0,0.0,0.0,0.0,0.0,0.0,0.0,0.0,-1.55061176713064
5752.0,1.0,8.0,1.0,2.0,1.0,1792.0,0.5619,0.1713,0.0681,0.0686,0.0089,0.0173,0.0586,0.0117,0.0335,0.1551,0.3522,0.271,,,5617.0,12960.0,5252.0,11948.0,1.0,37.0,3.0,1.0,1.0,1.0,0.0,0.0,0.0,0.0,0.0,-1.238388589678911
2227.0,2.0,1.0,3.0,3.0,1.0,1575.0,0.6851,0.05709999999999999,0.0724,0.0425,0.0006,0.0006,0.031100000000000003,0.0978,0.012699999999999998,0.0025,0.21160000000000004,0.633,0.6963,,46423.0,46423.0,31173.0,58422.0,1.0,38.0,1.0,0.0,0.0,1.0,0.0,0.0,0.0,0.0,0.0,-0.9573588499496768
7717.0,3.0,4.0,1.0,1.0,1.0,154.0,0.8052,0.0455,0.1234,0.0,0.0065,0.0,0.013,0.0065,0.0,0.0,0.6346,0.6038,,,,,12574.0,15661.0,0.0,2.0,1.0,1.0,0.0,0.0,0.0,0.0,0.0,0.0,0.0,-1.265166923390749
7678.0,3.0,6.0,1.0,3.0,1.0,849.0,0.5324,0.0883,0.1873,0.0389,0.033,0.0,0.0978,0.0118,0.0106,0.0,0.8592,0.9547,0.7687,,16395.0,16395.0,22188.0,26976.0,1.0,5.0,3.0,1.0,1.0,1.0,0.0,0.0,0.0,0.0,0.0,-1.0925041194883676
3678.0,1.0,7.0,3.0,4.0,1.0,5514.0,0.7909,0.0152,0.0506,0.0082,0.0132,0.012000000000000002,0.0091,0.053000000000000005,0.04789999999999999,0.1016,0.3943,0.3447,0.6103,1063.0,6138.0,18596.0,12951.0,18315.0,1.0,60.0,4.0,1.0,1.0,1.0,0.0,1.0,0.0,0.0,0.0,-1.3921969067725046
1275.0,1.0,8.0,2.0,2.0,1.0,20838.0,0.3316,0.0664,0.3366,0.1578,0.0036000000000000003,0.0067,0.060500000000000005,0.0186,0.0183,0.7234,0.1915,0.0223,,,1142.0,5774.0,6265.0,12446.0,1.0,81.0,2.0,1.0,1.0,0.0,0.0,0.0,0.0,0.0,0.0,-2.2564580462440973
30088.0,2.0,5.0,1.0,1.0,1.0,58.0,0.8966000000000001,0.0517,0.0517,0.0,0.0,0.0,0.0,0.0,0.0,0.0,0.6606,0.6881,,,,,10252.0,13602.0,0.0,1.0,1.0,1.0,0.0,0.0,0.0,0.0,0.0,0.0,0.0,-1.1958371116202846
6165.0,1.0,8.0,2.0,2.0,1.0,204.0,0.22060000000000002,0.049,0.3873,0.3333,0.0049,0.0,0.0049,0.0,0.0,1.0,0.5189,0.3622,,,,,,,,1.0,2.0,1.0,1.0,0.0,0.0,0.0,0.0,0.0,0.0,-2.496401730967875
2616.0,2.0,2.0,3.0,4.0,1.0,4584.0,0.7627,0.0476,0.1017,0.0279,0.0011,0.0004,0.0231,0.0076,0.0279,0.0478,0.2616,0.6531,0.7419,1055.0,32310.0,32310.0,26235.0,44041.0,1.0,51.0,7.0,1.0,1.0,1.0,0.0,1.0,1.0,1.0,1.0,-0.9235384774711778
2835.0,1.0,2.0,3.0,4.0,1.0,12659.0,0.5126,0.151,0.1409,0.0822,0.0018000000000000002,0.0014,0.0269,0.0571,0.0261,0.0446,0.3904,0.5944,0.5584,1098.0,8302.0,19942.0,16144.0,21968.0,1.0,83.0,4.0,0.0,0.0,1.0,0.0,1.0,1.0,0.0,1.0,-1.2487843683811877
2302.0,1.0,3.0,2.0,3.0,1.0,3938.0,0.8514,0.0122,0.0267,0.0074,0.0198,0.0013,0.023599999999999996,0.0102,0.0475,0.5561,0.4007,0.3685,,,3017.0,6994.0,8295.0,13009.0,1.0,53.0,3.0,1.0,1.0,1.0,0.0,0.0,0.0,0.0,0.0,-1.1162426236042455
12105.0,1.0,5.0,2.0,2.0,1.0,2269.0,0.7871,0.1194,0.05910000000000001,0.0132,0.0097,0.0,0.0,0.0,0.0115,0.3808,0.6389,0.4085,,,3140.0,4540.0,8575.0,13433.0,1.0,33.0,2.0,1.0,1.0,0.0,0.0,0.0,0.0,0.0,0.0,-1.1281402690446207
26021.0,3.0,8.0,3.0,3.0,1.0,94.0,0.5851,0.021299999999999996,0.0957,0.021299999999999996,0.04259999999999999,0.021299999999999996,0.0851,0.0106,0.117,0.1489,0.5532,0.8404,0.7662,,19100.0,19100.0,27661.0,31262.0,1.0,1.0,1.0,0.0,0.0,1.0,0.0,0.0,0.0,0.0,0.0,-0.01346984850397739
25171.0,3.0,5.0,1.0,1.0,1.0,95.0,0.7474,0.0737,0.0947,0.0421,0.0,0.0,0.0105,0.0105,0.0211,0.0,0.6755,0.8874,,,,,21965.0,25449.0,0.0,1.0,1.0,1.0,0.0,0.0,0.0,0.0,0.0,0.0,0.0,-1.3401803123005314
5208.0,3.0,2.0,2.0,3.0,1.0,1008.0,0.1409,0.371,0.4187,0.0218,0.005,0.0,0.0149,0.0,0.0278,0.1151,0.6984,0.8237,0.7935,,21015.0,21015.0,17022.0,28621.0,1.0,8.0,3.0,1.0,1.0,1.0,0.0,0.0,0.0,0.0,0.0,-0.44816171186209136
3637.0,2.0,6.0,3.0,3.0,1.0,716.0,0.0363,0.8379999999999999,0.1061,0.0,0.0042,0.0042,0.0,0.0014,0.0098,0.0209,0.8972000000000001,0.9383,,,11369.0,11369.0,16990.0,23295.0,1.0,21.0,2.0,0.0,1.0,1.0,0.0,0.0,0.0,0.0,0.0,-0.20042824183022032
30830.0,1.0,4.0,2.0,2.0,1.0,12373.0,0.8583,0.0306,0.0386,0.0165,0.0078,0.0011,0.0279,0.0001,0.0192,0.4828,0.556,0.386,,,2784.0,5064.0,7096.0,11454.0,1.0,42.0,2.0,1.0,1.0,0.0,0.0,0.0,0.0,0.0,0.0,-1.2491896047078235
3539.0,1.0,6.0,2.0,2.0,1.0,4682.0,0.5126,0.1034,0.3093,0.05,0.0064,0.0038,0.0002,0.0,0.0143,0.7123,0.1549,0.0625,,,1510.0,3670.0,6499.0,10268.0,1.0,31.0,2.0,1.0,1.0,0.0,0.0,0.0,0.0,0.0,0.0,-2.315163321981014
41473.0,3.0,3.0,1.0,1.0,2.0,227.0,0.41410352422907487,0.21146299559471365,0.25113083700440525,0.05728766519823788,0.00876828193832599,0.004377092511013215,0.052830396475770924,0.0,0.0,0.37004185022026426,0.5835471365638767,0.6807281938325992,,,,,15605.30396475771,19233.444933920706,0.0,1.0,1.0,1.0,0.0,0.0,0.0,0.0,0.0,0.0,0.0,-1.3191522071308959
30891.0,3.0,5.0,1.0,1.0,1.0,328.0,0.4817,0.375,0.11279999999999998,0.0305,0.0,0.0,0.0,0.0,0.0,0.7287,0.8952000000000001,0.9235999999999999,,,,,13720.0,16558.0,0.0,1.0,2.0,1.0,0.0,0.0,1.0,0.0,0.0,0.0,0.0,-0.6424746461799135
6565.0,2.0,2.0,1.0,1.0,1.0,345.0,0.8319,0.058,0.058,0.0029,0.0058,0.0,0.0116,0.0,0.0319,0.5507,0.4223,0.7357,0.24559999999999998,930.0,16560.0,16560.0,19646.0,23649.0,1.0,2.0,1.0,1.0,0.0,0.0,0.0,0.0,0.0,0.0,0.0,-1.2727339036840766
6788.0,1.0,2.0,2.0,2.0,1.0,2859.0,0.6492,0.1326,0.1091,0.015,0.0028,0.0,0.0416,0.0164,0.0332,0.2151,0.3239,0.3093,,,5491.0,10291.0,9595.0,15450.0,1.0,38.0,2.0,1.0,1.0,0.0,0.0,0.0,0.0,0.0,0.0,-0.9495597025602834
23417.0,3.0,5.0,1.0,1.0,4.0,344.0,0.6628,0.0494,0.2616,0.0116,0.0116,0.0,0.0029,0.0,0.0,0.42729999999999996,0.3866,0.4251,,,,,14054.0,17987.0,0.0,1.0,1.0,1.0,0.0,0.0,0.0,0.0,0.0,0.0,0.0,-1.2203501366604743
3706.0,1.0,5.0,3.0,4.0,1.0,5084.0,0.7531,0.0806,0.0494,0.0246,0.0028,0.001,0.0488,0.0022,0.0376,0.0187,0.1631,0.5033,0.5588,1152.0,11646.0,21974.0,21532.0,25559.0,1.0,24.0,2.0,0.0,0.0,1.0,0.0,1.0,0.0,0.0,0.0,-0.8839162894354528
22443.0,3.0,5.0,1.0,1.0,2.0,141.0,0.15602836879432624,0.8439716312056738,0.0,0.0,0.0,0.0,0.0,0.0,0.0,0.20566808510638296,0.8024921985815603,0.042804255319148936,,,,,7419.624113475177,11776.106382978724,0.0,1.0,1.0,1.0,0.0,0.0,0.0,0.0,0.0,0.0,0.0,-1.1890072657965307
4057.0,3.0,4.0,3.0,3.0,33.0,9741.0,0.486815891592239,0.3038645005646237,0.07832472025459399,0.01826385381377682,0.026995154501591217,0.0043053074632994565,0.07463070526639975,0.00030922903192690687,0.006466789857304179,0.8931282825171952,0.754399640693974,0.8286252643465762,,,13043.076378195257,13043.076378195257,15704.962349089421,18797.128094945776,1.0,32.0,5.0,1.0,1.0,1.0,0.0,1.0,1.0,0.0,0.0,-0.25167809596921226
38385.0,3.0,8.0,1.0,2.0,1.0,189.0,0.39149999999999996,0.1481,0.3175,0.0265,0.0,0.0212,0.0476,0.0265,0.0212,0.0053,0.788,0.8451,,,,,11201.0,16096.0,0.0,5.0,2.0,1.0,1.0,0.0,0.0,0.0,0.0,0.0,0.0,-1.0639845205480207
2524.0,2.0,4.0,3.0,3.0,1.0,1043.0,0.768,0.0566,0.0345,0.0096,0.0038,0.0019,0.0575,0.0441,0.024,0.023,0.2845,0.636,0.6283,1141.0,31620.0,31620.0,21094.0,43791.0,1.0,43.0,2.0,0.0,0.0,1.0,0.0,1.0,0.0,0.0,0.0,-0.8834780497809944
2389.0,1.0,4.0,3.0,3.0,1.0,1803.0,0.6395,0.0139,0.0372,0.0316,0.0682,0.0,0.1126,0.096,0.0011,0.0344,0.2965,0.49849999999999994,0.6359,1148.0,12583.0,12583.0,14326.0,23135.0,1.0,37.0,2.0,1.0,0.0,1.0,0.0,0.0,0.0,0.0,0.0,-0.9860603482079151
22751.0,3.0,5.0,1.0,2.0,1.0,640.0,0.0813,0.5047,0.3031,0.026600000000000002,0.0172,0.0031,0.0328,0.0,0.0313,0.0,0.4654,0.54,1.0,,,,20033.0,24940.0,0.0,6.0,2.0,1.0,1.0,0.0,0.0,0.0,0.0,0.0,0.0,-1.2720350103199343
25595.0,3.0,7.0,1.0,1.0,1.0,100.0,0.8,0.0,0.11,0.0,0.01,0.01,0.02,0.0,0.05,0.0,0.6198,0.4792,,,,,15537.0,19734.0,0.0,1.0,1.0,1.0,0.0,0.0,0.0,0.0,0.0,0.0,0.0,-1.0498615994814124
1836.0,2.0,3.0,3.0,3.0,1.0,1508.0,0.7825,0.0139,0.11070000000000002,0.0153,0.0007000000000000001,0.0,0.0292,0.0153,0.0325,0.0073,0.2082,0.6119,0.8334,1144.0,35970.0,35970.0,23855.0,47660.0,1.0,33.0,2.0,0.0,0.0,1.0,0.0,1.0,0.0,0.0,0.0,-0.7876826495789379
1226.0,1.0,8.0,2.0,2.0,1.0,18449.0,0.2899,0.059,0.4616,0.1106,0.002,0.0015,0.0314,0.0098,0.0343,0.6906,0.343,0.0521,,,1220.0,6810.0,7591.0,13772.0,1.0,58.0,2.0,1.0,1.0,0.0,0.0,0.0,0.0,0.0,0.0,-1.2359468656951902
3632.0,1.0,6.0,3.0,4.0,2.0,46941.0,0.661,0.0278,0.2068,0.054599999999999996,0.0028,0.001,0.030799999999999998,0.0131,0.0022,0.1049,0.21829999999999997,0.332,0.7103,1206.0,9685.0,26583.0,11315.0,20998.0,1.0,141.0,5.0,0.0,0.0,1.0,0.0,1.0,1.0,1.0,1.0,-1.3985892833950617
2806.0,2.0,2.0,3.0,4.0,1.0,12635.0,0.6457,0.0484,0.0662,0.067,0.0021,0.0006,0.0279,0.0568,0.0852,0.0351,0.294,0.6058,0.5747,1240.0,35768.0,35768.0,25256.0,47291.0,1.0,87.0,7.0,1.0,1.0,1.0,1.0,1.0,1.0,0.0,1.0,-1.050637760109712
10115.0,1.0,6.0,3.0,4.0,1.0,23815.0,0.2607,0.0917,0.5086,0.054599999999999996,0.0019,0.0021,0.0303,0.0412,0.0089,0.1566,0.4324,0.5219,0.7591,1037.0,7457.0,16507.0,11867.0,19054.0,1.0,94.0,3.0,0.0,0.0,1.0,0.0,1.0,1.0,0.0,0.0,-1.0249219903772027
5000.0,1.0,8.0,2.0,2.0,2.0,7347.0,0.5406180617939295,0.08234686266503334,0.1057530965019736,0.05375682591533959,0.0076490676466585,0.013589750918742342,0.08874812848781816,0.018753096501973595,0.08874442629644752,0.4935732952225398,0.30158072682727644,0.1679282564311964,,,3796.5279706002448,8986.527970600246,7292.6060977269635,12409.975636314142,1.0,41.0,3.0,1.0,1.0,1.0,0.0,0.0,0.0,0.0,0.0,-1.3764965186397795
3528.0,2.0,5.0,3.0,4.0,1.0,2441.0,0.703,0.188,0.0258,0.0123,0.0025,0.0008,0.016,0.0135,0.0381,0.1905,0.2767,0.5188,0.6858,1170.0,28150.0,28150.0,24077.0,42891.0,1.0,68.0,7.0,1.0,1.0,1.0,0.0,1.0,1.0,1.0,1.0,-0.9579890440635085
3160.0,1.0,6.0,2.0,2.0,1.0,2021.0,0.5636,0.0821,0.0297,0.0109,0.2212,0.0,0.0648,0.0242,0.0035,0.2034,0.565,0.4295,,,3772.0,8872.0,7482.0,13517.0,1.0,42.0,2.0,1.0,1.0,0.0,0.0,0.0,0.0,0.0,0.0,-1.2485202144963055
3581.0,1.0,6.0,3.0,4.0,1.0,9043.0,0.4902,0.2831,0.1306,0.0426,0.0041,0.001,0.0188,0.0154,0.0143,0.2859,0.442,0.5428,0.7881,963.0,7659.0,16362.0,14319.0,19692.0,1.0,68.0,6.0,0.0,1.0,1.0,0.0,1.0,1.0,1.0,1.0,-0.8486817762832756
3135.0,2.0,3.0,3.0,4.0,1.0,2257.0,0.7687,0.0651,0.0288,0.0049,0.004,0.0009,0.0253,0.0213,0.0811,0.1613,0.3501,0.7677,0.8068,1043.0,26650.0,26650.0,19547.0,36976.0,1.0,49.0,6.0,1.0,1.0,1.0,0.0,1.0,1.0,1.0,0.0,-0.7945666069845092
21077.0,1.0,8.0,2.0,2.0,1.0,8719.0,0.5836,0.0227,0.2667,0.0542,0.015,0.0016,0.0348,0.0056,0.0158,0.7003,0.2978,0.1214,,,2700.0,9345.0,7148.0,12777.0,1.0,68.0,2.0,1.0,1.0,0.0,0.0,0.0,0.0,0.0,0.0,-1.3992330217445623
37276.0,3.0,6.0,1.0,1.0,1.0,294.0,0.3673,0.1633,0.3571,0.0102,0.0068,0.0,0.0374,0.0,0.05779999999999999,0.0,0.5112,0.5687,,,,,25558.0,29134.0,0.0,1.0,2.0,1.0,1.0,0.0,0.0,0.0,0.0,0.0,0.0,-0.8200551239933294
6639.0,2.0,3.0,3.0,4.0,1.0,305.0,0.9507999999999999,0.0033,0.0131,0.0098,0.0098,0.0,0.0033,0.0,0.0098,0.2557,0.2517,0.6818,0.4865,1050.0,20500.0,20500.0,25605.0,25605.0,1.0,4.0,2.0,0.0,0.0,1.0,0.0,1.0,0.0,0.0,0.0,-1.4432783770373563
4027.0,1.0,7.0,3.0,4.0,1.0,24546.0,0.7991,0.0103,0.1043,0.011199999999999998,0.0082,0.0094,0.0213,0.0226,0.013600000000000001,0.3669,0.3878,0.305,,,5270.0,14802.0,8218.0,12875.0,1.0,83.0,6.0,1.0,1.0,1.0,1.0,1.0,0.0,0.0,1.0,-1.324887653893357
3572.0,1.0,6.0,2.0,2.0,1.0,4720.0,0.5981,0.1725,0.0733,0.0057,0.0049,0.0006,0.1275,0.0015,0.0159,0.521,0.5157,0.2753,,,2220.0,4500.0,7229.0,12239.0,1.0,43.0,2.0,1.0,1.0,0.0,0.0,0.0,0.0,0.0,0.0,-1.308094302190607
2016.0,2.0,5.0,3.0,4.0,1.0,2734.0,0.5095,0.1613,0.1595,0.0362,0.0066,0.0004000000000000001,0.0439,0.0318,0.050800000000000005,0.0563,0.3072,0.7084,0.9025,1135.0,36630.0,36630.0,24771.0,49791.0,1.0,68.0,6.0,1.0,0.0,1.0,0.0,1.0,1.0,1.0,1.0,-0.7108170676099641
2718.0,2.0,2.0,3.0,4.0,1.0,1318.0,0.67,0.0372,0.029599999999999998,0.019,0.006100000000000001,0.0,0.0243,0.05079999999999999,0.1631,0.10700000000000001,0.3104,0.7301,0.8221,1073.0,38150.0,38150.0,24653.0,50722.0,1.0,40.0,5.0,0.0,1.0,1.0,1.0,1.0,0.0,0.0,1.0,-0.7568172691635626
10827.0,3.0,3.0,1.0,1.0,1.0,181.0,0.558,0.3425,0.0387,0.0,0.0,0.0,0.0387,0.0,0.022100000000000005,0.0,0.5988,0.5841,,,,,15163.0,17947.0,0.0,1.0,1.0,1.0,0.0,0.0,0.0,0.0,0.0,0.0,0.0,-1.2885455557757406
3179.0,1.0,6.0,3.0,4.0,1.0,3372.0,0.5477,0.0566,0.0406,0.0083,0.17730000000000004,0.0017999999999999997,0.1418,0.0258,0.0,0.1942,0.4786,0.4522999999999999,0.7867,970.0,5688.0,13992.0,7979.0,14305.0,1.0,42.0,3.0,1.0,0.0,1.0,0.0,1.0,0.0,0.0,0.0,-0.9752031620831599
21499.0,3.0,5.0,1.0,1.0,3.0,435.0,0.455167816091954,0.32875839080459773,0.11034068965517241,0.048245747126436776,0.0,0.0,0.048304137931034476,0.0,0.009183218390804597,0.25515195402298846,0.4659420689655173,0.581988275862069,,,,,15462.758620689656,18150.422988505747,0.0,1.0,1.0,1.0,0.0,0.0,0.0,0.0,0.0,0.0,0.0,-0.9889404985056524
9089.0,2.0,4.0,3.0,4.0,1.0,865.0,0.8104,0.0347,0.0162,0.0023,0.0034999999999999996,0.0058,0.013899999999999997,0.10640000000000001,0.0069,0.0902,0.3154,0.5114,0.6118,,19530.0,19530.0,16509.0,29079.0,1.0,37.0,4.0,1.0,1.0,1.0,0.0,1.0,0.0,0.0,0.0,-0.8297553180224942
2358.0,2.0,4.0,3.0,3.0,1.0,2053.0,0.6595,0.0234,0.0599,0.0706,0.0005,0.0005,0.0531,0.1325,0.0,0.0078000000000000005,0.1775,0.4581,0.3635,1354.0,47195.0,47195.0,25954.0,57478.0,1.0,36.0,1.0,0.0,0.0,1.0,0.0,0.0,0.0,0.0,0.0,-1.0214807982237146
2426.0,1.0,5.0,2.0,2.0,1.0,3257.0,0.759,0.191,0.0169,0.0028,0.0018,0.0,0.012600000000000002,0.0,0.016,0.1597,0.6339,0.2365,,,2301.0,4551.0,5887.0,11358.0,1.0,63.0,2.0,1.0,1.0,0.0,0.0,0.0,0.0,0.0,0.0,-1.2543486856303667
2697.0,1.0,2.0,2.0,2.0,1.0,14197.0,0.15,0.2299,0.3237,0.2117,0.0085,0.009599999999999997,0.0115,0.0552,0.0,0.3292,0.4946,0.0616,,,4840.0,7540.0,4919.0,11168.0,1.0,30.0,2.0,1.0,1.0,0.0,0.0,0.0,0.0,0.0,0.0,-1.637279277753455
4999.0,1.0,8.0,2.0,2.0,1.0,724.0,0.7072000000000002,0.012399999999999998,0.08840000000000002,0.0193,0.012399999999999998,0.0041,0.0635,0.0,0.0925,0.2928,0.4739,0.3215,,,3518.0,8708.0,5419.0,10485.0,1.0,36.0,2.0,1.0,1.0,0.0,0.0,0.0,0.0,0.0,0.0,-1.0471149867888574
9459.0,3.0,1.0,1.0,1.0,15.0,1451.0,0.4176420399724329,0.3735260509993109,0.12405527222605102,0.020664645072363888,0.013093797381116472,0.0027473466574776018,0.019977808407994485,0.0,0.028252929014472777,0.2150234321157822,0.7558361130254997,0.6798189524465886,,,,,13149.647829083391,17492.288077188146,0.0,1.0,1.0,1.0,0.0,0.0,0.0,0.0,0.0,0.0,0.0,-0.6099745798774812
22562.0,3.0,6.0,1.0,1.0,2.0,108.0,0.5185472222222223,0.14813611111111114,0.06484166666666667,0.027772222222222222,0.07408888888888888,0.0,0.10185833333333331,0.00926388888888889,0.055583333333333325,0.22218333333333332,0.5771416666666667,0.6199694444444445,,,,,13235.388888888889,16578.916666666668,0.0,1.0,2.0,1.0,1.0,0.0,0.0,0.0,0.0,0.0,0.0,-1.3206288300727909
2293.0,1.0,3.0,3.0,4.0,1.0,2213.0,0.7926,0.0127,0.0176,0.0054,0.0863,0.0,0.0,0.0714,0.014,0.1342,0.3886,0.5957,0.9109,1028.0,10253.0,15317.0,11558.0,19524.0,1.0,63.0,5.0,1.0,1.0,1.0,0.0,1.0,0.0,0.0,1.0,-0.7464331119829136
1212.0,2.0,8.0,3.0,4.0,2.0,617.0,0.22040000000000004,0.1378,0.3857,0.0583,0.0032,0.006499999999999999,0.0,0.1329,0.05510000000000001,0.3906,0.7091,0.769,,,12456.0,12456.0,17094.0,21405.0,1.0,12.0,5.0,1.0,1.0,1.0,0.0,1.0,0.0,1.0,0.0,-0.10036779103476336
1015.0,1.0,5.0,2.0,2.0,1.0,1729.0,0.6408000000000001,0.2435,0.0509,0.020199999999999996,0.0081,0.0029,0.0254,0.0012,0.0069,0.3823,0.4895,0.2263,,,3976.0,7140.0,3762.0,8676.0,1.0,11.0,2.0,1.0,1.0,0.0,0.0,0.0,0.0,0.0,0.0,-1.7364270818595455
41631.0,3.0,5.0,1.0,1.0,1.0,16.0,0.625,0.3125,0.0,0.0,0.0,0.0,0.0625,0.0,0.0,0.4375,0.2292,0.25,0.52,,,,14597.0,19355.0,0.0,1.0,2.0,1.0,1.0,0.0,0.0,0.0,0.0,0.0,0.0,-0.9291531102274627
1977.0,1.0,5.0,3.0,4.0,1.0,8126.0,0.8192,0.0765,0.0183,0.0073,0.0023,0.0006,0.0167,0.0416,0.0174,0.1106,0.336,0.4772,0.7996,1064.0,7392.0,20112.0,9817.0,16825.0,1.0,71.0,7.0,1.0,1.0,1.0,0.0,1.0,1.0,1.0,1.0,-0.7803760135790956
1500.0,1.0,5.0,2.0,3.0,1.0,39175.0,0.1946,0.3453,0.3444,0.0272,0.0019000000000000002,0.0029,0.0164,0.0311,0.0362,0.691,0.5362,0.1509,,,2542.0,8664.0,11193.0,14279.0,1.0,48.0,3.0,1.0,1.0,1.0,0.0,0.0,0.0,0.0,0.0,-1.721313161061171
6961.0,1.0,5.0,1.0,2.0,1.0,11665.0,0.6195,0.24670000000000003,0.05439999999999999,0.027500000000000004,0.0041,0.0018,0.0289,0.0059,0.0111,0.6084,0.4511,0.3398,,,3704.0,12536.0,6652.0,11123.0,1.0,49.0,2.0,1.0,1.0,0.0,0.0,0.0,0.0,0.0,0.0,-1.1866840517614337
2946.0,2.0,5.0,3.0,4.0,1.0,2171.0,0.5122,0.2004,0.0797,0.0115,0.0064,0.0023,0.0373,0.064,0.0861,0.0907,0.3995,0.5818,0.5594,962.0,29080.0,29080.0,22483.0,46685.0,1.0,41.0,3.0,0.0,1.0,1.0,0.0,1.0,0.0,0.0,0.0,-0.5764052694119725
3698.0,1.0,1.0,2.0,3.0,1.0,1336.0,0.89,0.015,0.015,0.009,0.0075,0.0,0.0269,0.0262,0.0105,0.2552,0.2806,0.4556,0.8319,,12860.0,23708.0,18939.0,23703.0,1.0,30.0,3.0,1.0,1.0,1.0,0.0,0.0,0.0,0.0,0.0,-1.210570988354163
3863.0,2.0,3.0,3.0,4.0,1.0,8212.0,0.7367,0.0426,0.0958,0.0496,0.0022,0.0009,0.0345,0.0353,0.0024,0.0205,0.1623,0.4881,0.6671,1220.0,35930.0,35930.0,30452.0,48364.0,1.0,86.0,5.0,0.0,0.0,1.0,0.0,1.0,1.0,1.0,1.0,-1.184447582158418
2805.0,2.0,2.0,3.0,4.0,1.0,1335.0,0.7221,0.1124,0.06219999999999999,0.0112,0.0052,0.0015,0.027700000000000002,0.0382,0.0195,0.0869,0.4236,0.7536,0.6875,1059.0,28068.0,28068.0,19182.0,39746.0,1.0,44.0,3.0,0.0,1.0,1.0,0.0,1.0,0.0,0.0,0.0,-0.8403141323321431
2759.0,2.0,2.0,3.0,4.0,1.0,389.0,0.3239,0.0231,0.0694,0.0668,0.0,0.0,0.0488,0.43189999999999995,0.036,0.0103,0.1538,0.3236,0.4482,,37750.0,37750.0,37753.0,55403.0,1.0,1.0,5.0,1.0,0.0,1.0,0.0,1.0,1.0,0.0,1.0,0.004306510962217851
1830.0,2.0,3.0,3.0,4.0,1.0,2208.0,0.7582,0.0249,0.0308,0.0362,0.0005,0.0009,0.0394,0.1073,0.0018,0.0054,0.1732,0.5465,0.5879,1308.0,43683.0,43683.0,34531.0,57138.0,1.0,22.0,2.0,0.0,0.0,1.0,0.0,1.0,0.0,0.0,0.0,-1.3987465103091286
31263.0,3.0,5.0,1.0,1.0,1.0,236.0,0.3644,0.4364,0.072,0.0085,0.0,0.0127,0.0593,0.0,0.0466,0.0424,0.5915,0.6511,,,17997.0,17997.0,25835.0,29609.0,1.0,1.0,1.0,1.0,0.0,0.0,0.0,0.0,0.0,0.0,0.0,-0.4079697702400031
3805.0,1.0,8.0,2.0,2.0,1.0,2557.0,0.4599,0.015299999999999998,0.4478,0.006300000000000001,0.018,0.0023,0.045,0.0008000000000000001,0.0047,0.2405,0.5576,0.2251,,,4278.0,4746.0,6945.0,13128.0,1.0,44.0,3.0,1.0,1.0,1.0,0.0,0.0,0.0,0.0,0.0,-1.136112144900808
7845.0,2.0,1.0,2.0,4.0,1.0,2841.0,0.6762,0.0461,0.0989,0.0172,0.0063,0.0,0.0102,0.0356,0.1095,0.1492,0.47380000000000005,0.7808,,,22371.0,22371.0,24737.0,31317.0,1.0,31.0,3.0,0.0,1.0,1.0,0.0,1.0,0.0,0.0,0.0,-1.0718597204521034
2095.0,1.0,2.0,3.0,4.0,1.0,1668.0,0.7296,0.0815,0.0725,0.0276,0.003,0.0,0.045,0.0114,0.0294,0.0276,0.19300000000000003,0.4354,0.7887,1188.0,13824.0,28674.0,16881.0,29172.0,1.0,27.0,2.0,0.0,0.0,1.0,0.0,1.0,0.0,0.0,0.0,-1.0516537793276477
7532.0,1.0,2.0,2.0,2.0,2.0,4385.0,0.768951197263398,0.0812242873432155,0.047926225769669324,0.005267730900798175,0.005039908779931585,0.0,0.023067274800456103,0.002035347776510832,0.06658494868871151,0.2531540478905359,0.401081527936146,0.4013477765108324,1.0,,4647.1550741163055,8545.330672748005,10042.0,14668.72291904219,1.0,50.0,2.0,1.0,1.0,0.0,0.0,0.0,0.0,0.0,0.0,-1.1272041146312795
3146.0,1.0,6.0,2.0,2.0,1.0,1178.0,0.4847000000000001,0.0772,0.191,0.0085,0.0204,0.0025,0.0789,0.0306,0.1061,0.5119,0.3636,0.1649,,,3096.0,7160.0,5707.0,11893.0,1.0,34.0,2.0,1.0,1.0,0.0,0.0,0.0,0.0,0.0,0.0,-1.3927994727173072
1557.0,2.0,5.0,3.0,3.0,1.0,472.0,0.5466,0.2797,0.0593,0.0042,0.0,0.0,0.0212,0.0169,0.072,0.07419999999999999,0.4531,0.583,,,14200.0,14200.0,13282.0,24104.0,1.0,27.0,2.0,0.0,1.0,1.0,0.0,0.0,0.0,0.0,0.0,-0.5194081361948886
7644.0,1.0,3.0,1.0,2.0,1.0,3701.0,0.8973,0.0484,0.0168,0.007,0.0035,0.0011,0.0065,0.0,0.0195,0.3529,0.2784,0.1131,,,3459.0,13084.0,5113.0,9679.0,1.0,56.0,2.0,1.0,1.0,0.0,0.0,0.0,0.0,0.0,0.0,-1.8377908834105674
9767.0,1.0,3.0,1.0,2.0,1.0,2992.0,0.0735,0.7082,0.0943,0.0682,0.0043,0.0,0.009,0.0003,0.0421,0.5294,0.4356,0.1989,,,3070.0,7891.0,7951.0,12503.0,1.0,22.0,2.0,1.0,1.0,0.0,0.0,0.0,0.0,0.0,0.0,-1.4034752433907087
23542.0,1.0,3.0,1.0,1.0,1.0,308.0,0.9968000000000001,0.0032,0.0,0.0,0.0,0.0,0.0,0.0,0.0,0.1234,0.9213,0.6954,,,,,16841.0,20865.0,0.0,13.0,2.0,1.0,0.0,0.0,0.0,0.0,1.0,0.0,0.0,-1.9986258080259636
2402.0,1.0,5.0,2.0,2.0,3.0,2657.0,0.5081,0.46260000000000007,0.0109,0.003,0.0011,0.0,0.0038,0.0007999999999999999,0.0098,0.1189,0.5645,0.21000000000000002,,,2455.0,4455.0,2836.0,8297.0,1.0,52.0,2.0,1.0,1.0,0.0,0.0,0.0,0.0,0.0,0.0,-1.4355327547903278
7502.0,3.0,2.0,1.0,3.0,1.0,3622.0,0.177,0.2107,0.3352,0.0229,0.0025,0.0019,0.0,0.0061,0.2438,0.1541,0.7025,0.8284,,,23700.0,23700.0,24855.0,36903.0,1.0,22.0,4.0,1.0,1.0,1.0,0.0,1.0,0.0,0.0,0.0,-0.5487867064153267
22697.0,3.0,2.0,1.0,1.0,1.0,66.0,0.6667,0.1818,0.0303,0.0455,0.0,0.0,0.0303,0.0,0.0455,0.0,0.6632,0.8316,,,,,14511.0,17673.0,0.0,1.0,1.0,1.0,0.0,0.0,0.0,0.0,0.0,0.0,0.0,-1.2105828378361327
31284.0,1.0,2.0,1.0,1.0,1.0,41.0,0.1951,0.6585,0.0,0.024399999999999998,0.0,0.0,0.024399999999999998,0.0,0.09759999999999999,0.0,0.7843,0.915,1.0,,,,10537.0,14227.0,0.0,1.0,1.0,1.0,0.0,0.0,0.0,0.0,0.0,0.0,0.0,-1.2061522457988683
12051.0,3.0,5.0,1.0,1.0,1.0,141.0,0.0071,0.9716,0.0213,0.0,0.0,0.0,0.0,0.0,0.0,0.0,0.8489,1.0,,,,,11615.0,17235.0,0.0,1.0,1.0,1.0,0.0,0.0,0.0,0.0,0.0,0.0,0.0,-0.5463163120948992
2092.0,2.0,2.0,3.0,4.0,1.0,429.0,0.7459,0.014,0.0746,0.028,0.0023,0.0,0.0,0.1002,0.035,0.0,0.24599999999999997,0.5372,0.8696,1323.0,47726.0,47726.0,29456.0,58321.0,1.0,1.0,3.0,1.0,0.0,1.0,0.0,1.0,0.0,0.0,0.0,-0.6473746808798341
7121.0,2.0,4.0,3.0,4.0,1.0,232.0,0.9267,0.0216,0.0129,0.0043,0.0129,0.0086,0.0129,0.0,0.0,0.0603,0.5371,0.4759999999999999,0.6733,1004.0,16086.0,16086.0,14434.0,25899.0,1.0,10.0,3.0,0.0,1.0,1.0,0.0,1.0,0.0,0.0,0.0,-1.1422827396352837
1617.0,2.0,7.0,3.0,4.0,1.0,1113.0,0.6415,0.0198,0.1554,0.027,0.0054,0.0045,0.0207,0.071,0.0548,0.0252,0.3768,0.6187,0.929,1076.0,24955.0,24955.0,17936.0,35456.0,1.0,33.0,2.0,0.0,0.0,1.0,0.0,1.0,0.0,0.0,0.0,-0.6823338243462753
41741.0,3.0,6.0,1.0,1.0,1.0,143.0,0.4126,0.0699,0.48250000000000004,0.007000000000000001,0.0,0.021,0.007000000000000001,0.0,0.0,0.1678,0.5551,0.5906,,,,,16646.0,20376.0,0.0,1.0,1.0,1.0,0.0,0.0,0.0,0.0,0.0,0.0,0.0,-0.5588236682072751
36614.0,3.0,5.0,1.0,1.0,1.0,933.0,0.0,0.0,1.0,0.0,0.0,0.0,0.0,0.0,0.0,0.0,0.9403,0.3622,,,,,8221.0,13346.0,0.0,9.0,1.0,1.0,0.0,0.0,0.0,0.0,0.0,0.0,0.0,-1.1010654176361867
2654.0,1.0,6.0,3.0,4.0,1.0,1525.0,0.5587,0.023600000000000003,0.2754,0.026199999999999998,0.0302,0.0013,0.04,0.0354,0.0092,0.0544,0.2974,0.3965,0.3639,1193.0,6256.0,18184.0,11451.0,18762.0,1.0,25.0,6.0,0.0,1.0,1.0,1.0,1.0,1.0,0.0,1.0,-1.3882442534467285
3785.0,2.0,8.0,3.0,4.0,1.0,2874.0,0.6778,0.0285,0.0814,0.0696,0.009,0.0077,0.0769,0.0414,0.0077,0.028200000000000003,0.2864,0.6671,0.7501000000000001,1115.0,36530.0,36530.0,24014.0,46717.0,1.0,44.0,6.0,1.0,0.0,1.0,0.0,1.0,1.0,1.0,1.0,-1.087567373680821
2051.0,2.0,1.0,3.0,4.0,1.0,1817.0,0.6103,0.0209,0.0165,0.0099,0.0055,0.0006,0.0,0.0,0.3363,0.4766,0.24519999999999997,0.6548,0.7853,965.0,31920.0,31920.0,25267.0,44825.0,1.0,41.0,5.0,1.0,1.0,1.0,0.0,1.0,0.0,0.0,1.0,-0.7824629990489158
2664.0,1.0,6.0,3.0,4.0,1.0,2105.0,0.2741,0.0494,0.5273,0.0152,0.0309,0.0014,0.0062,0.0171,0.0784,0.2451,0.4788,0.4075,,,5346.0,13184.0,11055.0,16661.0,1.0,54.0,5.0,1.0,1.0,1.0,0.0,1.0,0.0,0.0,1.0,-0.5305003656473277
2905.0,1.0,5.0,3.0,4.0,1.0,8894.0,0.0442,0.8441,0.0236,0.007,0.0031,0.0,0.0282,0.0217,0.0281,0.0651,0.6091,0.7947,0.57,910.0,5642.0,18402.0,10573.0,18198.0,1.0,64.0,4.0,0.0,0.0,1.0,0.0,1.0,1.0,0.0,1.0,-0.49830309876710016
1110.0,1.0,5.0,3.0,3.0,1.0,5990.0,0.7244,0.0466,0.0885,0.0456,0.028,0.0005,0.0501,0.015,0.0013,0.2067,0.5074,0.3812999999999999,0.5629,,4727.0,10511.0,7536.0,13983.0,1.0,42.0,4.0,1.0,1.0,1.0,0.0,1.0,0.0,0.0,0.0,-0.811891702090228
41667.0,3.0,3.0,1.0,1.0,1.0,107.0,0.8692000000000001,0.0841,0.028,0.0093,0.0,0.0,0.0093,0.0,0.0,0.0,0.3902,0.4634,,,,,15363.0,18685.0,0.0,1.0,1.0,1.0,0.0,0.0,0.0,0.0,0.0,0.0,0.0,-0.9465217021889413
23377.0,3.0,3.0,1.0,2.0,1.0,286.0,0.6503,0.2657,0.0315,0.021,0.0,0.0,0.0315,0.0,0.0,0.0,0.6945,0.8746,0.8028,,16361.0,16361.0,27800.0,31423.0,1.0,3.0,2.0,1.0,1.0,0.0,0.0,0.0,0.0,0.0,0.0,-0.9863646259116238
23305.0,2.0,8.0,3.0,4.0,1.0,543.0,0.4788,0.011,0.1621,0.1547,0.0092,0.0074,0.0,0.035,0.1418,0.1087,0.4339,0.6498,0.5847,,27300.0,27300.0,31033.0,42689.0,1.0,3.0,5.0,1.0,0.0,1.0,1.0,1.0,0.0,0.0,1.0,-0.5725894657057388
1910.0,1.0,4.0,1.0,2.0,3.0,1085.0,0.5327,0.1853,0.0968,0.0074,0.0461,0.0009,0.0912,0.0396,0.0,0.1124,0.5268,0.24219999999999997,,,2080.0,3648.0,4034.0,9042.0,1.0,26.0,2.0,1.0,1.0,0.0,0.0,0.0,0.0,0.0,0.0,-1.4701176841635895
41559.0,3.0,3.0,1.0,1.0,1.0,218.0,0.9037,0.0596,0.0046,0.0,0.0138,0.0,0.0138,0.0,0.0046,0.0,0.3951,0.5802,,,,,17116.0,19239.0,0.0,1.0,1.0,1.0,0.0,0.0,0.0,0.0,0.0,0.0,0.0,-1.4645865760204686
1349.0,1.0,7.0,3.0,4.0,1.0,9104.0,0.5633,0.0412,0.1727,0.0161,0.0034,0.0023,0.0342,0.0122,0.1547,0.0919,0.3386,0.5672,0.7088,1033.0,7733.0,19277.0,16852.0,19187.0,1.0,59.0,5.0,1.0,0.0,1.0,0.0,1.0,1.0,0.0,1.0,-0.936715788676351
1099.0,2.0,5.0,3.0,4.0,1.0,1322.0,0.7753,0.0492,0.0492,0.05670000000000001,0.0166,0.0008,0.0068,0.0408,0.0045,0.0038,0.1861,0.47029999999999994,0.8282,1244.0,39290.0,39290.0,23563.0,52536.0,1.0,33.0,2.0,0.0,0.0,1.0,0.0,1.0,0.0,0.0,0.0,-0.816377648806231
31239.0,3.0,5.0,1.0,2.0,5.0,1013.0,0.3949,0.234,0.3159,0.0247,0.0069,0.001,0.0178,0.0,0.0049,0.4511,0.7537,0.7917,0.6143,,16856.0,16856.0,23278.0,27359.0,1.0,10.0,2.0,1.0,1.0,0.0,0.0,0.0,0.0,0.0,0.0,-0.7739992771890402
1597.0,2.0,5.0,3.0,3.0,1.0,729.0,0.8422,0.07,0.0466,0.0014,0.0,0.0,0.0,0.0096,0.030200000000000005,0.059,0.2098,0.2522,0.9633,971.0,17400.0,17400.0,17626.0,27467.0,1.0,15.0,3.0,0.0,1.0,1.0,0.0,1.0,0.0,0.0,0.0,-0.6893428629921347
6938.0,1.0,8.0,2.0,2.0,1.0,5213.0,0.7211,0.0106,0.0898,0.027599999999999996,0.0127,0.0048,0.0395,0.024,0.07,0.5479,0.3455,0.3913,,,4137.0,8757.0,10655.0,14411.0,1.0,69.0,2.0,1.0,1.0,0.0,0.0,0.0,0.0,0.0,0.0,-1.240735404351523
3941.0,2.0,9.0,3.0,4.0,1.0,12198.0,0.0,0.0,1.0,0.0,0.0,0.0,0.0,0.0,0.0,0.2785,0.8644,0.3931,,,5580.0,5580.0,9010.0,14202.0,1.0,52.0,4.0,1.0,1.0,1.0,0.0,1.0,0.0,0.0,0.0,-0.5174793009485349
1251.0,2.0,8.0,3.0,4.0,1.0,1090.0,0.23759999999999998,0.0385,0.1037,0.2945,0.0101,0.0037,0.06239999999999999,0.2101,0.0394,0.0119,0.468,0.6047,0.6648,1010.0,40490.0,40490.0,33908.0,53439.0,1.0,5.0,2.0,0.0,0.0,1.0,0.0,1.0,0.0,0.0,0.0,-0.7672234061780052
39396.0,3.0,5.0,1.0,2.0,1.0,276.0,0.5362,0.2717,0.0688,0.0072,0.0072,0.0,0.0543,0.0,0.0543,0.0,0.7769,0.6227,,,,,18424.0,22390.0,0.0,6.0,2.0,1.0,1.0,0.0,0.0,0.0,0.0,0.0,0.0,-1.272311672995201
40414.0,1.0,5.0,1.0,2.0,1.0,1702.0,0.8713,0.059899999999999995,0.0035,0.0018000000000000002,0.0053,0.0,0.0035,0.0,0.0546,0.2867,0.47190000000000004,0.3381,,,3521.0,8946.0,6518.0,11262.0,1.0,39.0,3.0,1.0,1.0,1.0,0.0,0.0,0.0,0.0,0.0,-1.3579277702862422
30977.0,3.0,8.0,1.0,1.0,1.0,385.0,0.4156,0.007799999999999999,0.4909,0.0234,0.0026,0.007799999999999999,0.007799999999999999,0.0,0.044199999999999996,0.0,0.8908,0.8908,,,9535.0,9535.0,19417.0,25006.0,1.0,3.0,1.0,1.0,0.0,0.0,0.0,0.0,0.0,0.0,0.0,-2.079999638342102
3917.0,1.0,3.0,3.0,4.0,1.0,9987.0,0.8903000000000001,0.0068,0.0212,0.0355,0.0032999999999999995,0.0005,0.0181,0.0232,0.001,0.0707,0.2704,0.5869,0.8369000000000001,1110.0,8743.0,16316.0,14654.0,18013.0,1.0,49.0,5.0,0.0,1.0,1.0,0.0,1.0,1.0,1.0,0.0,-1.0298892577207004
10406.0,3.0,4.0,1.0,1.0,2.0,102.0,1.0,0.0,0.0,0.0,0.0,0.0,0.0,0.0,0.0,0.0,0.54985,0.80965,,,,,13171.5,16180.0,0.0,2.0,2.0,1.0,1.0,0.0,0.0,0.0,0.0,0.0,0.0,-1.262727770457637
3266.0,2.0,2.0,3.0,4.0,1.0,2763.0,0.7860999999999999,0.04920000000000001,0.0261,0.0152,0.0033000000000000004,0.0033000000000000004,0.0177,0.0814,0.0177,0.0615,0.2903,0.6207,0.7766999999999998,1037.0,28368.0,28368.0,20466.0,38895.0,1.0,72.0,7.0,1.0,1.0,1.0,0.0,1.0,1.0,1.0,1.0,-0.7790700023252966
5309.0,1.0,4.0,2.0,2.0,1.0,1615.0,0.8916,0.0018999999999999998,0.0149,0.004999999999999999,0.018,0.0,0.0,0.0,0.0687,0.1337,0.4259,0.8223,,,4930.0,4930.0,11403.0,14233.0,1.0,23.0,2.0,1.0,1.0,0.0,0.0,0.0,0.0,0.0,0.0,-1.3322120934401218
3929.0,1.0,7.0,2.0,2.0,1.0,681.0,0.8502,0.025000000000000005,0.0881,0.0059,0.0132,0.0073,0.0088,0.0015,0.0,0.3275,0.1729,0.11660000000000001,,,2568.0,6552.0,7881.0,13455.0,1.0,28.0,2.0,1.0,1.0,0.0,0.0,0.0,0.0,0.0,0.0,-1.668272698154993
4713.0,1.0,4.0,2.0,2.0,1.0,3055.0,0.8242,0.1191,0.0196,0.0036,0.0072,0.0007,0.0,0.0003,0.0252,0.3296,0.6041,0.4257,,,3348.0,6048.0,8036.0,12845.0,1.0,35.0,2.0,1.0,1.0,0.0,0.0,0.0,0.0,0.0,0.0,-1.1768687866338772
3032.0,1.0,3.0,3.0,4.0,1.0,11308.0,0.6322,0.18369999999999997,0.0506,0.0285,0.0016,0.0014,0.0308,0.05029999999999999,0.021,0.2414,0.43179999999999996,0.6196,0.8421,1014.0,9686.0,12928.0,16558.0,21684.0,1.0,96.0,7.0,1.0,0.0,1.0,1.0,1.0,1.0,1.0,1.0,-0.8719874357618516
12348.0,3.0,8.0,1.0,1.0,1.0,56.0,0.8571,0.0,0.0357,0.0,0.0179,0.0,0.0536,0.0,0.0357,0.0,0.8824,0.8941,,,,,6156.0,12161.0,0.0,2.0,2.0,1.0,0.0,1.0,0.0,0.0,0.0,0.0,0.0,-1.3052621959645572
41223.0,3.0,5.0,3.0,4.0,1.0,10793.0,0.2357,0.3816,0.0427,0.0054,0.0053,0.0026,0.0188,0.00010000000000000002,0.3078,0.3378,0.4598,0.4765,,,6500.0,6500.0,12147.0,16304.0,1.0,22.0,5.0,1.0,1.0,1.0,0.0,1.0,0.0,0.0,1.0,-1.0619364611009317
3376.0,2.0,2.0,3.0,3.0,1.0,1025.0,0.7834,0.0937,0.0215,0.0185,0.002,0.001,0.0195,0.0,0.0605,0.0156,0.4575,0.8768,0.6949,970.0,27828.0,27828.0,21352.0,40841.0,1.0,37.0,2.0,0.0,1.0,1.0,0.0,0.0,0.0,0.0,0.0,-0.6104497175718804
41727.0,3.0,3.0,1.0,1.0,1.0,93.0,0.9462,0.043,0.0,0.010799999999999999,0.0,0.0,0.0,0.0,0.0,0.10750000000000001,0.2236,0.2857,,,,,11096.0,13417.0,0.0,1.0,1.0,1.0,0.0,0.0,0.0,0.0,0.0,0.0,0.0,-1.0056756415458905
22871.0,3.0,5.0,1.0,1.0,1.0,251.0,0.0,0.012,0.988,0.0,0.0,0.0,0.0,0.0,0.0,0.8805,0.7298,0.7532,,,,,8495.0,14097.0,0.0,2.0,1.0,1.0,0.0,0.0,0.0,0.0,0.0,0.0,0.0,-0.7710494785686368
1506.0,1.0,5.0,2.0,3.0,1.0,61470.0,0.05990000000000001,0.1657,0.6805,0.0089,0.0007,0.0006,0.0035,0.0521,0.028,0.5824,0.5399,0.0921,,,3486.0,12015.0,8677.0,14214.0,1.0,67.0,4.0,1.0,1.0,1.0,1.0,0.0,0.0,0.0,0.0,-1.4802574877675774
6819.0,1.0,5.0,2.0,2.0,1.0,3551.0,0.7916,0.0665,0.0814,0.0189,0.0048,0.0006,0.0265,0.0028,0.007,0.5407,0.391,0.1789,,,4794.0,10632.0,7898.0,11805.0,1.0,30.0,2.0,1.0,1.0,0.0,0.0,0.0,0.0,0.0,0.0,-1.4102157675548974
25822.0,3.0,5.0,1.0,1.0,1.0,52.0,0.6731,0.2885,0.0,0.03849999999999999,0.0,0.0,0.0,0.0,0.0,0.0,0.6349,0.6984,,,,,12539.0,15351.0,0.0,1.0,1.0,1.0,0.0,0.0,0.0,0.0,0.0,0.0,0.0,-0.5696107839118367
9743.0,2.0,4.0,3.0,4.0,1.0,6185.0,0.574,0.0998,0.075,0.0144,0.0052,0.0037000000000000006,0.0183,0.0233,0.1864,0.11850000000000001,0.2914,0.4368,,,6450.0,6450.0,13277.0,15400.0,1.0,40.0,3.0,0.0,0.0,1.0,0.0,1.0,1.0,0.0,0.0,-1.1198681079351973
38193.0,3.0,5.0,3.0,4.0,1.0,44924.0,0.5539,0.21600000000000003,0.1032,0.0171,0.0069,0.0096,0.0362,0.0070999999999999995,0.04990000000000001,0.9316,0.3255,0.3388,,,6400.0,6400.0,9888.0,14542.0,1.0,58.0,6.0,1.0,1.0,1.0,1.0,1.0,0.0,0.0,1.0,-0.714150284946543
2698.0,1.0,2.0,3.0,4.0,1.0,12944.0,0.48680000000000007,0.1389,0.2182,0.1133,0.002,0.0029,0.012,0.0258,0.0,0.2258,0.453,0.1921,0.9426999999999999,1005.0,6458.0,13268.0,9673.0,16920.0,1.0,48.0,7.0,1.0,1.0,1.0,0.0,1.0,1.0,1.0,1.0,-1.31595040311043
1425.0,1.0,1.0,3.0,4.0,1.0,4793.0,0.691,0.0661,0.0916,0.0238,0.0017,0.001,0.0273,0.0115,0.086,0.1056,0.2753,0.6146,0.631,,9560.0,21295.0,18450.0,23717.0,1.0,31.0,3.0,0.0,1.0,1.0,0.0,1.0,0.0,0.0,0.0,-0.8452751976266584
41113.0,1.0,8.0,2.0,2.0,1.0,3719.0,0.2678,0.0508,0.5499,0.0583,0.0094,0.0022,0.0285,0.0062,0.0269,0.6283999999999998,0.4515,0.0629,,,1380.0,9000.0,6398.0,12436.0,1.0,37.0,2.0,1.0,1.0,0.0,0.0,0.0,0.0,0.0,0.0,-1.4448611394739395
22775.0,3.0,4.0,1.0,1.0,1.0,102.0,0.8333,0.05879999999999999,0.0784,0.029399999999999996,0.0,0.0,0.0,0.0,0.0,0.1765,0.4966,0.551,,,,,13978.0,16445.0,0.0,1.0,1.0,1.0,0.0,0.0,0.0,0.0,0.0,0.0,0.0,-1.1434429108759812
3231.0,1.0,2.0,2.0,2.0,1.0,16003.0,0.5956,0.1826,0.013,0.0248,0.0037,0.0012,0.0154,0.0004,0.1633,0.6295,0.399,0.2189,,,3917.0,10358.0,6244.0,10047.0,1.0,74.0,2.0,1.0,1.0,0.0,0.0,0.0,0.0,0.0,0.0,-1.134982749419065
2011.0,1.0,5.0,3.0,4.0,1.0,2244.0,0.717,0.1702,0.0468,0.0125,0.015200000000000002,0.0,0.0281,0.0085,0.0018,0.3342,0.3971,0.3994,0.5455,987.0,6009.0,12868.0,10088.0,15182.0,1.0,16.0,3.0,1.0,1.0,1.0,0.0,0.0,0.0,0.0,0.0,-0.7980997182692428
2847.0,1.0,2.0,3.0,4.0,1.0,5803.0,0.7894000000000001,0.0331,0.10009999999999998,0.0196,0.0017,0.0009,0.0181,0.014,0.0231,0.0159,0.2988,0.6184,0.49879999999999997,1086.0,7568.0,17218.0,17209.0,21555.0,1.0,47.0,4.0,1.0,0.0,1.0,0.0,1.0,0.0,0.0,1.0,-1.114469475268299
2234.0,2.0,3.0,3.0,4.0,1.0,1570.0,0.728,0.0962,0.051,0.0064,0.0019,0.0,0.0338,0.0006,0.0822,0.015299999999999998,0.4142,0.7884,0.6189,1009.0,32660.0,32660.0,21486.0,43341.0,1.0,46.0,3.0,0.0,1.0,1.0,0.0,1.0,0.0,0.0,0.0,-0.7206182242230649
2188.0,1.0,1.0,3.0,4.0,1.0,7180.0,0.6843,0.0879,0.1173,0.0325,0.0018,0.0004,0.0217,0.0368,0.0174,0.1862,0.3340000000000001,0.5968,0.7057000000000001,984.0,8646.0,14786.0,15762.0,20484.0,1.0,65.0,6.0,1.0,0.0,1.0,1.0,1.0,0.0,1.0,1.0,-0.8182279671815852
2911.0,2.0,5.0,3.0,3.0,1.0,553.0,0.0036,0.8915,0.0271,0.0,0.0036,0.0,0.0217,0.0018,0.0506,0.014500000000000002,0.7265,0.8574,0.9179,,17355.0,17355.0,21650.0,30549.0,1.0,19.0,1.0,0.0,0.0,1.0,0.0,0.0,0.0,0.0,0.0,-0.2646859403939194
1732.0,2.0,3.0,3.0,4.0,1.0,67.0,0.7015,0.0597,0.1045,0.0896,0.0149,0.0,0.0149,0.0,0.0149,0.597,0.3967,0.6612,,,,,,,,7.0,6.0,1.0,1.0,1.0,0.0,1.0,1.0,1.0,0.0,-1.5471028286112154
8303.0,1.0,6.0,1.0,2.0,2.0,6009.0,0.36946934598102843,0.11363260109835248,0.33550029955067395,0.03310958562156765,0.04426335496754868,0.002846879680479281,0.02216869695456815,0.013961907139291062,0.06503404892661009,0.7215865701447829,0.3235338991512731,0.2158323015476785,,,2046.0,7830.0,8545.953569645531,12818.0,1.0,54.0,2.0,1.0,1.0,0.0,0.0,0.0,0.0,0.0,0.0,-1.9222894485343611
2167.0,1.0,1.0,2.0,2.0,1.0,1867.0,0.7943,0.07279999999999999,0.0755,0.0171,0.0037,0.0011,0.0187,0.0037,0.0129,0.6031,0.6233,0.39909999999999995,,,4658.0,10274.0,8877.0,12834.0,1.0,29.0,2.0,1.0,1.0,0.0,0.0,0.0,0.0,0.0,0.0,-1.169931057378039
36813.0,3.0,8.0,1.0,1.0,1.0,44.0,0.0682,0.2955,0.5227,0.0682,0.0,0.04549999999999999,0.0,0.0,0.0,0.0,0.7667,0.8083000000000001,,,,,18368.0,22509.0,0.0,7.0,1.0,1.0,0.0,0.0,0.0,0.0,0.0,0.0,0.0,-0.9761353708901559
9831.0,3.0,4.0,1.0,1.0,1.0,92.0,0.9239,0.0652,0.0,0.010899999999999998,0.0,0.0,0.0,0.0,0.0,0.010899999999999998,0.45829999999999993,0.6131,,,,,11643.0,15571.0,0.0,1.0,1.0,1.0,0.0,0.0,0.0,0.0,0.0,0.0,0.0,-1.2695700868117492
3315.0,1.0,2.0,3.0,4.0,1.0,9109.0,0.8095,0.0818,0.0516,0.0103,0.0007,0.0009,0.022,0.0103,0.013,0.056400000000000006,0.3029,0.6925,0.8781,970.0,8914.0,19364.0,18226.0,21631.0,1.0,50.0,7.0,1.0,0.0,1.0,1.0,1.0,1.0,1.0,1.0,-0.7011153502091222
2939.0,2.0,5.0,3.0,3.0,1.0,934.0,0.5792,0.0685,0.0214,0.0064,0.0032,0.0,0.008600000000000002,0.0225,0.2901,0.0075,0.482,0.7427,0.6196,,24150.0,24150.0,20279.0,38540.0,1.0,22.0,1.0,0.0,0.0,1.0,0.0,0.0,0.0,0.0,0.0,-0.9157726120617528
3832.0,2.0,3.0,3.0,4.0,1.0,1689.0,0.5269,0.1622,0.2049,0.0521,0.014799999999999999,0.003,0.0308,0.0053,0.0,0.2481,0.6096000000000001,0.8742999999999999,0.6519000000000001,930.0,24434.0,24434.0,16835.0,32528.0,1.0,38.0,5.0,0.0,1.0,1.0,1.0,1.0,0.0,0.0,1.0,-0.677187160981216
3771.0,1.0,8.0,3.0,4.0,1.0,9751.0,0.6151,0.0338,0.1261,0.0445,0.0052,0.013,0.0654,0.0064,0.0903,0.1138,0.3634,0.5459,0.8646000000000001,978.0,9017.0,21380.0,14182.0,21512.0,1.0,102.0,6.0,1.0,0.0,1.0,1.0,1.0,0.0,1.0,1.0,-1.1499226769266533
25957.0,3.0,3.0,1.0,1.0,1.0,37.0,1.0,0.0,0.0,0.0,0.0,0.0,0.0,0.0,0.0,0.027,0.7442,0.7326,,,,,11115.0,14340.0,0.0,1.0,1.0,1.0,0.0,0.0,0.0,0.0,0.0,0.0,0.0,-0.6405452390872112
2791.0,2.0,2.0,3.0,4.0,1.0,8163.0,0.501,0.1057,0.1493,0.0872,0.0025,0.001,0.0352,0.085,0.0331,0.1156,0.3437,0.5737,0.8499,1054.0,39697.0,39697.0,27403.0,53010.0,1.0,89.0,7.0,1.0,1.0,1.0,0.0,1.0,1.0,1.0,1.0,-1.1075755822923314
1727.0,2.0,3.0,3.0,4.0,3.0,3139.0,0.6171,0.0385,0.0475,0.0201,0.0006,0.0019,0.0194,0.0796,0.1752,0.2071,0.398,0.0,0.7207,,11348.0,11348.0,20894.0,27318.0,1.0,11.0,6.0,1.0,1.0,1.0,1.0,1.0,0.0,0.0,1.0,-0.9168746155987353
5220.0,1.0,7.0,2.0,2.0,1.0,23512.0,0.6888,0.0248,0.1612,0.0405,0.0104,0.0128,0.0256,0.0132,0.0227,0.6842,0.3111,0.1975,,,3469.0,11011.0,7267.0,11280.0,1.0,89.0,2.0,1.0,1.0,0.0,0.0,0.0,0.0,0.0,0.0,-1.7886098603251588
1930.0,1.0,4.0,2.0,2.0,1.0,1435.0,0.7978999999999999,0.0606,0.05709999999999999,0.0098,0.0314,0.0021,0.0321,0.0063,0.0028,0.5533,0.3055,0.1379,,,2700.0,3450.0,5426.0,9564.0,1.0,16.0,2.0,1.0,1.0,0.0,0.0,0.0,0.0,0.0,0.0,-1.2814099225955502
31256.0,3.0,5.0,1.0,1.0,4.0,355.0,0.3831107042253521,0.03663605633802817,0.15773605633802817,0.06762450704225352,0.0,0.0,0.0,0.2985625352112676,0.0563281690140845,0.0,0.06407352112676057,0.3475754929577465,,,17400.0,17400.0,,,,6.0,2.0,1.0,1.0,0.0,0.0,0.0,0.0,0.0,0.0,-1.4084222753068945
3767.0,2.0,5.0,3.0,3.0,1.0,1492.0,0.561,0.2326,0.0771,0.014699999999999998,0.0047,0.0007,0.0617,0.0087,0.0389,0.0489,0.39139999999999997,0.6827,0.8904,991.0,33286.0,33286.0,22883.0,42600.0,1.0,36.0,1.0,0.0,0.0,1.0,0.0,0.0,0.0,0.0,0.0,-0.6176650453032163
38853.0,2.0,5.0,1.0,1.0,1.0,203.0,0.3695,0.6108,0.0049,0.0,0.0,0.0,0.0148,0.0,0.0,0.0049,0.8515,0.748,,,,,14109.0,18865.0,0.0,6.0,1.0,1.0,0.0,0.0,0.0,0.0,0.0,0.0,0.0,-0.5524969127060327
30431.0,2.0,1.0,3.0,3.0,1.0,93.0,0.7634,0.010799999999999999,0.0215,0.0215,0.0,0.0,0.0,0.043,0.1398,0.0,0.5,0.7125,0.7600000000000001,,20400.0,20400.0,13384.0,31400.0,1.0,1.0,1.0,0.0,0.0,1.0,0.0,0.0,0.0,0.0,0.0,-0.7620200448463208
12929.0,3.0,2.0,1.0,1.0,1.0,99.0,0.6263,0.3535,0.0,0.0,0.0,0.0202,0.0,0.0,0.0,0.4949,0.18180000000000002,0.3182,,,,,16278.0,17623.0,0.0,2.0,1.0,1.0,0.0,0.0,0.0,0.0,0.0,0.0,0.0,-1.9221466546031274
3504.0,2.0,5.0,3.0,3.0,1.0,1087.0,0.6937,0.1132,0.0184,0.0,0.0028,0.0037000000000000006,0.0,0.058899999999999994,0.1095,0.1076,0.5463,0.6154,,,23100.0,23100.0,18635.0,32701.0,1.0,31.0,3.0,0.0,1.0,1.0,0.0,1.0,0.0,0.0,0.0,-0.5935580918261255
41494.0,3.0,8.0,1.0,1.0,1.0,323.0,0.6378,0.0805,0.0712,0.0464,0.024799999999999996,0.006199999999999999,0.1207,0.0030999999999999995,0.0093,0.0,0.3662,0.5567,0.9286,,,,20131.0,22225.0,0.0,1.0,1.0,1.0,0.0,0.0,0.0,0.0,0.0,0.0,0.0,-1.4303069376604105
22825.0,1.0,2.0,1.0,1.0,1.0,157.0,0.949,0.0318,0.006400000000000001,0.0,0.0,0.0,0.0127,0.0,0.0,0.1911,0.6591,0.8352000000000002,,,,,16536.0,19484.0,0.0,1.0,1.0,1.0,0.0,0.0,0.0,0.0,0.0,0.0,0.0,-1.0041112774094954
23355.0,2.0,9.0,3.0,3.0,1.0,199.0,0.0,0.0,1.0,0.0,0.0,0.0,0.0,0.0,0.0,0.48240000000000005,0.9126,0.2961,,,3784.0,3784.0,9698.0,12426.0,1.0,5.0,4.0,0.0,1.0,1.0,1.0,1.0,0.0,0.0,0.0,-0.6694665039224178
9930.0,1.0,6.0,3.0,4.0,1.0,3311.0,0.4065,0.0704,0.4699,0.0184,0.0097,0.003,0.0054,0.0133,0.0033,0.392,0.1915,0.2108,0.87,963.0,5250.0,13938.0,6900.0,13939.0,1.0,39.0,3.0,0.0,0.0,1.0,0.0,1.0,0.0,0.0,1.0,-1.1502688973307256
2856.0,1.0,2.0,3.0,3.0,1.0,2512.0,0.7301,0.10910000000000002,0.1015,0.0107,0.0016000000000000003,0.0004000000000000001,0.029099999999999997,0.0159,0.0016000000000000003,0.0406,0.5243,0.6824,0.7334,877.0,7609.0,16759.0,15364.0,21571.0,1.0,40.0,3.0,1.0,1.0,1.0,0.0,0.0,0.0,0.0,0.0,-1.0333037442877373
10170.0,1.0,4.0,2.0,2.0,1.0,809.0,0.7403999999999998,0.0284,0.0457,0.0124,0.152,0.0087,0.0012,0.0,0.0111,0.1718,0.6097,0.7398,,,5960.0,5960.0,11399.0,15105.0,1.0,20.0,2.0,1.0,1.0,0.0,0.0,0.0,0.0,0.0,0.0,-0.9868113246892738
11745.0,3.0,3.0,1.0,2.0,2.0,1275.0,0.7372570196078431,0.14979607843137252,0.052518117647058826,0.007861333333333333,0.0015989803921568628,0.0015989803921568628,0.034489568627450985,0.002356392156862745,0.012539372549019608,0.0,0.30675662745098037,0.43266462745098044,,,,,22178.09568627451,26065.037647058823,0.0,4.0,2.0,1.0,1.0,0.0,0.0,0.0,0.0,0.0,0.0,-1.395625688548775
3779.0,1.0,8.0,1.0,2.0,1.0,1121.0,0.711,0.0169,0.0946,0.0214,0.031200000000000002,0.0054,0.0937,0.0008999999999999999,0.025,0.182,0.453,0.1502,,,3939.0,9129.0,6855.0,12423.0,1.0,26.0,3.0,1.0,1.0,1.0,0.0,0.0,0.0,0.0,0.0,-1.3055836350368937
2393.0,1.0,4.0,1.0,2.0,2.0,1660.0,0.8596000000000001,0.053000000000000005,0.0289,0.0169,0.0048,0.0,0.0271,0.0024,0.0072,0.4205,0.4721,0.5677,,,5617.0,5617.0,15089.0,18818.0,1.0,31.0,2.0,1.0,1.0,0.0,0.0,0.0,0.0,0.0,0.0,-1.2126391746916767
9412.0,3.0,3.0,2.0,2.0,3.0,990.0,0.6363789898989899,0.2192138383838384,0.07473494949494949,0.01617090909090909,0.007082727272727273,0.0040472727272727275,0.028268585858585864,0.0,0.01414959595959596,0.07778424242424242,0.651609595959596,0.7374431313131313,,,13766.270903010034,13766.270903010034,20358.342424242423,25586.77480490524,1.0,16.0,2.0,1.0,1.0,0.0,0.0,0.0,0.0,0.0,0.0,-0.9762708021204461
41701.0,3.0,8.0,1.0,1.0,1.0,135.0,0.7407,0.0296,0.0593,0.0222,0.0148,0.0444,0.0815,0.0,0.0074,0.0593,0.465,0.5844,,,,,12436.0,15615.0,0.0,1.0,1.0,1.0,0.0,0.0,0.0,0.0,0.0,0.0,0.0,-1.1738243545922622
12561.0,3.0,2.0,3.0,4.0,1.0,637.0,0.5071,0.2104,0.1554,0.0361,0.0047,0.0,0.0408,0.0,0.0455,0.029800000000000004,0.4570000000000001,0.7487,0.5612,,21370.0,21370.0,21764.0,32498.0,1.0,8.0,5.0,0.0,1.0,1.0,0.0,1.0,1.0,1.0,0.0,-0.5123221777887825
21891.0,3.0,9.0,2.0,3.0,4.0,2404.0,0.0,0.0,1.0,0.0,0.0,0.0,0.0,0.0,0.0,0.11938136439267887,0.9642415557404327,0.0,,,6416.0,6416.0,6483.428036605657,11158.184276206322,1.0,5.0,3.0,1.0,1.0,1.0,0.0,0.0,0.0,0.0,0.0,-1.4366547204588398
3282.0,2.0,2.0,3.0,4.0,1.0,1865.0,0.7877,0.0295,0.0633,0.0247,0.0016,0.0005,0.0209,0.007,0.0649,0.0311,0.2868,0.827,0.6727,,31816.0,31816.0,24780.0,42856.0,1.0,46.0,5.0,1.0,1.0,1.0,0.0,1.0,0.0,0.0,1.0,-0.7901058325369323
30352.0,3.0,6.0,1.0,1.0,2.0,187.0,0.0909379679144385,0.29413582887700535,0.5133497326203208,0.0,0.010675935828877004,0.0,0.0,0.0,0.09090053475935829,0.0,0.7770577540106952,0.616664705882353,,,,,10611.90909090909,14243.0,0.0,1.0,1.0,1.0,0.0,0.0,0.0,0.0,0.0,0.0,0.0,-1.4268699965420901
31150.0,3.0,6.0,1.0,2.0,2.0,966.0,0.2991869565217391,0.10143043478260869,0.4607,0.01966086956521739,0.08593043478260869,0.0030956521739130436,0.024878260869565218,0.0,0.005217391304347826,0.0,0.7174347826086955,0.9493565217391304,,,15223.0,15223.0,20530.652173913044,24087.434782608696,1.0,5.0,3.0,1.0,1.0,1.0,0.0,0.0,0.0,0.0,0.0,-1.2942079268281041
36983.0,3.0,8.0,3.0,3.0,5.0,4407.0,0.31494286362604945,0.05083877921488541,0.14637247560698888,0.35718885863399136,0.007724393011118674,0.016769230769230765,0.029932153392330383,0.0054445200816882235,0.07080374404356704,0.07396555479918313,0.328403462508599,0.29236422838798437,0.886669071931019,,32171.329929657364,32171.329929657364,39081.902545287776,40745.36642971796,1.0,5.0,4.0,0.0,0.0,1.0,0.0,1.0,0.0,1.0,1.0,-1.1366695834833689
2869.0,1.0,2.0,2.0,2.0,1.0,3187.0,0.8208,0.0427,0.0697,0.0075,0.013199999999999998,0.0013,0.026399999999999996,0.0091,0.0094,0.2243,0.40310000000000007,0.2522,,,5080.0,9490.0,8527.0,14027.0,1.0,32.0,2.0,1.0,1.0,0.0,0.0,0.0,0.0,0.0,0.0,-1.2469486196552377
35324.0,3.0,8.0,1.0,2.0,1.0,85.0,0.7294,0.1059,0.0941,0.011799999999999998,0.0,0.047099999999999996,0.011799999999999998,0.0,0.0,0.0,0.8267999999999999,0.5433,,,,,15234.0,19620.0,0.0,4.0,2.0,1.0,1.0,0.0,0.0,0.0,0.0,0.0,0.0,-1.8510855656157015
12912.0,3.0,8.0,1.0,2.0,1.0,1247.0,0.5277,0.0938,0.2077,0.081,0.0056,0.0024,0.0449,0.0,0.0369,0.0,0.3092,0.3483,0.8745,,,,14501.0,19986.0,0.0,10.0,2.0,1.0,1.0,0.0,0.0,0.0,0.0,0.0,0.0,-1.63509065753029
2118.0,2.0,1.0,3.0,4.0,1.0,2193.0,0.6986,0.0483,0.0711,0.021,0.0018,0.0005,0.0223,0.016,0.1204,0.0812,0.2295,0.7268,0.813,,36160.0,36160.0,26350.0,47428.0,1.0,56.0,5.0,1.0,1.0,1.0,0.0,1.0,0.0,0.0,1.0,-1.0202502666163533
9740.0,1.0,4.0,2.0,2.0,1.0,4589.0,0.6561,0.11199999999999999,0.0983,0.0599,0.0033,0.0024,0.0495,0.0065,0.012,0.5997,0.3363,0.3831,,,5272.0,5272.0,11946.0,15199.0,1.0,34.0,2.0,1.0,1.0,0.0,0.0,0.0,0.0,0.0,0.0,-1.2734267223967812
23620.0,3.0,6.0,1.0,1.0,3.0,4833.0,0.46365636250775916,0.12084612042209805,0.30251067659838604,0.01634643078833023,0.0049880198634388575,0.0024939168218497828,0.054030477963997514,0.001017877094972067,0.034143699565487275,0.0,0.4783392302917443,0.6515145251396649,,,,,17551.81005586592,21365.659838609557,0.0,2.0,1.0,1.0,0.0,0.0,0.0,0.0,0.0,0.0,0.0,-1.278219949123547
12693.0,1.0,5.0,2.0,2.0,1.0,8131.0,0.8139,0.0726,0.0365,0.0164,0.0036,0.0017,0.0353,0.0196,0.0005,0.3875,0.3862,0.2208,,,3868.0,14932.0,7534.0,12631.0,1.0,32.0,2.0,1.0,1.0,0.0,0.0,0.0,0.0,0.0,0.0,-1.4829061160136008
1316.0,1.0,8.0,3.0,4.0,1.0,18784.0,0.1384,0.0453,0.3616,0.3595,0.0018,0.0036999999999999997,0.0382,0.0412,0.0103,0.0184,0.5752,0.5538,0.5829,1128.0,13407.0,36285.0,13144.0,30174.0,1.0,68.0,4.0,0.0,0.0,1.0,1.0,1.0,1.0,0.0,0.0,-1.3528705278309234
3944.0,1.0,9.0,3.0,4.0,1.0,10914.0,0.0,0.0,1.0,0.0,0.0,0.0,0.0,0.0,0.0,0.059199999999999996,0.6158,0.1703,0.7603,,2019.0,4041.0,8957.0,13929.0,1.0,56.0,3.0,0.0,0.0,1.0,0.0,1.0,1.0,0.0,0.0,-1.7814438191286837
7187.0,3.0,8.0,1.0,1.0,1.0,280.0,0.2964,0.0643,0.5571,0.0536,0.0,0.0,0.028600000000000004,0.0,0.0,0.0,0.6795,0.494,,,,,14395.0,18249.0,0.0,1.0,2.0,1.0,1.0,0.0,0.0,0.0,0.0,0.0,0.0,-0.9078552530530535
22063.0,3.0,2.0,1.0,1.0,1.0,45.0,0.7778000000000002,0.1778,0.0444,0.0,0.0,0.0,0.0,0.0,0.0,0.1111,0.5732,0.6707,,,,,15521.0,19901.0,0.0,1.0,1.0,1.0,0.0,0.0,0.0,0.0,0.0,0.0,0.0,-1.0379280313400567
41754.0,3.0,8.0,1.0,1.0,1.0,91.0,0.7363,0.044,0.1429,0.0,0.011,0.0,0.0549,0.0,0.011,0.2418,0.3312,0.3117,,,,,16676.0,18887.0,0.0,1.0,1.0,1.0,0.0,0.0,0.0,0.0,0.0,0.0,0.0,-0.7887468378594166
2010.0,1.0,5.0,3.0,4.0,1.0,24452.0,0.7414999999999999,0.11449999999999999,0.05720000000000001,0.0384,0.0027000000000000006,0.0011,0.024599999999999997,0.0175,0.0025,0.0557,0.2013,0.3486,0.7663,1161.0,8750.0,26467.0,11958.0,21846.0,1.0,97.0,6.0,0.0,0.0,1.0,1.0,1.0,1.0,1.0,1.0,-1.09455528967781
2557.0,1.0,4.0,2.0,2.0,1.0,1278.0,0.8153,0.0376,0.0775,0.007,0.007,0.0023,0.0149,0.0156,0.0227,0.3451,0.2914,0.2437,,,2820.0,3540.0,5859.0,10158.0,1.0,18.0,2.0,1.0,1.0,0.0,0.0,0.0,0.0,0.0,0.0,-1.3882683994175733
40385.0,1.0,5.0,2.0,2.0,1.0,1725.0,0.84,0.09740000000000001,0.0174,0.0046,0.0023,0.0017,0.0284,0.0006,0.0075,0.2203,0.4864,0.5531,,,4440.0,10542.0,9553.0,14218.0,1.0,30.0,3.0,1.0,1.0,1.0,0.0,0.0,0.0,0.0,0.0,-1.06508083848987
2582.0,1.0,1.0,2.0,2.0,1.0,2612.0,0.6221,0.0348,0.0345,0.0203,0.0030999999999999995,0.0011,0.0107,0.0,0.2734,0.6413,0.3687,0.5185,,,6848.0,15008.0,14286.0,17129.0,1.0,32.0,2.0,1.0,1.0,0.0,0.0,0.0,0.0,0.0,0.0,-1.1810629642017534
23053.0,2.0,6.0,3.0,4.0,1.0,229.0,0.4454,0.2795,0.1834,0.048,0.0131,0.0,0.0175,0.0,0.0131,0.3188,0.5223,0.8344,,,14650.0,14650.0,26242.0,32570.0,1.0,11.0,6.0,1.0,1.0,1.0,0.0,1.0,1.0,1.0,0.0,-1.2312107647074286
2240.0,1.0,3.0,2.0,2.0,1.0,1777.0,0.8835,0.0045,0.0158,0.0056,0.0315,0.0028,0.0304,0.0,0.0259,0.5295,0.4971999999999999,0.3572,,,4367.0,11683.0,6810.0,13251.0,1.0,30.0,2.0,1.0,1.0,0.0,0.0,0.0,0.0,0.0,0.0,-1.022791823646506
5378.0,1.0,5.0,2.0,2.0,1.0,4988.0,0.9062,0.026699999999999998,0.0204,0.0054,0.0044,0.0002,0.0164,0.003,0.0172,0.3775,0.4576,0.0,,,3816.0,15168.0,6538.0,11961.0,1.0,30.0,2.0,1.0,1.0,0.0,0.0,0.0,0.0,0.0,0.0,-1.621609038688144
2837.0,1.0,2.0,3.0,4.0,1.0,19488.0,0.4868,0.0693,0.0614,0.1379,0.0021,0.001,0.0229,0.1638,0.054900000000000004,0.0768,0.2965,0.4693,0.5781,1165.0,8870.0,22290.0,16293.0,21996.0,1.0,116.0,8.0,1.0,1.0,1.0,1.0,1.0,1.0,1.0,1.0,-1.3156177420982287
3925.0,1.0,3.0,3.0,4.0,1.0,2353.0,0.8283,0.0183,0.0238,0.0106,0.0251,0.0013,0.0323,0.05739999999999999,0.003,0.1832,0.4123,0.6399,0.8856999999999999,1010.0,7994.0,15567.0,12027.0,16780.0,1.0,40.0,3.0,0.0,1.0,1.0,0.0,1.0,0.0,0.0,0.0,-0.7905964849464355
3212.0,2.0,8.0,3.0,4.0,1.0,1802.0,0.5255,0.0178,0.1121,0.1232,0.0078,0.025,0.1304,0.0183,0.04,0.01,0.3261,0.8555,0.8045,1090.0,38510.0,38510.0,27592.0,50486.0,1.0,57.0,5.0,0.0,0.0,1.0,0.0,1.0,1.0,1.0,1.0,-0.9588711587764228
1748.0,2.0,3.0,3.0,4.0,1.0,1017.0,0.6706,0.0924,0.0492,0.0157,0.0,0.0,0.0934,0.0049,0.0737,0.119,0.5113,0.8148,0.548,1009.0,27530.0,27530.0,20977.0,37127.0,1.0,36.0,2.0,0.0,0.0,1.0,0.0,1.0,0.0,0.0,0.0,-0.9001606199376029
3322.0,1.0,2.0,3.0,4.0,1.0,8516.0,0.7866,0.0795,0.0729,0.0103,0.0016,0.0018,0.0224,0.0096,0.0151,0.0567,0.3233,0.725,0.7967,960.0,9099.0,19549.0,19723.0,23383.0,1.0,44.0,3.0,0.0,0.0,1.0,1.0,1.0,0.0,0.0,0.0,-0.7267121371323116
31240.0,3.0,3.0,1.0,1.0,1.0,416.0,0.3678,0.5913,0.0072,0.0,0.0,0.0,0.0,0.0,0.0337,0.0,0.8547,0.8659,,,,,27088.0,31342.0,0.0,1.0,1.0,1.0,0.0,0.0,0.0,0.0,0.0,0.0,0.0,-1.4680441129883686
2385.0,1.0,4.0,1.0,2.0,2.0,2603.0,0.8098,0.0507,0.0473,0.0196,0.0234,0.0,0.0342,0.0096,0.0054,0.4871,0.3531,0.4768,,,5517.0,5517.0,11774.0,15184.0,1.0,37.0,2.0,1.0,1.0,0.0,0.0,0.0,0.0,0.0,0.0,-1.3088957242527148
2710.0,2.0,2.0,3.0,4.0,1.0,852.0,0.3333,0.054000000000000006,0.1045,0.2066,0.0117,0.0,0.0188,0.1373,0.1338,0.007,0.1939,0.1786,0.1506,1388.0,41400.0,41400.0,11110.0,57429.0,1.0,8.0,3.0,1.0,0.0,1.0,0.0,1.0,0.0,0.0,0.0,-1.7209435083516407
21858.0,3.0,8.0,1.0,1.0,1.0,102.0,0.049,0.6863,0.1961,0.0392,0.0,0.0098,0.0,0.0,0.0196,0.0,0.6346,0.4808,,,,,12113.0,15244.0,0.0,1.0,1.0,1.0,0.0,0.0,0.0,0.0,0.0,0.0,0.0,-0.3648641324859247
2219.0,2.0,1.0,3.0,4.0,1.0,5143.0,0.575,0.0402,0.0671,0.1102,0.00039999999999999996,0.00019999999999999998,0.0449,0.0811,0.0809,0.0068000000000000005,0.11429999999999998,0.2886,0.1724,1423.0,48643.0,48643.0,28329.0,61000.0,1.0,94.0,7.0,1.0,0.0,1.0,1.0,1.0,1.0,1.0,1.0,-1.6333226941265064
2931.0,2.0,5.0,3.0,3.0,1.0,1998.0,0.6306,0.2327,0.0556,0.0195,0.0045,0.0015,0.031,0.016,0.0085,0.1612,0.4318,0.6568,0.6218,,33430.0,33430.0,23469.0,45395.0,1.0,32.0,2.0,1.0,0.0,1.0,0.0,0.0,0.0,0.0,0.0,-0.604526117111537
2171.0,1.0,1.0,2.0,2.0,1.0,4480.0,0.4754,0.1629,0.1502,0.0453,0.0067,0.0002,0.0,0.0239,0.1353,0.5971,0.3059,0.1929,,,4176.0,9120.0,12347.0,16257.0,1.0,45.0,2.0,1.0,1.0,0.0,0.0,0.0,0.0,0.0,0.0,-2.0919400322018666
7930.0,3.0,8.0,1.0,2.0,1.0,967.0,0.1727,0.1603,0.4302,0.1241,0.0062,0.0403,0.0403,0.0,0.0259,0.0,0.3776,0.4138,1.0,,,,21661.0,26344.0,0.0,5.0,2.0,1.0,1.0,0.0,0.0,0.0,0.0,0.0,0.0,-1.4165938190032057
2956.0,2.0,5.0,3.0,4.0,1.0,190.0,0.6684,0.1737,0.0158,0.0,0.0,0.005299999999999999,0.1,0.0211,0.0158,0.3368,0.6193,0.5279,0.4607,937.0,9580.0,9580.0,13950.0,21468.0,1.0,19.0,7.0,1.0,1.0,1.0,1.0,1.0,1.0,1.0,0.0,-0.4823975469269553
1923.0,1.0,4.0,2.0,2.0,1.0,3843.0,0.726,0.0744,0.0952,0.0065,0.0073,0.0005,0.0242,0.0065,0.0593,0.41790000000000005,0.2897,0.2167,,,2720.0,4032.0,7568.0,11765.0,1.0,36.0,2.0,1.0,1.0,0.0,0.0,0.0,0.0,0.0,0.0,-1.492447563644002
3790.0,2.0,8.0,3.0,4.0,1.0,4415.0,0.4458,0.0251,0.0911,0.1592,0.0052,0.0068,0.0727,0.1067,0.0874,0.0435,0.2083,0.5347,0.7335,1183.0,38205.0,38205.0,32996.0,52458.0,1.0,79.0,6.0,0.0,0.0,1.0,1.0,1.0,1.0,1.0,1.0,-1.3312431244285203
2525.0,2.0,4.0,3.0,4.0,1.0,990.0,0.8273,0.0424,0.0141,0.0051,0.0081,0.001,0.0232,0.003,0.0758,0.1414,0.3363,0.6138,0.763,1042.0,21260.0,21260.0,21058.0,34371.0,1.0,32.0,5.0,0.0,1.0,1.0,0.0,1.0,1.0,0.0,1.0,-0.656902519487473
2945.0,2.0,5.0,3.0,4.0,1.0,1618.0,0.725,0.1057,0.0352,0.0309,0.0062,0.0012,0.034,0.0358,0.026,0.0297,0.3405000000000001,0.6633,0.6127,,32140.0,32140.0,21944.0,40570.0,1.0,43.0,3.0,0.0,0.0,1.0,0.0,1.0,0.0,0.0,1.0,-0.7234629777618908
2217.0,2.0,1.0,3.0,3.0,1.0,2274.0,0.8391,0.0427,0.0453,0.0224,0.0004,0.0004,0.018,0.0079,0.0237,0.0079,0.1532,0.6872,0.7696,,37426.0,37426.0,31005.0,51977.0,1.0,41.0,1.0,0.0,0.0,1.0,0.0,0.0,0.0,0.0,0.0,-1.1345584154415789
11572.0,3.0,7.0,2.0,2.0,1.0,196.0,0.2194,0.0,0.0102,0.0,0.0,0.0051,0.0,0.0,0.7653,0.0,0.47139999999999993,0.5556,,,,,16410.0,18669.0,0.0,1.0,1.0,0.0,1.0,0.0,0.0,0.0,0.0,0.0,0.0,-0.947614965116181
11799.0,3.0,5.0,1.0,1.0,4.0,675.0,0.6133545185185186,0.23405303703703706,0.06667644444444444,0.011870222222222221,0.008888,0.004456888888888889,0.05778844444444444,0.001488888888888889,0.0014856296296296295,0.23555274074074073,0.508006074074074,0.6079408888888889,,,,,14627.192592592593,17446.776296296295,0.0,1.0,1.0,1.0,0.0,0.0,0.0,0.0,0.0,0.0,0.0,-0.8215119270491226
1842.0,2.0,3.0,3.0,4.0,1.0,3210.0,0.7333000000000001,0.0526,0.0769,0.0178,0.0028,0.0,0.0237,0.0782,0.0146,0.0255,0.2445,0.5829,0.8236,1155.0,34760.0,34760.0,20431.0,44674.0,1.0,87.0,6.0,1.0,1.0,1.0,0.0,1.0,0.0,1.0,1.0,-0.8524754786725807
2454.0,1.0,4.0,3.0,4.0,1.0,9017.0,0.772,0.1044,0.0353,0.009,0.0021,0.0011,0.0414,0.0235,0.0113,0.1086,0.3664,0.6013,0.7795,1010.0,7265.0,13659.0,14725.0,18112.0,1.0,85.0,4.0,1.0,0.0,1.0,0.0,1.0,0.0,0.0,1.0,-0.8586616190375187
1522.0,1.0,5.0,2.0,2.0,1.0,2128.0,0.5226,0.0921,0.3134,0.0179,0.0009,0.0047,0.016,0.0193,0.0132,0.5841,0.4839,0.0697,,,3175.0,11869.0,5267.0,10398.0,1.0,47.0,3.0,1.0,1.0,1.0,0.0,0.0,0.0,0.0,0.0,-1.6914831239057213
2308.0,2.0,3.0,3.0,4.0,1.0,945.0,0.7735,0.1048,0.0635,0.0074,0.0042,0.0,0.0317,0.0116,0.0032,0.0254,0.5112,0.8248000000000001,0.6143,917.0,23800.0,23800.0,19725.0,33155.0,1.0,36.0,2.0,0.0,0.0,1.0,0.0,1.0,0.0,0.0,0.0,-0.5734247655225105
35553.0,3.0,5.0,1.0,1.0,1.0,304.0,0.3487,0.5263,0.055900000000000005,0.0296,0.006600000000000001,0.0,0.0329,0.0,0.0,0.4704,0.3661,0.3693,0.7264,,,,21257.0,23754.0,0.0,3.0,1.0,1.0,0.0,0.0,0.0,0.0,0.0,0.0,0.0,-1.2002183969292495
2678.0,3.0,2.0,2.0,3.0,18.0,11896.0,0.4112997730329522,0.47276738399462004,0.0590155094149294,0.00883105245460659,0.007055363147276395,0.001511516476126429,0.03209889038332212,0.0002522276395427034,0.007146234028244788,0.441147108271688,0.7968703093476799,0.8539718140551447,,,15517.118022864828,15517.118022864828,14260.461163416274,20738.1845998655,1.0,21.0,3.0,1.0,1.0,1.0,0.0,0.0,0.0,0.0,0.0,-0.4130007994399035
1874.0,2.0,4.0,3.0,3.0,1.0,2326.0,0.8465,0.0146,0.034,0.0168,0.003,0.0,0.0211,0.0628,0.0013,0.006,0.1845,0.6687,0.7116,1157.0,38370.0,38370.0,24321.0,48419.0,1.0,41.0,1.0,0.0,0.0,1.0,0.0,0.0,0.0,0.0,0.0,-0.7960045659996532
25876.0,3.0,2.0,1.0,1.0,1.0,66.0,0.8333,0.1061,0.015200000000000002,0.0,0.0,0.0,0.0455,0.0,0.0,0.2879,0.6358,0.8519,,,,,11204.0,14239.0,0.0,1.0,1.0,1.0,0.0,0.0,0.0,0.0,0.0,0.0,0.0,-1.588541998822487
3430.0,2.0,5.0,3.0,4.0,1.0,1117.0,0.5067,0.3679,0.0483,0.0107,0.0045,0.0009000000000000001,0.0376,0.017,0.0063,0.2892,0.5642,0.7747,0.7905,1033.0,27350.0,27350.0,16745.0,38479.0,1.0,36.0,2.0,0.0,0.0,1.0,0.0,1.0,0.0,0.0,0.0,-0.5972170283926846
3935.0,1.0,9.0,3.0,4.0,1.0,3607.0,0.0222,0.0061,0.0064,0.4389,0.0008,0.4946,0.0,0.008,0.023,0.2265,0.5269,0.276,,,5098.0,11506.0,10923.0,13852.0,1.0,35.0,3.0,0.0,0.0,1.0,0.0,1.0,0.0,0.0,1.0,-0.761472606669207
5461.0,1.0,2.0,2.0,2.0,1.0,1064.0,0.5357,0.1814,0.0498,0.0103,0.0066,0.0047,0.0479,0.0,0.1635,0.4201,0.4492,0.2008,,,3984.0,4794.0,5492.0,10350.0,1.0,29.0,2.0,1.0,1.0,0.0,0.0,0.0,0.0,0.0,0.0,-1.386820538453788
41703.0,3.0,5.0,1.0,1.0,1.0,239.0,0.0042,0.0126,0.9707,0.0,0.0042,0.0,0.0042,0.0,0.0042,0.0,0.7879000000000002,0.6465,,,,,20653.0,24870.0,0.0,1.0,1.0,1.0,0.0,0.0,0.0,0.0,0.0,0.0,0.0,-0.9576056367925383
2692.0,1.0,2.0,2.0,2.0,1.0,10685.0,0.0243,0.2761,0.6389,0.025899999999999996,0.0019,0.0034000000000000002,0.0066,0.0229,0.0,0.3608,0.6775,0.09820000000000001,,,4854.0,7554.0,8209.0,15107.0,1.0,33.0,2.0,1.0,1.0,0.0,0.0,0.0,0.0,0.0,0.0,-1.5947068495516588
3993.0,1.0,5.0,2.0,2.0,1.0,10979.0,0.518,0.3601,0.038,0.0228,0.0056,0.0018,0.0281,0.0,0.0256,0.5239,0.5164,0.4182,,,3886.0,11230.0,5100.0,10678.0,1.0,44.0,2.0,1.0,1.0,0.0,0.0,0.0,0.0,0.0,0.0,-1.1709587897071758
3584.0,2.0,6.0,3.0,4.0,1.0,2015.0,0.6571,0.0983,0.0928,0.0114,0.004,0.001,0.0392,0.0417,0.0546,0.3469,0.3839000000000001,0.5701,0.494,1177.0,26910.0,26910.0,20426.0,38461.0,1.0,61.0,3.0,0.0,1.0,1.0,0.0,1.0,0.0,0.0,0.0,-0.7867601166648898
2365.0,2.0,4.0,3.0,4.0,1.0,658.0,0.576,0.041,0.0684,0.079,0.0106,0.0,0.0,0.0,0.2249,0.0319,0.3474,0.8895,0.6441,1088.0,34146.0,34146.0,25649.0,42990.0,1.0,8.0,4.0,0.0,0.0,1.0,1.0,1.0,0.0,0.0,1.0,-0.4146328323523848
2537.0,1.0,7.0,3.0,3.0,1.0,1337.0,0.8803,0.0097,0.0359,0.0097,0.0187,0.0037,0.0112,0.0,0.0307,0.1316,0.4186,0.5643,,,4761.0,15490.0,9474.0,14792.0,1.0,22.0,3.0,1.0,1.0,1.0,0.0,0.0,0.0,0.0,0.0,-0.7219891286043658
1775.0,1.0,3.0,3.0,4.0,1.0,31875.0,0.5071,0.0544,0.0879,0.1625,0.0005,0.0011,0.0268,0.1543,0.0054,0.0177,0.2058,0.3893,0.5904,1326.0,15020.0,29646.0,18375.0,29086.0,1.0,124.0,6.0,1.0,0.0,1.0,0.0,1.0,1.0,1.0,1.0,-1.4247011336458981
1371.0,2.0,7.0,3.0,4.0,1.0,5629.0,0.6763,0.026599999999999995,0.0908,0.0425,0.0043,0.0014,0.0325,0.09649999999999999,0.0291,0.059,0.176,0.3759,0.7649000000000001,1231.0,42090.0,42090.0,29771.0,55476.0,1.0,95.0,6.0,1.0,0.0,1.0,0.0,1.0,1.0,1.0,1.0,-1.180934311845716
20925.0,3.0,2.0,2.0,2.0,2.0,281.0,0.8149298932384341,0.16371957295373665,0.014245907473309609,0.0,0.0,0.003574377224199288,0.003574377224199288,0.0,0.0,0.09964946619217081,0.8088729537366548,0.8143932384341637,0.85271743772242,,9644.0,9644.0,8574.829181494662,14022.953736654805,1.0,12.0,3.0,1.0,1.0,1.0,0.0,0.0,0.0,0.0,0.0,-0.9724460897361162
9345.0,1.0,2.0,3.0,4.0,1.0,7676.0,0.7307,0.0641,0.103,0.0541,0.0012,0.0016,0.028,0.0027,0.014599999999999998,0.0662,0.3561,0.6737,0.6475,1078.0,12568.0,19089.0,20433.0,26132.0,1.0,39.0,6.0,0.0,0.0,1.0,1.0,1.0,1.0,1.0,1.0,-1.033132403176903
2054.0,1.0,1.0,3.0,4.0,1.0,5783.0,0.8148000000000001,0.0327,0.0209,0.0242,0.0088,0.001,0.025200000000000004,0.0102,0.0621,0.3158,0.3586,0.5564,0.8395000000000001,998.0,7796.0,18508.0,17048.0,22083.0,1.0,77.0,8.0,1.0,1.0,1.0,1.0,1.0,1.0,1.0,1.0,-0.9635907542043975
21245.0,1.0,4.0,1.0,1.0,1.0,178.0,0.7920999999999999,0.0337,0.0337,0.0112,0.0506,0.0112,0.0674,0.0,0.0,0.0,0.6429,0.6582,,,,,23235.0,28910.0,0.0,9.0,1.0,1.0,0.0,0.0,0.0,0.0,0.0,0.0,0.0,-1.5746285077682391
2517.0,1.0,4.0,3.0,4.0,1.0,6418.0,0.7773,0.0368,0.0282,0.0276,0.0037,0.0014000000000000002,0.024799999999999996,0.0664,0.0338,0.1049,0.2558,0.5193,0.8585,1283.0,8961.0,23771.0,14874.0,21798.0,1.0,49.0,5.0,1.0,0.0,1.0,0.0,1.0,1.0,0.0,1.0,-1.2720172692282596
4619.0,3.0,5.0,2.0,4.0,1.0,2889.0,0.5074,0.1855,0.0007,0.012799999999999999,0.005899999999999999,0.0024,0.0893,0.0024,0.19350000000000003,0.4102,0.5695,0.6355,,,19740.0,19740.0,25166.0,28903.0,1.0,42.0,8.0,1.0,1.0,1.0,1.0,1.0,1.0,1.0,1.0,-0.6420643903306292
13214.0,3.0,2.0,1.0,1.0,1.0,143.0,0.5594,0.2238,0.0559,0.1119,0.0,0.0,0.0,0.0,0.049,0.0,0.5806,0.8952,,,,,,,,1.0,1.0,1.0,0.0,0.0,0.0,0.0,0.0,0.0,0.0,-1.3777958508649921
1692.0,1.0,3.0,3.0,4.0,1.0,18056.0,0.7817,0.0738,0.0879,0.0217,0.0012,0.0009,0.0247,0.0037999999999999996,0.0043,0.060300000000000006,0.2665,0.6017,0.7388,1110.0,13296.0,20886.0,20052.0,26259.0,1.0,74.0,6.0,0.0,0.0,1.0,1.0,1.0,1.0,1.0,1.0,-1.1094732518358243
12059.0,2.0,4.0,3.0,3.0,1.0,212.0,0.783,0.0849,0.0189,0.0,0.042499999999999996,0.0283,0.033,0.0094,0.0,0.0943,0.6768,0.9090999999999999,0.3645,946.0,14620.0,14620.0,16261.0,25694.0,1.0,5.0,3.0,0.0,1.0,1.0,0.0,1.0,0.0,0.0,0.0,-0.45756585237343644
1535.0,1.0,5.0,3.0,4.0,1.0,32758.0,0.5807632822516637,0.06688979791196045,0.19895565968618353,0.07630592527016301,0.0027388149459673973,0.006021466511997069,0.028088921790097074,0.011898751450027474,0.028245430123939187,0.08677844496000976,0.3152,0.3184,0.44999546065083335,1269.8605226204286,6247.607637828927,28268.707155504,11778.0,20085.0,1.0,126.0,7.0,1.0,1.0,1.0,0.0,1.0,1.0,1.0,1.0,-1.5628772610529518
9145.0,1.0,3.0,3.0,4.0,1.0,3557.0,0.38399999999999995,0.3697,0.10509999999999999,0.0157,0.0031,0.0014,0.0188,0.0084,0.0936,0.5187,0.5147,0.763,0.9408999999999998,909.0,9386.0,17036.0,,,,41.0,5.0,0.0,0.0,1.0,0.0,1.0,1.0,1.0,1.0,-1.139223712088685
2657.0,1.0,6.0,3.0,4.0,5.0,20601.0,0.2733592155720596,0.0274336294354643,0.5808016649677199,0.01018153487694772,0.027431008203485267,0.001851803310518907,0.012828052036308919,0.037521998932090676,0.028594344934711913,0.2353429784961895,0.45262039221397016,0.361424838600068,0.696,984.0,4177.88544245425,13332.513955633221,7484.0387359836905,13892.912625600698,1.0,143.0,7.0,1.0,1.0,1.0,0.0,1.0,1.0,1.0,1.0,-0.8264920977703452
2459.0,1.0,4.0,2.0,2.0,1.0,4285.0,0.817,0.0154,0.0817,0.0154,0.0219,0.004,0.021,0.0131,0.0105,0.3967,0.5343,0.1902,,,2232.0,3048.0,5514.0,9166.0,1.0,37.0,2.0,1.0,1.0,0.0,0.0,0.0,0.0,0.0,0.0,-1.3859331847924614
2729.0,2.0,2.0,3.0,3.0,1.0,1528.0,0.678,0.0785,0.07,0.0203,0.0039,0.0,0.0,0.0347,0.1145,0.0144,0.3195,0.7176,0.8956,,40070.0,40070.0,24387.0,50483.0,1.0,29.0,1.0,0.0,0.0,1.0,0.0,0.0,0.0,0.0,0.0,-0.8167895598957841
9862.0,2.0,4.0,3.0,4.0,1.0,739.0,0.751,0.0501,0.0406,0.0257,0.0068,0.0014,0.0203,0.0,0.1042,0.46279999999999993,0.3564,0.7205,0.6134,990.0,13352.0,13352.0,20554.0,24048.0,1.0,10.0,8.0,1.0,1.0,1.0,1.0,1.0,1.0,1.0,1.0,-1.0063278297803218
34224.0,2.0,6.0,3.0,3.0,1.0,482.0,0.1577,0.4813,0.3133,0.0145,0.0,0.0,0.0249,0.0,0.0083,0.8859,0.6124,0.5703,,,6946.0,6946.0,24045.0,32091.0,1.0,5.0,3.0,1.0,1.0,1.0,0.0,0.0,0.0,0.0,0.0,-0.42878639954521974
2273.0,2.0,3.0,3.0,3.0,1.0,3312.0,0.8388,0.0248,0.0761,0.0157,0.0009,0.0,0.019,0.0236,0.0012,0.0299,0.2087,0.5593,0.7741,1185.0,29560.0,29560.0,23345.0,39856.0,1.0,40.0,1.0,0.0,0.0,1.0,0.0,0.0,0.0,0.0,0.0,-0.7793762242434784
20564.0,3.0,2.0,1.0,1.0,1.0,223.0,0.5874,0.1435,0.21969999999999998,0.0045,0.0,0.0,0.0269,0.0045,0.0135,0.3184,0.32160000000000005,0.3744,,,,,15150.0,18507.0,0.0,1.0,1.0,1.0,0.0,0.0,0.0,0.0,0.0,0.0,0.0,-1.6450084555578104
1360.0,1.0,7.0,3.0,4.0,1.0,20583.0,0.5972,0.060500000000000005,0.21670000000000003,0.0358,0.006500000000000001,0.0028,0.0386,0.0051,0.0368,0.391,0.3778,0.4915999999999999,0.6511,973.0,6070.0,18888.0,10378.0,14522.0,1.0,58.0,3.0,1.0,0.0,1.0,0.0,1.0,0.0,0.0,0.0,-0.8849776475932349
1678.0,2.0,3.0,3.0,3.0,1.0,652.0,0.8390000000000001,0.0537,0.023,0.0077,0.0031,0.0046,0.029100000000000004,0.0077,0.0322,0.0353,0.41620000000000007,0.776,0.6448,1053.0,20060.0,20060.0,17573.0,28945.0,1.0,24.0,1.0,0.0,0.0,1.0,0.0,0.0,0.0,0.0,0.0,-0.798010798591043
2259.0,1.0,3.0,3.0,4.0,1.0,17723.0,0.6595,0.1965,0.0403,0.0229,0.0024,0.0008,0.0341,0.0204,0.0231,0.27,0.4391,0.732,0.6887,1028.0,9663.0,25706.0,12955.0,19532.0,1.0,117.0,6.0,1.0,0.0,1.0,1.0,1.0,1.0,0.0,1.0,-0.7283791801305265
22463.0,3.0,5.0,1.0,0.0,5.0,731.0,0.7086020519835842,0.21340109439124488,0.049248016415868665,0.0013636114911080711,0.0,0.0,0.016409302325581396,0.0,0.010957592339261286,0.0,0.8080027359781121,0.7121247606019152,,,,,16252.06292749658,19823.62653898769,0.0,3.0,2.0,1.0,1.0,0.0,0.0,0.0,0.0,0.0,0.0,-1.2476068413459973
10814.0,2.0,2.0,2.0,2.0,1.0,217.0,0.871,0.1106,0.013800000000000002,0.0046,0.0,0.0,0.0,0.0,0.0,0.5346,0.2556,0.5333,0.6446,,,,19733.0,21395.0,0.0,1.0,3.0,1.0,1.0,1.0,0.0,0.0,0.0,0.0,0.0,-1.0202841564531602
1076.0,1.0,6.0,1.0,2.0,1.0,16156.0,0.4431,0.0712,0.3424,0.043,0.0164,0.0032,0.0221,0.0106,0.048,0.6157,0.3824,0.1784,,,2046.0,7830.0,7600.0,11822.0,1.0,49.0,2.0,1.0,1.0,0.0,0.0,0.0,0.0,0.0,0.0,-1.823529120388257
25259.0,3.0,2.0,1.0,1.0,1.0,156.0,0.7436,0.0321,0.1667,0.0256,0.0,0.0,0.0192,0.0064,0.0064,0.1538,0.3048,0.3755,,,,,14457.0,17510.0,0.0,1.0,1.0,1.0,0.0,0.0,0.0,0.0,0.0,0.0,0.0,-1.8294055166723557
3770.0,1.0,8.0,2.0,2.0,1.0,1614.0,0.5657,0.011800000000000001,0.3451,0.0161,0.0062,0.0,0.0192,0.005,0.031,0.2255,0.4982,0.2562,,,4150.0,4550.0,6165.0,12365.0,1.0,21.0,2.0,1.0,1.0,0.0,0.0,0.0,0.0,0.0,0.0,-1.5644524149263754
3662.0,1.0,6.0,2.0,2.0,1.0,3516.0,0.4414,0.0606,0.4639,0.0122,0.0034,0.0006,0.0131,0.0003,0.0046,0.6712,0.3668,0.1316,,,2640.0,4650.0,7199.0,12318.0,1.0,17.0,2.0,1.0,1.0,0.0,0.0,0.0,0.0,0.0,0.0,-1.3953484866348966
30399.0,3.0,8.0,2.0,3.0,2.0,387.0,0.062,0.2455,0.5013,0.0594,0.0,0.0155,0.031,0.0,0.0853,0.0,0.7622999999999999,0.7434,,,,,21461.0,25361.0,0.0,8.0,3.0,1.0,1.0,1.0,0.0,0.0,0.0,0.0,0.0,-0.6679062926941504
3302.0,2.0,2.0,2.0,4.0,1.0,1565.0,0.7776,0.029399999999999996,0.0109,0.0026,0.0026,0.0,0.0,0.014699999999999998,0.1623,0.2032,0.3987,0.7485,0.7398,913.0,20790.0,20790.0,21327.0,32332.0,1.0,23.0,5.0,1.0,1.0,1.0,1.0,1.0,0.0,0.0,0.0,-0.6422807074545067
3227.0,2.0,8.0,3.0,4.0,1.0,2009.0,0.6167,0.0199,0.1145,0.0811,0.0139,0.0035,0.0896,0.0164,0.0443,0.0105,0.2081,0.4922,0.8131,1209.0,44076.0,44076.0,28009.0,54536.0,1.0,39.0,3.0,0.0,0.0,1.0,0.0,1.0,0.0,1.0,0.0,-0.973435708931324
6494.0,2.0,3.0,2.0,3.0,1.0,355.0,0.8366,0.1099,0.0254,0.0197,0.0,0.0,0.0085,0.0,0.0,0.6338,0.4535,0.7887,0.7885000000000001,910.0,19420.0,19420.0,24560.0,26147.0,1.0,2.0,2.0,0.0,1.0,1.0,0.0,0.0,0.0,0.0,0.0,-1.1648312153149845
41284.0,3.0,5.0,1.0,2.0,1.0,708.0,0.007100000000000001,0.0523,0.9407,0.0,0.0,0.0,0.0,0.0,0.0,0.0,0.4239,0.5458,,,,,18230.0,20829.0,0.0,5.0,4.0,1.0,1.0,1.0,0.0,1.0,0.0,0.0,0.0,-0.2565697307591549
23635.0,3.0,5.0,1.0,1.0,1.0,46.0,0.587,0.1739,0.1087,0.087,0.0435,0.0,0.0,0.0,0.0,0.0,0.6957000000000001,0.6087,,,,,9440.0,13856.0,0.0,1.0,1.0,1.0,0.0,0.0,0.0,0.0,0.0,0.0,0.0,-0.7152813547272119
40363.0,3.0,6.0,1.0,1.0,1.0,100.0,0.91,0.05,0.03,0.01,0.0,0.0,0.0,0.0,0.0,0.0,0.4583,0.3788,,,,,13428.0,16909.0,0.0,4.0,1.0,1.0,0.0,0.0,0.0,0.0,0.0,0.0,0.0,-1.5075058563208885
7279.0,2.0,8.0,3.0,4.0,1.0,4741.0,0.286,0.0626,0.1386,0.1683,0.0049,0.023,0.1784,0.11729999999999999,0.0209,0.3387,0.2555,0.45250000000000007,0.6183,,21130.0,21130.0,21363.0,32448.0,1.0,67.0,6.0,1.0,1.0,1.0,1.0,1.0,0.0,0.0,1.0,-0.9964956641508067
1793.0,2.0,3.0,3.0,4.0,1.0,942.0,0.5329,0.1295,0.0648,0.0594,0.0096,0.0,0.0011,0.1783,0.0244,0.0042,0.28290000000000004,0.5414,0.6452,,42870.0,42870.0,18919.0,52710.0,1.0,38.0,2.0,0.0,0.0,1.0,0.0,1.0,0.0,0.0,0.0,-0.7713476452903987
2251.0,1.0,3.0,2.0,2.0,1.0,8383.0,0.791,0.1012,0.0667,0.0064,0.0062,0.0004,0.0025,0.0023,0.0234,0.6018,0.4467,0.2219,,,3191.0,8963.0,4370.0,9045.0,1.0,60.0,2.0,1.0,1.0,0.0,0.0,0.0,0.0,0.0,0.0,-1.235913060626601
1471.0,1.0,5.0,2.0,3.0,1.0,6937.0,0.618,0.1564,0.1371,0.0138,0.0036,0.0027,0.0,0.013,0.0554,0.6007,0.5455,0.4222,,,2570.0,10126.0,9267.0,13701.0,1.0,38.0,3.0,1.0,1.0,1.0,0.0,0.0,0.0,0.0,0.0,-1.0779646890987706
2140.0,2.0,1.0,3.0,4.0,1.0,1336.0,0.5202,0.0734,0.0876,0.0269,0.0075,0.0,0.0,0.0067,0.2777,0.2493,0.4298,0.7506,0.7897,946.0,31188.0,31188.0,20813.0,41625.0,1.0,39.0,8.0,1.0,1.0,1.0,1.0,1.0,1.0,1.0,1.0,-0.7234823803560182
1707.0,2.0,3.0,3.0,4.0,1.0,4605.0,0.6554,0.0697,0.182,0.0328,0.0004,0.0017,0.025,0.008,0.025,0.1716,0.3161,0.6766,0.6191,1070.0,27830.0,27830.0,18373.0,34901.0,1.0,66.0,6.0,1.0,1.0,1.0,0.0,1.0,1.0,0.0,1.0,-1.1231006830165442
21466.0,1.0,6.0,2.0,2.0,1.0,3653.0,0.115,0.2091,0.4851,0.026,0.0569,0.003,0.0178,0.0049,0.0821,0.6523,0.5068,0.2584,,,2046.0,7830.0,7691.0,12324.0,1.0,31.0,2.0,1.0,1.0,0.0,0.0,0.0,0.0,0.0,0.0,-1.6050533141162764
3663.0,2.0,6.0,3.0,4.0,1.0,3716.0,0.4319,0.1601,0.2769,0.019600000000000003,0.0097,0.0081,0.0406,0.0129,0.0401,0.7126,0.3389,0.8171,0.9774000000000002,946.0,12960.0,12960.0,16452.0,23229.0,1.0,38.0,3.0,0.0,1.0,1.0,0.0,1.0,0.0,0.0,0.0,-0.808031146992042
5532.0,1.0,4.0,1.0,1.0,1.0,320.0,0.8905999999999998,0.1031,0.0,0.0,0.0063,0.0,0.0,0.0,0.0,0.5281,0.3969,0.4046,,,,,16103.0,18745.0,0.0,20.0,2.0,1.0,1.0,0.0,0.0,0.0,0.0,0.0,0.0,-1.6234873270165837
3861.0,2.0,3.0,3.0,4.0,1.0,1588.0,0.789,0.0749,0.0686,0.0094,0.0113,0.0019,0.0019,0.0302,0.0126,0.1858,0.3963,0.7281,0.7674,950.0,25930.0,25930.0,18776.0,34276.0,1.0,46.0,5.0,1.0,0.0,1.0,0.0,1.0,1.0,0.0,1.0,-0.7608245204478595
2078.0,2.0,2.0,3.0,4.0,1.0,4062.0,0.7875,0.0507,0.094,0.033,0.0015,0.001,0.0236,0.0044,0.0042,0.0086,0.1426,0.5335,0.5963,,44090.0,44090.0,32584.0,57775.0,1.0,47.0,5.0,0.0,0.0,1.0,0.0,1.0,1.0,1.0,1.0,-1.1188021563970292
23322.0,3.0,3.0,1.0,1.0,1.0,80.0,0.65,0.1625,0.125,0.0125,0.0,0.0,0.0375,0.0125,0.0,0.625,0.618,0.618,,,,,19354.0,23990.0,0.0,1.0,1.0,1.0,0.0,0.0,0.0,0.0,0.0,0.0,0.0,-0.8741457839222553
2795.0,2.0,2.0,3.0,3.0,1.0,891.0,0.8743,0.0224,0.037,0.0011,0.0034,0.0,0.009,0.0034,0.0494,0.0112,0.4302,0.8247,0.9843,,26146.0,26146.0,23828.0,40021.0,1.0,18.0,3.0,1.0,1.0,1.0,0.0,0.0,0.0,0.0,0.0,-0.7072234673205806
1600.0,2.0,5.0,3.0,4.0,1.0,553.0,0.396,0.2857,0.0488,0.014500000000000002,0.0,0.0018,0.0235,0.217,0.0127,0.1392,0.3472,0.4562,,,20025.0,20025.0,16658.0,30647.0,1.0,31.0,2.0,0.0,0.0,1.0,0.0,1.0,0.0,0.0,0.0,-0.6094055037726418
2409.0,1.0,5.0,2.0,2.0,1.0,5037.0,0.6881,0.2672,0.0169,0.004,0.0022,0.0002,0.0064,0.0,0.0151,0.2503,0.5672,0.23989999999999997,,,2420.0,4620.0,5725.0,10894.0,1.0,62.0,2.0,1.0,1.0,0.0,0.0,0.0,0.0,0.0,0.0,-1.4616184346031051
2063.0,1.0,2.0,2.0,2.0,1.0,21500.0,0.4236,0.396,0.0445,0.0526,0.0042,0.0022,0.0341,0.0382,0.0046,0.6673,0.46559999999999996,0.1763,,,3712.0,9718.0,7291.0,11768.0,1.0,80.0,2.0,1.0,1.0,0.0,0.0,0.0,0.0,0.0,0.0,-1.333232638869525
2953.0,2.0,5.0,3.0,3.0,1.0,1077.0,0.4466,0.3203,0.030599999999999995,0.0232,0.0093,0.0019,0.0214,0.0,0.1467,0.1616,0.5338,0.7687,0.6291,890.0,24650.0,24650.0,18742.0,38415.0,1.0,26.0,1.0,0.0,0.0,1.0,0.0,0.0,0.0,0.0,0.0,-0.7401808538313692
2073.0,2.0,2.0,3.0,4.0,1.0,1463.0,0.6712,0.1012,0.0848,0.0342,0.0021,0.0007,0.0403,0.015,0.0506,0.013,0.2483,0.6502,0.7569,,40558.0,40558.0,27682.0,52462.0,1.0,37.0,4.0,0.0,0.0,1.0,1.0,1.0,0.0,0.0,1.0,-0.7126292436604001
38143.0,3.0,6.0,1.0,1.0,1.0,47.0,0.1915,0.04259999999999999,0.766,0.0,0.0,0.0,0.0,0.0,0.0,0.0,0.88,0.94,,,,,5371.0,11016.0,0.0,1.0,1.0,1.0,0.0,0.0,0.0,0.0,0.0,0.0,0.0,-1.0736363025979325
3014.0,2.0,3.0,3.0,4.0,1.0,3276.0,0.7897,0.0916,0.0507,0.0128,0.0012,0.0009,0.0388,0.0107,0.0037,0.09949999999999999,0.34099999999999997,0.8166,0.6397,,28814.0,28814.0,20243.0,38441.0,1.0,63.0,3.0,1.0,0.0,1.0,0.0,1.0,0.0,0.0,0.0,-0.6954038915304458
37813.0,3.0,2.0,1.0,1.0,1.0,224.0,0.022300000000000004,0.9464,0.0,0.0,0.0,0.0268,0.0,0.0045,0.0,0.2411,0.3466,0.4118,,,,,24184.0,28752.0,0.0,3.0,1.0,1.0,0.0,0.0,0.0,0.0,0.0,0.0,0.0,-1.2504022982006815
41301.0,1.0,5.0,1.0,2.0,1.0,3004.0,0.5273,0.3702,0.0413,0.0017,0.0033,0.001,0.0133,0.001,0.0409,0.4264,0.4547,0.0,,,3635.0,6701.0,16519.0,21079.0,1.0,29.0,2.0,1.0,1.0,0.0,0.0,0.0,0.0,0.0,0.0,-0.8899631835043526
3025.0,2.0,3.0,3.0,4.0,1.0,3082.0,0.8712,0.0175,0.024300000000000002,0.0217,0.0026,0.0003,0.0263,0.0159,0.0201,0.0198,0.21909999999999996,0.5082,0.7449000000000001,1187.0,26420.0,26420.0,22025.0,34902.0,1.0,65.0,6.0,1.0,0.0,1.0,0.0,1.0,1.0,1.0,1.0,-0.9738375372686046
1485.0,1.0,5.0,2.0,2.0,1.0,833.0,0.6891,0.08040000000000001,0.0348,0.0168,0.0048,0.0048,0.0168,0.0036000000000000003,0.1489,0.557,0.324,0.1396,,,3276.0,10726.0,13696.0,19576.0,1.0,15.0,3.0,1.0,1.0,1.0,0.0,0.0,0.0,0.0,0.0,-1.4984004949039536
1556.0,2.0,5.0,3.0,4.0,1.0,1581.0,0.49779999999999996,0.3175,0.0778,0.0202,0.0018999999999999998,0.0018999999999999998,0.0335,0.0253,0.024,0.36750000000000005,0.3612000000000001,0.4741,0.7581,985.0,24780.0,24780.0,17241.0,35745.0,1.0,32.0,6.0,0.0,1.0,1.0,0.0,1.0,1.0,1.0,1.0,-0.693202734572348
2211.0,2.0,1.0,3.0,4.0,1.0,3373.0,0.5956056922620813,0.23626916691372668,0.09960933886747703,0.0068631188852653425,0.0032400830121553518,0.0011799584939223245,0.017787192410317225,0.015991935962051586,0.02345351319300326,0.13459958493922325,0.4183981915209013,0.845054788022532,0.7087,1025.0,33455.0,33455.0,27466.0,45887.0,1.0,33.0,5.0,0.0,0.0,1.0,0.0,1.0,1.0,1.0,1.0,-0.6042847407608042
30784.0,3.0,3.0,1.0,1.0,1.0,109.0,0.34859999999999997,0.4495,0.2018,0.0,0.0,0.0,0.0,0.0,0.0,0.5321,0.7358,0.673,,,,,14059.0,17722.0,0.0,1.0,1.0,1.0,0.0,0.0,0.0,0.0,0.0,0.0,0.0,-0.8077837823761436
23405.0,3.0,4.0,1.0,2.0,2.0,711.0,0.3403549929676512,0.5794834036568214,0.004225597749648383,0.001427566807313643,0.009845147679324895,0.001427566807313643,0.0197,0.0,0.04359282700421941,0.45568762306610405,0.658282841068917,0.5944279887482419,0.7872,,,,25021.0,29051.0,0.0,7.0,3.0,1.0,1.0,1.0,0.0,0.0,0.0,0.0,0.0,-1.008641022954021
1710.0,2.0,3.0,3.0,4.0,1.0,10042.0,0.6028,0.0376,0.132,0.1105,0.001,0.0021,0.060399999999999995,0.0352,0.0183,0.0833,0.2817,0.6092,0.6334,1212.0,37412.0,37412.0,29899.0,48958.0,1.0,101.0,7.0,1.0,0.0,1.0,1.0,1.0,1.0,1.0,1.0,-1.0855427489491127
3813.0,1.0,5.0,3.0,3.0,1.0,1378.0,0.7054,0.1604,0.0152,0.0022,0.0,0.0,0.0087,0.0044,0.10380000000000002,0.254,0.3638,0.4357,0.4656,900.0,6696.0,15120.0,14667.0,20317.0,1.0,21.0,3.0,1.0,1.0,1.0,0.0,0.0,0.0,0.0,0.0,-0.45273030057527863
3820.0,3.0,5.0,2.0,4.0,1.0,402.0,0.3632,0.2264,0.049800000000000004,0.0025000000000000005,0.005000000000000001,0.005000000000000001,0.007499999999999999,0.1119,0.2289,0.0,0.7052,0.8095,,,17700.0,17700.0,18397.0,27117.0,1.0,10.0,6.0,1.0,1.0,1.0,1.0,1.0,0.0,0.0,1.0,-0.33850651960253647
25524.0,3.0,5.0,1.0,1.0,1.0,77.0,0.5714,0.20780000000000004,0.039,0.1688,0.0,0.0,0.0,0.013,0.0,0.3506,0.5646,0.5374,,,,,14633.0,18262.0,0.0,1.0,1.0,1.0,0.0,0.0,0.0,0.0,0.0,0.0,0.0,-1.902068213842451
2933.0,2.0,5.0,3.0,4.0,1.0,4197.0,0.8146,0.0522,0.0407,0.0126,0.0043,0.0,0.0398,0.0155,0.0203,0.0076,0.115,0.4791,0.8019,1096.0,31480.0,31480.0,36542.0,45350.0,1.0,50.0,3.0,0.0,0.0,1.0,0.0,1.0,1.0,0.0,0.0,-0.9155009999755714
3245.0,2.0,2.0,3.0,4.0,1.0,1428.0,0.4237000000000001,0.36200000000000004,0.0896,0.0175,0.0014,0.0042,0.0329,0.0161,0.0525,0.1856,0.474,0.7817999999999999,0.7471,968.0,32110.0,32110.0,24654.0,43477.0,1.0,45.0,8.0,1.0,1.0,1.0,1.0,1.0,1.0,1.0,1.0,-0.6785848818669304
1742.0,1.0,3.0,2.0,2.0,1.0,833.0,0.9292,0.018,0.018,0.0096,0.0012,0.0,0.021600000000000005,0.0,0.0024,0.2725,0.3891,0.0782,,,2954.0,11070.0,664.0,6705.0,1.0,22.0,2.0,1.0,1.0,0.0,0.0,0.0,0.0,0.0,0.0,-1.7534183691017813
2707.0,2.0,2.0,3.0,4.0,1.0,8100.0,0.3874,0.0726,0.1311,0.1774,0.0051,0.0014,0.0468,0.1391,0.0391,0.0746,0.2141,0.2561,0.0695,1470.0,51008.0,51008.0,22298.0,64144.0,1.0,127.0,6.0,0.0,0.0,1.0,1.0,1.0,1.0,1.0,1.0,-1.561722054711723
2976.0,1.0,5.0,3.0,4.0,1.0,14497.0,0.5457,0.2705,0.0684,0.0456,0.0037,0.0012,0.0426,0.0185,0.0038,0.1298,0.4447,0.576,0.6073,1043.0,6454.0,21316.0,12186.0,18640.0,1.0,70.0,5.0,0.0,0.0,1.0,0.0,1.0,1.0,1.0,1.0,-0.7452276355251595
1468.0,2.0,5.0,3.0,4.0,1.0,931.0,0.0924,0.217,0.4619,0.0043,0.0011,0.0011,0.010699999999999998,0.1751,0.0365,0.0569,0.5082,0.5971,0.849,919.0,27150.0,27150.0,21620.0,40271.0,1.0,53.0,7.0,1.0,0.0,1.0,1.0,1.0,1.0,1.0,1.0,-1.0430120604568383
2523.0,2.0,4.0,3.0,3.0,1.0,943.0,0.6531999999999999,0.0795,0.0392,0.010600000000000002,0.0223,0.0021,0.010600000000000002,0.1591,0.0233,0.0074,0.2925,0.7572,0.6634,1114.0,22560.0,22560.0,20280.0,34470.0,1.0,51.0,2.0,1.0,0.0,1.0,0.0,0.0,0.0,0.0,0.0,-0.659226471612642
41411.0,3.0,3.0,1.0,1.0,1.0,58.0,0.8448,0.069,0.0,0.0172,0.0,0.0,0.069,0.0,0.0,0.4828,0.4833,0.5417,,,,,19063.0,21696.0,0.0,1.0,1.0,1.0,0.0,0.0,0.0,0.0,0.0,0.0,0.0,-1.6860831724039511
2489.0,2.0,4.0,3.0,4.0,1.0,1383.0,0.5589,0.1822,0.04990000000000001,0.008,0.0065,0.0116,0.0,0.154,0.0289,0.0166,0.4632,0.6473,0.43779999999999997,,18400.0,18400.0,16016.0,29173.0,1.0,41.0,3.0,0.0,1.0,1.0,0.0,1.0,0.0,0.0,0.0,-0.510154878635548
3560.0,2.0,6.0,3.0,4.0,1.0,3357.0,0.6101,0.1546,0.1418,0.0197,0.007400000000000001,0.0018,0.0,0.0646,0.0,0.2934,0.294,0.63,0.4621,1075.0,23650.0,23650.0,23705.0,34013.0,1.0,60.0,6.0,1.0,1.0,1.0,0.0,1.0,1.0,0.0,1.0,-0.967382996376593
1577.0,1.0,5.0,3.0,4.0,1.0,23058.0,0.6082,0.19039999999999999,0.0755,0.0339,0.0023,0.0016,0.042,0.0186,0.027300000000000005,0.2397,0.40669999999999995,0.5462,0.5345,1076.0,5912.0,15630.0,16392.0,21945.0,1.0,81.0,7.0,1.0,1.0,1.0,1.0,1.0,1.0,0.0,1.0,-0.881617712033207
25530.0,3.0,3.0,2.0,2.0,1.0,139.0,0.9352999999999999,0.036,0.014399999999999998,0.014399999999999998,0.0,0.0,0.0,0.0,0.0,0.014399999999999998,0.3929,0.9,0.6567,,24607.0,24607.0,34366.0,38862.0,1.0,1.0,1.0,0.0,1.0,0.0,0.0,0.0,0.0,0.0,0.0,-1.2572054669226627
1943.0,2.0,4.0,3.0,4.0,1.0,819.0,0.6178,0.0989,0.1136,0.012200000000000003,0.0049,0.0098,0.033,0.011000000000000001,0.0989,0.2759,0.34270000000000006,0.6472,0.475,1002.0,24450.0,24450.0,15065.0,33706.0,1.0,40.0,5.0,0.0,1.0,1.0,0.0,1.0,1.0,1.0,0.0,-0.9938302567935556
21366.0,2.0,3.0,3.0,4.0,1.0,1060.0,0.834,0.05,0.0481,0.0094,0.0057,0.0009,0.0226,0.0198,0.0094,0.0755,0.3393,0.7692,0.8429,1079.0,25960.0,25960.0,18548.0,35337.0,1.0,39.0,3.0,0.0,0.0,1.0,0.0,1.0,0.0,0.0,1.0,-0.743108819456995
1575.0,1.0,5.0,2.0,3.0,1.0,3864.0,0.5199,0.3998,0.0367,0.009600000000000001,0.0005,0.0013,0.026900000000000004,0.0021,0.0031,0.32400000000000007,0.5534,0.5524,0.4839,859.0,3510.0,9937.0,11175.0,15663.0,1.0,10.0,2.0,0.0,1.0,1.0,0.0,0.0,0.0,0.0,0.0,-0.7719847667618207
22978.0,3.0,4.0,1.0,1.0,1.0,69.0,0.7826,0.0,0.0435,0.028999999999999998,0.1014,0.0,0.0435,0.0,0.0,0.0,0.3813,0.4245,,,,,9187.0,13203.0,0.0,2.0,1.0,1.0,0.0,0.0,0.0,0.0,0.0,0.0,0.0,-1.3169698696663783
1071.0,1.0,6.0,1.0,2.0,1.0,7218.0,0.17929999999999996,0.0292,0.6952000000000002,0.01,0.0114,0.003,0.0109,0.0313,0.0296,0.655,0.5581,0.046900000000000004,,,2480.0,8085.0,8978.0,14247.0,1.0,74.0,2.0,1.0,1.0,0.0,0.0,0.0,0.0,0.0,0.0,-2.03302759268696
8228.0,1.0,4.0,2.0,2.0,1.0,1626.0,0.4016,0.0357,0.49749999999999994,0.0209,0.0062,0.0012,0.0135,0.0117,0.0117,0.48399999999999993,0.2239,0.10059999999999998,,,2528.0,3744.0,3850.0,9736.0,1.0,25.0,2.0,1.0,1.0,0.0,0.0,0.0,0.0,0.0,0.0,-1.852565070141898
2161.0,1.0,1.0,3.0,4.0,1.0,12190.0,0.6564,0.0595,0.09270000000000002,0.0848,0.0016,0.0003,0.0253,0.0244,0.0549,0.23730000000000004,0.2884,0.5744,0.6201,1145.0,12447.0,27400.0,16798.0,23628.0,1.0,73.0,7.0,1.0,1.0,1.0,0.0,1.0,1.0,1.0,1.0,-1.0068031168377989
1813.0,1.0,3.0,3.0,4.0,1.0,21777.0,0.7186,0.10360000000000001,0.0568,0.0359,0.0014,0.0008,0.0356,0.0375,0.0098,0.2139,0.3728,0.5126,0.7049,1010.0,8909.0,30089.0,13007.0,19875.0,1.0,117.0,8.0,1.0,1.0,1.0,1.0,1.0,1.0,1.0,1.0,-1.01519444718861
3621.0,2.0,6.0,3.0,4.0,1.0,3991.0,0.3789,0.0423,0.3984,0.0323,0.0043,0.0018,0.0323,0.0864,0.0233,0.1391,0.3358,0.56,0.7836,1116.0,36550.0,36550.0,19358.0,46212.0,1.0,65.0,3.0,0.0,0.0,1.0,0.0,1.0,0.0,0.0,1.0,-0.8636193204470809
3026.0,1.0,3.0,3.0,4.0,1.0,1728.0,0.0139,0.9543,0.0069,0.0006,0.0017,0.0,0.0087,0.0041,0.0098,0.088,0.7736,0.8369,0.3772,804.0,6246.0,13928.0,11662.0,17695.0,1.0,31.0,2.0,0.0,0.0,1.0,0.0,1.0,0.0,0.0,0.0,-0.07903370796223912
3724.0,2.0,5.0,3.0,4.0,1.0,2343.0,0.4187,0.1541,0.1583,0.0854,0.0051,0.0047,0.0376,0.1024,0.0337,0.0939,0.2654,0.5664,0.8396,1001.0,27470.0,27470.0,24796.0,41008.0,1.0,36.0,6.0,1.0,0.0,1.0,1.0,1.0,1.0,0.0,1.0,-0.9934887819584807
2870.0,1.0,2.0,2.0,2.0,1.0,3009.0,0.7311,0.0744,0.1077,0.0096,0.006000000000000001,0.004,0.0366,0.0093,0.0213,0.2915,0.4831,0.3251,,,4547.0,6635.0,6074.0,10621.0,1.0,28.0,2.0,1.0,1.0,0.0,0.0,0.0,0.0,0.0,0.0,-1.2037477790096385
3012.0,2.0,3.0,3.0,4.0,1.0,3227.0,0.7806,0.1289,0.026,0.0046,0.0046,0.0009000000000000001,0.014300000000000002,0.0236,0.0164,0.2411,0.2855,0.5807,0.7257,1048.0,19852.0,19852.0,20881.0,41577.0,1.0,68.0,7.0,1.0,1.0,1.0,0.0,1.0,1.0,1.0,1.0,-0.7500566745330254
3592.0,1.0,6.0,3.0,4.0,1.0,5142.0,0.5508,0.1394,0.1571,0.0266,0.008,0.0027,0.0315,0.076,0.0078,0.2485,0.3765,0.518,0.6164,995.0,7753.0,9703.0,10823.0,16931.0,1.0,58.0,4.0,0.0,1.0,1.0,1.0,1.0,0.0,0.0,0.0,-0.9748736075185276
3596.0,1.0,6.0,1.0,2.0,1.0,4316.0,0.2773,0.0473,0.5827,0.0118,0.0042,0.0009,0.0021,0.0176,0.0561,0.6443,0.2445,0.0496,,,2580.0,5160.0,5038.0,11411.0,1.0,52.0,2.0,1.0,1.0,0.0,0.0,0.0,0.0,0.0,0.0,-1.6905956310062236
41519.0,1.0,8.0,2.0,2.0,1.0,865.0,0.652,0.0034999999999999996,0.2659,0.015,0.010400000000000001,0.0092,0.0185,0.0,0.0254,0.6046,0.454,0.2321,,,3636.0,3636.0,7596.0,12425.0,1.0,12.0,2.0,1.0,1.0,0.0,0.0,0.0,0.0,0.0,0.0,-0.8290215498352745
3652.0,1.0,6.0,3.0,4.0,1.0,31643.0,0.2718,0.1083,0.3133,0.2167,0.001,0.0027,0.0333,0.0451,0.0077,0.2543,0.3849,0.4068,0.6299,1139.0,8605.0,19693.0,13028.0,22713.0,1.0,102.0,5.0,1.0,0.0,1.0,0.0,1.0,1.0,1.0,0.0,-1.232104748286026
3523.0,1.0,5.0,3.0,4.0,1.0,10039.0,0.8032,0.0368,0.0236,0.013099999999999999,0.0014,0.0004,0.0229,0.095,0.0036,0.0777,0.3621,0.4506,0.9441,1105.0,7679.0,22679.0,13203.0,21411.0,1.0,42.0,4.0,0.0,0.0,1.0,0.0,1.0,1.0,0.0,1.0,-1.1311134993014167
7518.0,3.0,2.0,1.0,1.0,1.0,1259.0,0.0683,0.3058,0.20890000000000003,0.029400000000000003,0.0071,0.0,0.0,0.0,0.3805,0.2613,0.6707,0.5861,,,,,17411.0,22471.0,0.0,6.0,1.0,1.0,0.0,0.0,0.0,0.0,0.0,0.0,0.0,-1.4645459920885222
2361.0,2.0,4.0,3.0,4.0,1.0,744.0,0.9409,0.0081,0.0094,0.005399999999999999,0.0013,0.0,0.0134,0.0215,0.0,0.0484,0.3277,0.7457,0.9732,1125.0,12920.0,12920.0,16104.0,21524.0,1.0,12.0,3.0,1.0,0.0,1.0,0.0,1.0,0.0,0.0,0.0,-0.8559968775714379
2521.0,2.0,4.0,3.0,4.0,1.0,3349.0,0.6238,0.1744,0.0397,0.0212,0.0042,0.0012,0.0257,0.0308,0.0791,0.2523,0.35400000000000004,0.6484999999999999,0.7206,1105.0,24600.0,24600.0,20708.0,39110.0,1.0,82.0,6.0,1.0,0.0,1.0,0.0,1.0,1.0,1.0,1.0,-0.7938970836600884
30646.0,1.0,6.0,3.0,4.0,1.0,9973.0,0.0393,0.0075,0.9011,0.0065,0.0007,0.0003,0.0,0.0422,0.0023,0.4596,0.5116,0.3615,,,5282.0,14744.0,6425.0,13619.0,1.0,60.0,6.0,1.0,1.0,1.0,0.0,1.0,1.0,0.0,1.0,-1.5380612495918726
2553.0,2.0,4.0,3.0,4.0,1.0,1236.0,0.6497,0.0469,0.029900000000000003,0.0081,0.004,0.0049,0.068,0.0502,0.1383,0.0364,0.4295,0.8104,0.6018,1010.0,28150.0,28150.0,22298.0,37710.0,1.0,30.0,2.0,0.0,0.0,1.0,0.0,1.0,0.0,0.0,0.0,-0.6911362827349228
33723.0,1.0,6.0,2.0,2.0,1.0,12600.0,0.259,0.055900000000000005,0.5983,0.0267,0.0025,0.0033,0.0383,0.0025,0.0137,0.6917,0.2558,0.0597,,,2088.0,10740.0,6470.0,11804.0,1.0,54.0,2.0,1.0,1.0,0.0,0.0,0.0,0.0,0.0,0.0,-1.508559064850762
3220.0,1.0,8.0,2.0,2.0,1.0,1650.0,0.6842,0.0182,0.1061,0.015199999999999998,0.0352,0.0067,0.049699999999999994,0.0091,0.0758,0.3503,0.1221,0.105,,,5355.0,5355.0,9193.0,14236.0,1.0,35.0,2.0,1.0,1.0,0.0,0.0,0.0,0.0,0.0,0.0,-1.161821802065994
1287.0,1.0,8.0,1.0,2.0,1.0,20334.0,0.5675,0.0257,0.294,0.0452,0.0081,0.0034,0.0494,0.0017,0.0049,0.6566,0.1797,0.0192,,,1280.0,6599.0,6171.0,12197.0,1.0,87.0,2.0,1.0,1.0,0.0,0.0,0.0,0.0,0.0,0.0,-1.603610439331893
2608.0,2.0,2.0,3.0,4.0,1.0,1423.0,0.565,0.1427,0.1075,0.0232,0.0035,0.0007,0.0225,0.0134,0.1216,0.0871,0.4161,0.6554,0.6806,945.0,30998.0,30998.0,18905.0,40068.0,1.0,41.0,4.0,1.0,0.0,1.0,0.0,1.0,0.0,0.0,1.0,-0.8894579503003365
2622.0,1.0,2.0,3.0,4.0,1.0,11938.0,0.37950000000000006,0.198,0.2536,0.05859999999999999,0.0015,0.0037,0.0182,0.012399999999999998,0.0745,0.2225,0.4308,0.6212,0.7036000000000001,907.0,11244.0,17653.0,16951.0,23295.0,1.0,57.0,4.0,0.0,0.0,1.0,0.0,1.0,1.0,0.0,1.0,-0.900895410379918
11385.0,2.0,1.0,3.0,4.0,1.0,365.0,0.7041,0.0082,0.0575,0.0247,0.0055,0.0,0.013699999999999999,0.1616,0.0247,0.0219,0.38759999999999994,0.6152,0.711,,40491.0,40491.0,17463.0,49890.0,1.0,2.0,2.0,0.0,0.0,1.0,0.0,1.0,0.0,0.0,0.0,-0.47458394194318504
12461.0,3.0,1.0,1.0,1.0,13.0,5803.0,0.2786401861106324,0.3617064449422713,0.2267905393761847,0.032564156470790966,0.0029369119420989136,0.0024124590728933307,0.040833344821643976,0.0,0.05411416508702396,0.2224763053592969,0.7234704463208685,0.7998861450973634,,,15580.0,15580.0,19939.084266758575,25148.0,1.0,16.0,3.0,1.0,1.0,1.0,0.0,0.0,0.0,0.0,0.0,-1.1096715251620848
25950.0,3.0,5.0,1.0,1.0,1.0,62.0,0.871,0.0806,0.0484,0.0,0.0,0.0,0.0,0.0,0.0,0.6129,0.6327,0.3265,,,,,13776.0,17160.0,0.0,2.0,1.0,1.0,0.0,0.0,0.0,0.0,0.0,0.0,0.0,-1.0307645776512953
9344.0,1.0,2.0,3.0,4.0,1.0,5447.0,0.6347,0.0569,0.1377,0.065,0.0028,0.002,0.012700000000000001,0.011,0.0773,0.0857,0.2774,0.6391,0.5332,1082.0,13388.0,22038.0,20656.0,27561.0,1.0,36.0,2.0,0.0,0.0,1.0,0.0,1.0,0.0,0.0,0.0,-1.168212383165255
39603.0,1.0,5.0,2.0,2.0,1.0,1729.0,0.9196,0.0561,0.004,0.0093,0.0029,0.0006,0.0069,0.0,0.0006,0.2036,0.5576,0.2527,,,3564.0,4794.0,4592.0,9713.0,1.0,30.0,2.0,1.0,1.0,0.0,0.0,0.0,0.0,0.0,0.0,-1.3888084395539393
7933.0,1.0,7.0,1.0,2.0,1.0,15551.0,0.7010000000000001,0.018700000000000005,0.1411,0.0332,0.0082,0.0023,0.0363,0.0156,0.0437,0.6666,0.3551,0.3618,,,3365.0,12693.0,10030.0,14336.0,1.0,34.0,2.0,1.0,1.0,0.0,0.0,0.0,0.0,0.0,0.0,-1.3210753919490972
21633.0,2.0,9.0,1.0,4.0,1.0,140.0,0.0,0.0,1.0,0.0,0.0,0.0,0.0,0.0,0.0,0.2214,0.8264,0.3333,0.4444,,10290.0,10290.0,18651.0,23844.0,1.0,7.0,7.0,1.0,1.0,1.0,0.0,1.0,1.0,1.0,1.0,-1.4525036980804162
1706.0,2.0,3.0,3.0,4.0,1.0,1600.0,0.575,0.0669,0.1513,0.048799999999999996,0.0025,0.0,0.0356,0.0925,0.0275,0.0088,0.3321,0.6679,0.552,,41172.0,41172.0,22370.0,51631.0,1.0,30.0,2.0,0.0,0.0,1.0,0.0,1.0,0.0,0.0,0.0,-0.8601527423405192
41560.0,3.0,2.0,1.0,1.0,1.0,107.0,0.6822,0.1402,0.0841,0.0187,0.0187,0.0,0.028,0.028,0.0,0.1869,0.4725,0.5,,,,,18801.0,22276.0,0.0,1.0,1.0,1.0,0.0,0.0,0.0,0.0,0.0,0.0,0.0,-1.4358097428863772
20661.0,3.0,3.0,1.0,1.0,1.0,197.0,0.2234,0.7411,0.0203,0.0102,0.0,0.0,0.0,0.0,0.0051,0.0,0.3462,0.3462,,,,,10046.0,14263.0,0.0,1.0,1.0,1.0,0.0,0.0,0.0,0.0,0.0,0.0,0.0,-0.6004724276589819
22975.0,3.0,3.0,1.0,1.0,1.0,61.0,0.9836,0.0,0.0164,0.0,0.0,0.0,0.0,0.0,0.0,0.0,0.6824000000000001,0.9059,,,,,6436.0,10682.0,0.0,1.0,1.0,1.0,0.0,0.0,0.0,0.0,0.0,0.0,0.0,-0.652888605715399
1592.0,1.0,5.0,2.0,3.0,1.0,2371.0,0.5888,0.3378,0.0447,0.0076,0.0046,0.0,0.0101,0.0038,0.0025,0.267,0.6382,0.4727,,,3690.0,11098.0,7545.0,12274.0,1.0,3.0,2.0,0.0,1.0,1.0,0.0,0.0,0.0,0.0,0.0,-1.1327196162719217
30116.0,3.0,2.0,2.0,2.0,1.0,385.0,0.7662000000000001,0.1377,0.0805,0.0052,0.0,0.0,0.0,0.0,0.0104,0.0831,0.6897,0.7457000000000001,,,27160.0,27160.0,29844.0,35172.0,1.0,8.0,2.0,1.0,1.0,0.0,0.0,0.0,0.0,0.0,0.0,-1.1573445121526587
2342.0,2.0,4.0,3.0,4.0,1.0,3399.0,0.6523,0.098,0.0612,0.1115,0.0059,0.0018,0.022400000000000003,0.0091,0.038,0.3869,0.399,0.7527,0.6721,1032.0,36420.0,36420.0,21678.0,43101.0,1.0,72.0,8.0,1.0,1.0,1.0,1.0,1.0,1.0,1.0,1.0,-0.8967385177858845
2311.0,2.0,3.0,3.0,3.0,1.0,264.0,0.7765,0.0303,0.015200000000000002,0.0265,0.007600000000000001,0.0,0.0417,0.0606,0.0417,0.1212,0.5069,0.7118,0.7065,1030.0,19084.0,19084.0,18599.0,26557.0,1.0,27.0,4.0,1.0,1.0,1.0,0.0,0.0,0.0,0.0,1.0,-0.6523037573499856
3300.0,2.0,2.0,3.0,4.0,1.0,412.0,0.6359000000000001,0.1626,0.068,0.0291,0.0024,0.0024,0.05099999999999999,0.0218,0.0267,0.0461,0.4262,0.815,0.5862,,35410.0,35410.0,33077.0,49020.0,1.0,7.0,4.0,0.0,0.0,1.0,1.0,1.0,0.0,0.0,1.0,-0.3752437787516838
2408.0,1.0,5.0,2.0,2.0,1.0,5353.0,0.46399999999999997,0.4934,0.0095,0.0088,0.0013,0.0002,0.007500000000000001,0.0002,0.015100000000000002,0.2782,0.5504,0.215,,,2288.0,4868.0,5357.0,9975.0,1.0,55.0,2.0,1.0,1.0,0.0,0.0,0.0,0.0,0.0,0.0,-1.2669263413356242
3866.0,1.0,3.0,2.0,2.0,1.0,14991.0,0.4217,0.3103,0.1232,0.0466,0.0091,0.0005,0.029,0.0,0.0596,0.6645,0.5212,0.5299,,,4282.0,6171.0,9652.0,13801.0,1.0,70.0,2.0,1.0,1.0,0.0,0.0,0.0,0.0,0.0,0.0,-1.0112786811106027
3840.0,1.0,3.0,1.0,2.0,1.0,3935.0,0.8816,0.0152,0.0201,0.0371,0.0079,0.0051,0.0249,0.0,0.0081,0.5205,0.4005000000000001,0.4495,,,4044.0,5932.0,10042.0,13683.0,1.0,49.0,2.0,1.0,1.0,0.0,0.0,0.0,0.0,0.0,0.0,-1.3710262200925574
3747.0,1.0,5.0,3.0,3.0,1.0,1477.0,0.7847,0.11440000000000002,0.019,0.0088,0.0034,0.0,0.0034,0.0,0.0664,0.0582,0.3841,0.4203,0.6882,946.0,8868.0,24329.0,11578.0,20095.0,1.0,30.0,1.0,0.0,0.0,1.0,0.0,0.0,0.0,0.0,0.0,-0.9954604983698394
6273.0,2.0,4.0,2.0,3.0,1.0,772.0,0.8859999999999999,0.0466,0.0246,0.027200000000000002,0.0026000000000000003,0.0,0.0039,0.0,0.0091,0.5168,0.3899,0.7184,0.9667,,15642.0,15642.0,19631.0,25217.0,1.0,9.0,3.0,1.0,1.0,1.0,0.0,0.0,0.0,0.0,0.0,-1.439997431927741
35373.0,3.0,2.0,1.0,1.0,1.0,346.0,0.1358,0.4769,0.2688,0.0376,0.0145,0.0173,0.005799999999999999,0.0,0.0434,0.0,0.62,0.6498,,,,,19772.0,23837.0,0.0,1.0,1.0,1.0,0.0,0.0,0.0,0.0,0.0,0.0,0.0,-1.1545191357235631
1124.0,1.0,8.0,2.0,2.0,1.0,12423.0,0.5089,0.0127,0.3677,0.0333,0.0045,0.002,0.04710000000000001,0.0058,0.018,0.6411,0.24420000000000003,0.0317,,,1358.0,5698.0,8234.0,14153.0,1.0,58.0,2.0,1.0,1.0,0.0,0.0,0.0,0.0,0.0,0.0,-1.1209388400974956
1880.0,2.0,4.0,3.0,4.0,1.0,1417.0,0.8391,0.0416,0.014800000000000002,0.014100000000000001,0.0028,0.0007,0.014100000000000001,0.029600000000000005,0.043,0.3959,0.3516,0.7405,0.5683,1030.0,27010.0,27010.0,18573.0,38095.0,1.0,47.0,2.0,0.0,0.0,1.0,0.0,1.0,0.0,0.0,0.0,-0.9419430971627302
9942.0,1.0,3.0,3.0,4.0,1.0,3753.0,0.8657,0.0562,0.0067,0.0032,0.0064,0.0003,0.0155,0.0131,0.033,0.1346,0.5384,0.6994,,,7364.0,12617.0,14281.0,18453.0,1.0,50.0,4.0,1.0,1.0,1.0,0.0,1.0,0.0,0.0,0.0,-0.5432338871284114
3487.0,1.0,5.0,3.0,4.0,1.0,11162.0,0.8361,0.0641,0.0216,0.0132,0.0023,0.0006,0.0256,0.0254,0.0111,0.1453,0.4331,0.514,0.9174,1030.0,7667.0,24011.0,14800.0,21826.0,1.0,63.0,6.0,1.0,0.0,1.0,0.0,1.0,1.0,1.0,1.0,-0.8360885628709391
7263.0,2.0,3.0,3.0,3.0,1.0,512.0,0.6758,0.0957,0.1094,0.0156,0.0039,0.002,0.0313,0.0586,0.0078,0.0645,0.3602,0.6462,0.9316,969.0,27150.0,27150.0,15157.0,35688.0,1.0,10.0,3.0,1.0,1.0,1.0,0.0,0.0,0.0,0.0,0.0,-0.7422547546669731
3658.0,1.0,6.0,3.0,4.0,1.0,38914.0,0.4603,0.0413,0.2192,0.1895,0.002,0.0014,0.0346,0.0468,0.0049,0.073,0.2602,0.3818,0.3966,1296.0,9830.0,34836.0,17152.0,25918.0,1.0,130.0,6.0,1.0,0.0,1.0,0.0,1.0,1.0,1.0,1.0,-1.2986752607011194
31001.0,3.0,3.0,1.0,1.0,1.0,97.0,0.9897,0.0,0.0,0.0103,0.0,0.0,0.0,0.0,0.0,0.3918,0.6579,0.5658,,,,,11393.0,14829.0,0.0,1.0,1.0,1.0,0.0,0.0,0.0,0.0,0.0,0.0,0.0,-0.7758227536775185
3293.0,2.0,2.0,3.0,3.0,1.0,1340.0,0.756,0.0701,0.0448,0.0097,0.0015000000000000002,0.0,0.025400000000000002,0.0455,0.047,0.0104,0.3313,0.7559,0.7222,1043.0,34706.0,34706.0,20257.0,45746.0,1.0,33.0,1.0,0.0,0.0,1.0,0.0,0.0,0.0,0.0,0.0,-0.7332578110096545
3746.0,1.0,5.0,3.0,4.0,1.0,4101.0,0.6937,0.0588,0.0727,0.0422,0.0015,0.0005,0.0473,0.008,0.0753,0.1075,0.1583,0.4397,0.7672,1114.0,10312.0,23598.0,20595.0,23371.0,1.0,32.0,5.0,1.0,0.0,1.0,1.0,1.0,0.0,0.0,1.0,-1.084084505376615
20530.0,2.0,5.0,3.0,4.0,1.0,49340.0,0.5121,0.155,0.0166,0.0093,0.0059,0.0022,0.0227,0.0135,0.2626,0.4457999999999999,0.4984,0.6648,0.2232,1040.0,21000.0,21000.0,23706.0,32077.0,1.0,80.0,7.0,1.0,1.0,1.0,0.0,1.0,1.0,1.0,1.0,-0.603825158348028
6461.0,2.0,2.0,2.0,2.0,2.0,209.0,0.8899999999999999,0.0096,0.0096,0.0335,0.0048,0.0,0.0144,0.0383,0.0,0.6172,0.5,0.8198,0.6207,,14600.0,20500.0,19792.0,23900.0,1.0,2.0,1.0,0.0,1.0,0.0,0.0,0.0,0.0,0.0,0.0,-1.621602222794458
1684.0,2.0,3.0,3.0,4.0,1.0,1055.0,0.7592,0.0929,0.0493,0.0095,0.0,0.0009,0.0246,0.0218,0.0417,0.0313,0.4004,0.7626,0.5568,1056.0,24360.0,24360.0,19268.0,34512.0,1.0,44.0,2.0,0.0,0.0,1.0,0.0,1.0,0.0,0.0,0.0,-0.6736280732775919
21904.0,3.0,2.0,1.0,1.0,1.0,136.0,0.6838,0.1765,0.0735,0.0147,0.0,0.0,0.0515,0.0,0.0,0.2794,0.5733,0.6044,,,,,16249.0,19200.0,0.0,1.0,1.0,1.0,0.0,0.0,0.0,0.0,0.0,0.0,0.0,-1.025528598336149
2573.0,2.0,1.0,3.0,4.0,1.0,4184.0,0.4804,0.0679,0.0815,0.1405,0.0217,0.0012,0.05,0.082,0.0748,0.0,0.1382,0.2437,0.115,1444.0,48108.0,48108.0,27143.0,63279.0,1.0,58.0,4.0,0.0,0.0,1.0,0.0,1.0,1.0,1.0,0.0,-1.716974344781537
2540.0,2.0,4.0,3.0,4.0,1.0,718.0,0.7618,0.0599,0.1142,0.0195,0.005600000000000001,0.0,0.0237,0.0097,0.005600000000000001,0.055700000000000006,0.3973,0.7578,0.5285,,27984.0,27984.0,17978.0,35927.0,1.0,28.0,7.0,1.0,1.0,1.0,1.0,1.0,1.0,0.0,1.0,-0.8068071806374146
22033.0,3.0,8.0,1.0,1.0,2.0,474.0,0.6118198312236287,0.06965400843881857,0.1118227848101266,0.044281645569620255,0.014816666666666667,0.008446835443037974,0.10549556962025318,0.0,0.0337626582278481,0.0,0.637876582278481,0.7827940928270042,,,,,12973.10970464135,19361.472573839663,0.0,1.0,1.0,1.0,0.0,0.0,0.0,0.0,0.0,0.0,0.0,-1.081347414391904
41307.0,3.0,2.0,1.0,1.0,1.0,48.0,0.6042,0.25,0.0208,0.0208,0.0,0.0,0.1042,0.0,0.0,0.7708,0.598,0.7451,,,,,,,,2.0,1.0,1.0,0.0,0.0,0.0,0.0,0.0,0.0,0.0,-1.5947722341917736
22062.0,3.0,2.0,1.0,1.0,2.0,115.0,0.5217,0.24349999999999997,0.1478,0.087,0.0,0.0,0.0,0.0,0.0,0.2,0.7778,0.9305999999999999,,,,,16599.0,18848.0,0.0,1.0,1.0,1.0,0.0,0.0,0.0,0.0,0.0,0.0,0.0,-0.9502479361109121
22843.0,3.0,5.0,1.0,2.0,4.0,489.0,0.16973742331288344,0.46424744376278115,0.23719693251533747,0.12883108384458078,0.0,0.0,0.0,0.0,0.0,0.012240490797546012,0.6112905930470348,0.5468237218813906,,,8787.668711656443,8787.668711656443,13565.398773006134,17493.993865030676,1.0,9.0,2.0,1.0,1.0,0.0,0.0,0.0,0.0,0.0,0.0,-0.9416416989486573
10148.0,3.0,7.0,3.0,4.0,6.0,20322.0,0.4445996703080406,0.3338647229603386,0.06214187579962602,0.008770057080995966,0.012180021651412264,0.006077349670308041,0.03507840271626808,0.0004567955909851392,0.09683458813108946,0.46272262572581435,0.6714098956795591,0.8635400747957878,,,11288.041870581837,11288.041870581837,14346.8202086114,19487.369370705423,1.0,22.0,4.0,0.0,1.0,1.0,0.0,1.0,1.0,0.0,0.0,-0.22018933941677832
40143.0,3.0,3.0,1.0,1.0,1.0,305.0,0.0,1.0,0.0,0.0,0.0,0.0,0.0,0.0,0.0,0.0,0.5753,0.6082,,,,,13688.0,16665.0,0.0,1.0,1.0,1.0,0.0,0.0,0.0,0.0,0.0,0.0,0.0,-1.162331352082839
3736.0,2.0,5.0,3.0,3.0,1.0,1986.0,0.8263,0.0554,0.0378,0.0151,0.003,0.001,0.0418,0.0196,0.0,0.0166,0.2499,0.6994,0.6932,1087.0,38177.0,38177.0,27088.0,50487.0,1.0,34.0,1.0,0.0,0.0,1.0,0.0,0.0,0.0,0.0,0.0,-0.7654161612175723
1873.0,2.0,4.0,3.0,4.0,1.0,1468.0,0.8351,0.0259,0.0606,0.0082,0.0007,0.0014,0.015,0.0184,0.0347,0.0157,0.22460000000000002,0.6911,0.9512999999999999,1088.0,29700.0,29700.0,19159.0,38758.0,1.0,42.0,4.0,0.0,1.0,1.0,0.0,1.0,0.0,0.0,1.0,-0.8073168582875135
25623.0,1.0,3.0,1.0,1.0,1.0,365.0,0.7562,0.1288,0.0219,0.0082,0.0,0.0027,0.0219,0.0,0.0603,0.5808,0.1412,0.1483,,,,,7246.0,11918.0,0.0,11.0,1.0,1.0,0.0,0.0,0.0,0.0,0.0,0.0,0.0,-1.6708183126911216
1291.0,2.0,8.0,3.0,4.0,1.0,1065.0,0.6207,0.0282,0.12109999999999999,0.0347,0.0254,0.0009,0.0338,0.016,0.1192,0.0441,0.5527,0.9336,0.5736,1024.0,24300.0,24300.0,18092.0,35070.0,1.0,29.0,5.0,1.0,1.0,1.0,0.0,1.0,0.0,0.0,1.0,-1.064066851581782
25688.0,1.0,2.0,2.0,2.0,1.0,2688.0,0.8341,0.0219,0.0986,0.012999999999999998,0.0019,0.0011,0.0193,0.0045,0.0056,0.41439999999999994,0.3604,0.306,,,5010.0,8820.0,11564.0,13813.0,1.0,20.0,2.0,1.0,1.0,0.0,0.0,0.0,0.0,0.0,0.0,-1.4012725352096889
3253.0,2.0,2.0,3.0,3.0,1.0,2315.0,0.7417,0.0419,0.0613,0.0233,0.0004,0.0004,0.0341,0.0769,0.0199,0.003,0.1144,0.4303,0.4809,,47717.0,47717.0,30522.0,60109.0,1.0,34.0,1.0,0.0,0.0,1.0,0.0,0.0,0.0,0.0,0.0,-1.3069663102990032
1735.0,2.0,3.0,3.0,4.0,1.0,2181.0,0.49840000000000007,0.0899,0.1999,0.0637,0.0014,0.0105,0.0422,0.0495,0.0445,0.1252,0.3775,0.7005,0.5461,1025.0,24600.0,24600.0,17752.0,31964.0,1.0,54.0,4.0,0.0,0.0,1.0,0.0,1.0,1.0,0.0,1.0,-0.8485072128592407
2307.0,1.0,3.0,3.0,4.0,1.0,16528.0,0.7533,0.081,0.0299,0.0428,0.0036,0.001,0.0281,0.0181,0.0421,0.24930000000000002,0.3209,0.5371,0.67,1070.0,10613.0,23873.0,11455.0,19385.0,1.0,84.0,5.0,0.0,0.0,1.0,0.0,1.0,1.0,1.0,1.0,-0.9463743083788192
40375.0,3.0,4.0,1.0,1.0,1.0,101.0,0.8614,0.029700000000000004,0.0396,0.0,0.0,0.0,0.0495,0.0,0.0198,0.1386,0.6149,0.5093,,,,,10060.0,14497.0,0.0,1.0,1.0,1.0,0.0,0.0,0.0,0.0,0.0,0.0,0.0,-0.9727307590812355
2995.0,1.0,4.0,2.0,2.0,1.0,465.0,0.529,0.271,0.0581,0.0022,0.0344,0.0108,0.043,0.028,0.0237,0.1441,0.3329,0.3808,,,4098.0,5749.0,9112.0,13190.0,1.0,24.0,2.0,1.0,1.0,0.0,0.0,0.0,0.0,0.0,0.0,-1.3511350571081224
2954.0,1.0,5.0,3.0,4.0,1.0,5303.0,0.3811,0.3553,0.0509,0.0157,0.1484,0.0004,0.0179,0.0083,0.0221,0.1761,0.55,0.669,0.7326,930.0,5287.0,15239.0,11266.0,17014.0,1.0,35.0,2.0,0.0,0.0,1.0,0.0,1.0,0.0,0.0,0.0,-0.5517448935548535
31281.0,3.0,6.0,1.0,2.0,4.0,2020.0,0.1906211386138614,0.28661465346534654,0.42076207920792075,0.019796584158415842,0.004438415841584159,0.0009863366336633663,0.017838960396039605,0.0,0.05893108910891089,0.0,0.8012741584158415,0.8091788118811882,,,,,23309.54702970297,27695.582673267327,0.0,10.0,3.0,1.0,1.0,1.0,0.0,0.0,0.0,0.0,0.0,-1.2473347283872063
1091.0,1.0,5.0,1.0,2.0,1.0,2999.0,0.8286,0.05140000000000001,0.0504,0.0093,0.0037000000000000006,0.0023,0.046700000000000005,0.007000000000000001,0.0007,0.3018,0.2849,0.1192,,,2808.0,4518.0,6859.0,12278.0,1.0,31.0,2.0,1.0,1.0,0.0,0.0,0.0,0.0,0.0,0.0,-1.509130713747742
41542.0,2.0,5.0,2.0,3.0,1.0,111.0,0.3694,0.5135,0.0631,0.0,0.027,0.0,0.0,0.0,0.027,0.5045,0.5398,0.3009,,,4725.0,4725.0,12378.0,17365.0,1.0,2.0,2.0,0.0,1.0,1.0,0.0,0.0,0.0,0.0,0.0,0.046460840316900634
2020.0,1.0,5.0,3.0,4.0,1.0,5799.0,0.6284,0.2599,0.0235,0.0169,0.0034,0.0007000000000000001,0.0226,0.024999999999999998,0.0197,0.165,0.3994,0.3755,0.7722,1030.0,6963.0,19121.0,8920.0,16310.0,1.0,47.0,7.0,0.0,1.0,1.0,1.0,1.0,1.0,1.0,1.0,-0.7771676551483135
2038.0,2.0,1.0,3.0,3.0,1.0,1797.0,0.6366000000000002,0.049,0.1274,0.0634,0.0011,0.0,0.0651,0.0518,0.0056,0.0,0.1421,0.2095,0.1491,,46808.0,46808.0,19336.0,59900.0,1.0,35.0,1.0,0.0,0.0,1.0,0.0,0.0,0.0,0.0,0.0,-1.4978719968595284
21348.0,3.0,4.0,1.0,1.0,2.0,67.0,0.17909253731343283,0.5820940298507462,0.17909253731343283,0.044770149253731344,0.0,0.0,0.014925373134328358,0.0,0.0,0.0,0.7918746268656717,0.6130238805970151,,,,,14552.194029850747,17936.089552238805,0.0,1.0,1.0,1.0,0.0,0.0,0.0,0.0,0.0,0.0,0.0,-0.49352294591364
3613.0,2.0,6.0,3.0,4.0,1.0,6340.0,0.6579,0.04939999999999999,0.117,0.0651,0.0028,0.0014,0.0331,0.0711,0.0021,0.023800000000000005,0.1597,0.3127,0.524,1316.0,45940.0,45940.0,32128.0,60938.0,1.0,91.0,7.0,1.0,0.0,1.0,1.0,1.0,1.0,1.0,1.0,-1.390822554896624
41426.0,2.0,8.0,3.0,4.0,2.0,31.0,0.5161,0.0,0.0,0.35479999999999995,0.0,0.0323,0.0323,0.0,0.0645,0.0323,0.0,0.2,,,,,,,,15.0,4.0,0.0,0.0,1.0,0.0,1.0,1.0,1.0,0.0,-2.1263728363642684
10363.0,1.0,8.0,2.0,3.0,1.0,3500.0,0.6749,0.014300000000000002,0.1851,0.0157,0.0271,0.0069,0.0326,0.0003,0.0431,0.6337,0.4403,0.1917,,,2700.0,9345.0,8107.0,13113.0,1.0,43.0,3.0,1.0,1.0,1.0,0.0,0.0,0.0,0.0,0.0,-1.3859847893979855
8855.0,1.0,5.0,2.0,2.0,1.0,2274.0,0.2775,0.6636,0.0229,0.0031,0.0057,0.0017999999999999997,0.015400000000000002,0.0,0.0101,0.5009,0.648,0.4064,,,2376.0,8520.0,7812.0,12067.0,1.0,30.0,2.0,1.0,1.0,0.0,0.0,0.0,0.0,0.0,0.0,-0.7371781941914711
21207.0,3.0,8.0,2.0,2.0,12.0,5219.0,0.2577,0.0801,0.5058,0.0514,0.0084,0.01,0.0648,0.0002,0.0217,0.0,0.7703,0.6466,,,,,17835.0,22153.0,0.0,18.0,2.0,1.0,1.0,0.0,0.0,0.0,0.0,0.0,0.0,-1.2780827840260247
30722.0,1.0,6.0,1.0,2.0,1.0,10842.0,0.5104,0.0398,0.22740000000000002,0.0521,0.0177,0.0046,0.0251,0.0032999999999999995,0.1196,0.6496,0.20520000000000002,0.145,,,2046.0,7830.0,8536.0,12006.0,1.0,40.0,2.0,1.0,1.0,0.0,0.0,0.0,0.0,0.0,0.0,-1.9880895891762016
2514.0,1.0,4.0,2.0,2.0,1.0,1182.0,0.9095,0.0262,0.0152,0.0017,0.0034,0.0,0.0,0.0169,0.027099999999999996,0.2403,0.3833,0.2903,,,2880.0,5040.0,7055.0,12089.0,1.0,23.0,2.0,1.0,1.0,0.0,0.0,0.0,0.0,0.0,0.0,-1.3582132760401495
1669.0,1.0,3.0,1.0,2.0,1.0,2212.0,0.6813,0.1718,0.052,0.0113,0.0023,0.0018,0.0081,0.0005,0.071,0.5253,0.3482,0.1172,,,3975.0,6375.0,8520.0,10990.0,1.0,36.0,2.0,1.0,1.0,0.0,0.0,0.0,0.0,0.0,0.0,-1.5749629169258628
21531.0,3.0,5.0,1.0,1.0,2.0,282.0,0.6134748226950355,0.3085262411347518,0.01421099290780142,0.0035219858156028366,0.0035219858156028366,0.0,0.01776063829787234,0.0,0.038983333333333335,0.2482209219858156,0.5549347517730496,0.6316904255319149,,,,,15040.237588652482,18483.893617021276,0.0,1.0,1.0,1.0,0.0,0.0,0.0,0.0,0.0,0.0,0.0,-1.3474348306797344
5489.0,1.0,5.0,1.0,2.0,1.0,1354.0,0.4882000000000001,0.39000000000000007,0.0318,0.0037,0.0096,0.0015,0.015499999999999998,0.003,0.05689999999999999,0.3929,0.3466,0.0,,,1783.0,3162.0,6174.0,11563.0,1.0,29.0,2.0,1.0,1.0,0.0,0.0,0.0,0.0,0.0,0.0,-1.4404442857370676
7394.0,3.0,2.0,3.0,3.0,2.0,4388.0,0.0754,0.2719,0.2067,0.030799999999999998,0.0046,0.0032,0.0002,0.168,0.23930000000000004,0.1153,0.6319,0.7078,,,23700.0,23700.0,24606.0,36345.0,1.0,14.0,2.0,0.0,1.0,1.0,0.0,0.0,0.0,0.0,0.0,-0.4108189663780842
3229.0,2.0,2.0,3.0,4.0,1.0,2340.0,0.5714,0.1598,0.0919,0.0329,0.0056,0.0,0.009,0.0235,0.106,0.0043,0.461,0.8987,0.5007,,38220.0,38220.0,21455.0,48311.0,1.0,42.0,3.0,1.0,0.0,1.0,0.0,1.0,0.0,0.0,0.0,-0.7766028608297216
2209.0,2.0,1.0,3.0,4.0,1.0,2563.0,0.4603999999999999,0.0476,0.0933,0.1303,0.0016,0.0008,0.0445,0.1405,0.0812,0.0074,0.2222,0.518,0.42210000000000003,,44724.0,44724.0,27406.0,60167.0,1.0,52.0,5.0,0.0,0.0,1.0,1.0,1.0,1.0,0.0,1.0,-1.2942509194835596
2197.0,2.0,1.0,3.0,4.0,1.0,1312.0,0.8117,0.0602,0.0678,0.0145,0.0023,0.0015,0.0335,0.0084,0.0,0.1006,0.3216,0.7603,0.7628,,32370.0,32370.0,26494.0,46377.0,1.0,18.0,3.0,0.0,1.0,1.0,0.0,1.0,0.0,0.0,0.0,-0.7656917619427687
3571.0,2.0,6.0,3.0,4.0,1.0,1576.0,0.7126,0.0742,0.1472,0.007600000000000001,0.0019000000000000002,0.0006,0.029799999999999997,0.0159,0.0102,0.0685,0.32559999999999995,0.5547,0.568,1037.0,22350.0,22350.0,19850.0,32694.0,1.0,58.0,5.0,0.0,0.0,1.0,0.0,1.0,1.0,1.0,1.0,-0.7959123681722615
2731.0,2.0,2.0,3.0,4.0,1.0,2344.0,0.698,0.0465,0.06189999999999999,0.0324,0.006,0.0009,0.0,0.0508,0.1037,0.0009,0.1639,0.4848,0.4753,,47908.0,47908.0,30108.0,59850.0,1.0,41.0,2.0,0.0,0.0,1.0,0.0,1.0,0.0,0.0,0.0,-0.9358173588490033
1902.0,1.0,4.0,2.0,2.0,1.0,2753.0,0.7203,0.089,0.1057,0.012,0.016,0.0007,0.050499999999999996,0.0,0.0058,0.3854,0.47170000000000006,0.42569999999999997,,,2480.0,4247.0,8803.0,12459.0,1.0,22.0,2.0,1.0,1.0,0.0,0.0,0.0,0.0,0.0,0.0,-1.550828446326837
41800.0,3.0,8.0,1.0,1.0,1.0,241.0,0.5104,0.0622,0.2158,0.083,0.0,0.0041,0.0788,0.0,0.0456,0.0,0.1452,0.3738,,,,,17265.0,20029.0,0.0,1.0,1.0,1.0,0.0,0.0,0.0,0.0,0.0,0.0,0.0,-1.7077723820084922
2075.0,1.0,2.0,2.0,2.0,1.0,5750.0,0.7125,0.1633,0.0478,0.0216,0.0031,0.0023,0.0322,0.0104,0.006799999999999999,0.5887,0.2749,0.0681,,,2995.0,7171.0,2592.0,6336.0,1.0,39.0,2.0,1.0,1.0,0.0,0.0,0.0,0.0,0.0,0.0,-1.5143070887418157
3987.0,2.0,2.0,3.0,4.0,1.0,1269.0,0.6194,0.0701,0.0165,0.0118,0.0008,0.0,0.011,0.1426,0.1277,0.1608,0.3617,0.741,0.9394,926.0,25500.0,25500.0,21609.0,37094.0,1.0,37.0,7.0,1.0,1.0,1.0,1.0,1.0,1.0,0.0,1.0,-0.7389041778976736
1020.0,1.0,5.0,3.0,4.0,1.0,7060.0,0.6834,0.2382,0.013199999999999998,0.0055,0.0072,0.001,0.0,0.0234,0.028,0.1989,0.4428,0.6825,0.8326,1041.0,7092.0,13884.0,17974.0,20830.0,1.0,44.0,4.0,0.0,0.0,1.0,0.0,1.0,1.0,0.0,1.0,-0.7122744528934255
8694.0,3.0,5.0,2.0,3.0,23.0,14442.0,0.6734699418363108,0.13053577066888242,0.030472157595900842,0.024288201080182804,0.010761840465309515,0.0025992175598947512,0.026033340257582055,6.913169921063564e-05,0.10185064395513088,0.4734662096662512,0.6111653095139177,0.7384346766375849,,,10764.0,10764.0,17974.950353136686,23263.671444398282,1.0,35.0,3.0,1.0,1.0,1.0,0.0,0.0,0.0,0.0,0.0,-0.6259095162384678
7617.0,3.0,3.0,1.0,1.0,1.0,249.0,0.8996,0.0643,0.0201,0.0161,0.0,0.0,0.0,0.0,0.0,0.5582,0.5477,0.7178,,,12640.0,12640.0,13274.0,19422.0,1.0,5.0,1.0,1.0,0.0,0.0,0.0,0.0,0.0,0.0,0.0,-1.4101087902389449
38233.0,3.0,5.0,1.0,1.0,1.0,31.0,0.0323,0.9677,0.0,0.0,0.0,0.0,0.0,0.0,0.0,0.1613,0.6905,0.5952,,,,,11412.0,15439.0,0.0,1.0,1.0,1.0,0.0,0.0,0.0,0.0,0.0,0.0,0.0,-1.6929227263683648
40603.0,3.0,6.0,1.0,1.0,1.0,75.0,0.6533,0.026699999999999998,0.0533,0.0,0.1467,0.0133,0.10669999999999999,0.0,0.0,0.0,0.6087,0.7971,0.8205,,,,8935.0,13672.0,0.0,2.0,1.0,1.0,0.0,0.0,0.0,0.0,0.0,0.0,0.0,-0.6501630590120347
39413.0,2.0,5.0,3.0,4.0,1.0,1019.0,0.6663,0.053,0.1737,0.0285,0.0049,0.0,0.0,0.0245,0.0491,0.0069,0.3311,0.5982,0.517,1085.0,17940.0,17940.0,18724.0,36539.0,1.0,27.0,3.0,0.0,0.0,1.0,0.0,1.0,1.0,0.0,0.0,-0.8685781540158933
5763.0,1.0,5.0,1.0,2.0,1.0,6839.0,0.4068,0.5315,0.0259,0.0088,0.0023,0.0006,0.0102,0.0013,0.0126,0.5881,0.6178,0.3073,,,2568.0,4608.0,3444.0,9189.0,1.0,51.0,2.0,1.0,1.0,0.0,0.0,0.0,0.0,0.0,0.0,-1.1664758336504526
34803.0,3.0,5.0,1.0,2.0,5.0,1673.0,0.2970607890017932,0.5164286909742977,0.13926915720263,0.01611703526598924,0.004155708308427974,0.0,0.014336341900777047,0.000584578601315003,0.011940406455469217,0.0,0.8310680215182307,0.7956171548117155,,,14578.074309978769,14578.074309978769,25428.08906156605,32324.131634819532,1.0,9.0,3.0,1.0,1.0,1.0,0.0,0.0,0.0,0.0,0.0,-0.9797149113203303
2984.0,1.0,5.0,3.0,4.0,1.0,12686.0,0.794,0.0492,0.0655,0.020699999999999996,0.0042,0.0012999999999999997,0.0313,0.0061,0.0277,0.0831,0.2899,0.5178,0.5855,1145.0,6392.0,20420.0,15604.0,20292.0,1.0,59.0,6.0,1.0,0.0,1.0,1.0,1.0,1.0,0.0,1.0,-1.0363185395907373
3213.0,1.0,8.0,2.0,2.0,1.0,28549.0,0.6014,0.0594,0.1051,0.0683,0.0108,0.006,0.0539,0.0272,0.0679,0.5736,0.44859999999999994,0.4298,,,3592.0,8200.0,8552.0,12867.0,1.0,64.0,3.0,1.0,1.0,1.0,0.0,0.0,0.0,0.0,0.0,-1.2326820393137103
22727.0,1.0,3.0,1.0,1.0,1.0,135.0,0.963,0.0222,0.0,0.0,0.0,0.0,0.0148,0.0,0.0,0.0741,0.9579,0.0,,,5730.0,5730.0,2253.0,8285.0,1.0,7.0,1.0,1.0,0.0,0.0,0.0,0.0,0.0,0.0,0.0,-1.019147496387335
2495.0,1.0,4.0,3.0,4.0,1.0,5394.0,0.8074,0.0367,0.0267,0.0206,0.0013,0.0009,0.0256,0.0651,0.0158,0.028699999999999996,0.2013,0.4266,0.7448,1226.0,7374.0,13438.0,12148.0,19368.0,1.0,42.0,3.0,0.0,0.0,1.0,0.0,1.0,0.0,0.0,1.0,-0.9858167945227653
3478.0,1.0,5.0,3.0,4.0,1.0,9003.0,0.6468,0.1983,0.0574,0.015399999999999999,0.0037999999999999996,0.0021,0.0508,0.0037999999999999996,0.0217,0.2456,0.5244,0.5781,0.8927,1010.0,7168.0,21664.0,11325.0,19386.0,1.0,46.0,4.0,0.0,1.0,1.0,0.0,1.0,0.0,0.0,1.0,-0.7682923052758688
3285.0,2.0,2.0,3.0,4.0,1.0,1336.0,0.4603,0.3166,0.0187,0.0112,0.0015,0.0,0.0195,0.0045,0.1677,0.375,0.4017,0.6628,0.5946,996.0,18800.0,18800.0,17369.0,28517.0,1.0,21.0,7.0,1.0,1.0,1.0,1.0,1.0,1.0,0.0,1.0,-0.7659441892468309
2103.0,1.0,2.0,3.0,4.0,1.0,26532.0,0.5251,0.1275,0.0929,0.15970000000000004,0.0013,0.0008,0.0401,0.0349,0.0177,0.0612,0.1964,0.3501000000000001,0.4793,1315.0,9427.0,29720.0,15817.0,23258.0,1.0,143.0,7.0,1.0,0.0,1.0,1.0,1.0,1.0,1.0,1.0,-1.4727134574828153
12525.0,2.0,9.0,3.0,4.0,4.0,3685.0,0.0,0.0,1.0,0.0,0.0,0.0,0.0,0.0,0.0,0.25889772048846676,0.8337534056987789,0.2749962822252375,,,4970.0,4970.0,2956.1137042062414,8413.884938941655,1.0,30.0,4.0,1.0,1.0,1.0,0.0,1.0,0.0,0.0,0.0,-0.7772256894649375
8896.0,1.0,7.0,1.0,2.0,1.0,11748.0,0.6328,0.0828,0.1383,0.023800000000000005,0.009,0.0061,0.059399999999999994,0.0074,0.0403,0.5785,0.4436,0.2815,,,3227.0,12525.0,10197.0,15247.0,1.0,41.0,2.0,1.0,1.0,0.0,0.0,0.0,0.0,0.0,0.0,-1.5113594600520524
25536.0,3.0,8.0,1.0,1.0,1.0,679.0,0.0589,0.0913,0.7275,0.0471,0.0015,0.0,0.0677,0.0,0.0059,0.2784,0.6946,0.0418,,,,,12140.0,16796.0,0.0,6.0,1.0,1.0,0.0,0.0,0.0,0.0,0.0,0.0,0.0,-0.9806187045321612
3371.0,1.0,2.0,3.0,4.0,1.0,27669.0,0.5822,0.1321,0.0581,0.10369999999999999,0.0017,0.0012,0.026700000000000005,0.048999999999999995,0.0454,0.1042,0.3467,0.6599,0.6172999999999998,1125.0,14696.0,24722.0,19918.0,27202.0,1.0,129.0,7.0,1.0,1.0,1.0,0.0,1.0,1.0,1.0,1.0,-0.9602301413586909
3791.0,1.0,8.0,1.0,2.0,1.0,2964.0,0.4551,0.058,0.0658,0.1086,0.0070999999999999995,0.0054,0.0837,0.1002,0.11609999999999998,0.3872999999999999,0.203,0.1255,,,3963.0,6611.0,6679.0,12391.0,1.0,42.0,2.0,1.0,1.0,0.0,0.0,0.0,0.0,0.0,0.0,-1.4647616602063045
2499.0,2.0,4.0,3.0,4.0,1.0,1671.0,0.7439,0.0437,0.058,0.028700000000000003,0.0024,0.0018,0.022699999999999998,0.0144,0.0844,0.0808,0.1615,0.4409,0.7694,1164.0,32865.0,32865.0,19560.0,43750.0,1.0,40.0,6.0,1.0,0.0,1.0,0.0,1.0,1.0,1.0,1.0,-1.3020487697642522
36276.0,3.0,5.0,1.0,1.0,1.0,316.0,0.0032,0.0,0.9968000000000001,0.0,0.0,0.0,0.0,0.0,0.0,0.0,0.6576,0.48269999999999996,,,,,18574.0,22685.0,0.0,9.0,2.0,1.0,1.0,0.0,0.0,0.0,0.0,0.0,0.0,-0.9509667204382679
3152.0,1.0,6.0,3.0,4.0,1.0,14728.0,0.5824,0.0924,0.08,0.0317,0.0389,0.0018,0.08,0.0756,0.0172,0.2825,0.3498,0.4066,0.9032000000000001,990.0,5806.0,14286.0,11216.0,17079.0,1.0,83.0,5.0,1.0,1.0,1.0,1.0,1.0,0.0,0.0,0.0,-0.8339644664852678
21562.0,1.0,7.0,1.0,1.0,1.0,239.0,0.7741000000000001,0.0042,0.1715,0.0084,0.0126,0.0042,0.0167,0.0,0.0084,0.4979,0.131,0.119,,,,,9975.0,15311.0,0.0,7.0,1.0,1.0,0.0,0.0,0.0,0.0,0.0,0.0,0.0,-2.2599192944482125
2102.0,1.0,2.0,3.0,4.0,1.0,3444.0,0.3383,0.4744,0.052,0.0444,0.0049,0.0029,0.0389,0.018,0.0261,0.3937,0.4328,0.5425,0.6204,920.0,8018.0,18396.0,14180.0,21225.0,1.0,54.0,6.0,1.0,0.0,1.0,0.0,1.0,1.0,1.0,1.0,-0.97004551045135
3645.0,2.0,6.0,3.0,4.0,1.0,1676.0,0.30850000000000005,0.1426,0.2309,0.0149,0.0054,0.0012,0.0286,0.2518,0.0161,0.1504,0.4668,0.5361,0.3806,984.0,23144.0,23144.0,22911.0,33163.0,1.0,50.0,4.0,0.0,0.0,1.0,0.0,1.0,1.0,1.0,0.0,-0.8490507633092416
1835.0,2.0,3.0,3.0,4.0,1.0,678.0,0.7212,0.0398,0.0147,0.0044,0.0103,0.0015000000000000002,0.0,0.005899999999999999,0.2021,0.41890000000000005,0.4953,0.7343,0.6937,943.0,28351.0,28351.0,14259.0,41669.0,1.0,39.0,6.0,1.0,1.0,1.0,1.0,1.0,0.0,0.0,1.0,-0.8096310263176998
2875.0,1.0,2.0,2.0,2.0,1.0,8390.0,0.644,0.1651,0.0642,0.0331,0.015400000000000002,0.001,0.0392,0.008,0.03,0.2555,0.3515,0.2595,,,4884.0,9184.0,8773.0,14203.0,1.0,57.0,2.0,1.0,1.0,0.0,0.0,0.0,0.0,0.0,0.0,-1.4156104154539437
2690.0,1.0,2.0,3.0,4.0,1.0,14842.0,0.3189,0.0776,0.2848,0.2536,0.0028,0.0056,0.009000000000000001,0.0477,0.0,0.2548,0.3868,0.1522,0.3982,1090.0,6507.0,13317.0,5998.0,14465.0,1.0,56.0,5.0,1.0,0.0,1.0,1.0,1.0,0.0,0.0,1.0,-1.8074160262456713
5707.0,1.0,5.0,1.0,2.0,1.0,1322.0,0.3548,0.6225,0.0121,0.0053,0.0045,0.0008,0.0,0.0,0.0,0.4554,0.6527,0.2367,,,3070.0,5590.0,3773.0,8507.0,1.0,23.0,2.0,1.0,1.0,0.0,0.0,0.0,0.0,0.0,0.0,-1.3628531454382502
4711.0,1.0,4.0,2.0,2.0,1.0,1177.0,0.9523999999999999,0.0085,0.011,0.0025,0.0025,0.0008,0.0076,0.0,0.0144,0.1011,0.4049,0.5811,,,5820.0,10560.0,9141.0,15612.0,1.0,22.0,2.0,1.0,1.0,0.0,0.0,0.0,0.0,0.0,0.0,-1.6269605341682736
5535.0,1.0,4.0,1.0,2.0,1.0,706.0,0.8710999999999999,0.0425,0.024100000000000003,0.014199999999999999,0.0070999999999999995,0.0,0.026899999999999997,0.0,0.014199999999999999,0.5552,0.4545,0.4617,,,4065.0,7741.0,13125.0,16446.0,1.0,21.0,2.0,1.0,1.0,0.0,0.0,0.0,0.0,0.0,0.0,-1.0525421572617772
2264.0,1.0,3.0,2.0,2.0,1.0,878.0,0.8679,0.0216,0.0068,0.0057,0.04329999999999999,0.0,0.0,0.0,0.054700000000000006,0.3383,0.5196,0.4022,,,4124.0,6325.0,8061.0,12338.0,1.0,51.0,2.0,1.0,1.0,0.0,0.0,0.0,0.0,0.0,0.0,-1.3212980693174246
3184.0,1.0,6.0,3.0,4.0,2.0,21366.0,0.6281856781802865,0.04629073294018534,0.08974658803706825,0.05924338668913227,0.03983791069924179,0.0010573715248525697,0.07105501263689976,0.042530497051390066,0.02195669755686605,0.13479427127211457,0.24397026116259476,0.3759587194608256,0.8133,1189.0,9495.0,22269.0,16533.0,23384.0,1.0,123.0,7.0,1.0,0.0,1.0,1.0,1.0,1.0,1.0,1.0,-1.1172237238049936
2354.0,2.0,4.0,3.0,4.0,1.0,2157.0,0.7232,0.060300000000000006,0.0626,0.0593,0.0046,0.0019,0.0566,0.0139,0.0176,0.0162,0.378,0.7033,0.6959,1101.0,36270.0,36270.0,20611.0,44883.0,1.0,58.0,6.0,1.0,0.0,1.0,0.0,1.0,1.0,1.0,1.0,-0.9441857796568427
7350.0,1.0,4.0,1.0,2.0,1.0,1829.0,0.8065,0.0776,0.03939999999999999,0.0355,0.006,0.0011,0.0284,0.0005,0.0049,0.4675,0.4704,0.5549,,,5566.0,5566.0,13961.0,17063.0,1.0,22.0,2.0,1.0,1.0,0.0,0.0,0.0,0.0,0.0,0.0,-1.4680000209859891
1090.0,1.0,5.0,3.0,4.0,2.0,10379.0,0.7553000096348396,0.12837259851623473,0.024061518450717797,0.006802639946044899,0.005231881684169958,0.0011446863859716735,0.020721321899990364,0.048957356200019266,0.009407987282011754,0.20968146256864822,0.4755926197128817,0.5218465940842084,0.7239,1088.0,7115.949513440602,12371.29973985933,10989.76857115329,18289.725503420366,1.0,86.0,7.0,1.0,1.0,1.0,0.0,1.0,1.0,1.0,1.0,-0.7318283485601492
3527.0,2.0,5.0,3.0,4.0,1.0,1746.0,0.7056,0.12079999999999999,0.0223,0.004,0.0069,0.0011,0.0063,0.0241,0.1088,0.079,0.5884,0.7674,0.7194,990.0,22670.0,22670.0,17710.0,33700.0,1.0,23.0,3.0,0.0,1.0,1.0,0.0,1.0,0.0,0.0,0.0,-0.6461908178193764
9896.0,1.0,3.0,2.0,2.0,1.0,9932.0,0.5179,0.058,0.159,0.1835,0.0017,0.0082,0.0296,0.0001,0.042,0.7035,0.1952,0.015,,,3061.0,10418.0,5959.0,9996.0,1.0,51.0,2.0,1.0,1.0,0.0,0.0,0.0,0.0,0.0,0.0,-2.2098848377051254
6911.0,1.0,2.0,2.0,2.0,1.0,18672.0,0.2783,0.263,0.2187,0.11439999999999999,0.0033,0.0032,0.0263,0.0915,0.0013,0.5969,0.3254,0.136,,,4590.0,12078.0,8381.0,12923.0,1.0,64.0,2.0,1.0,1.0,0.0,0.0,0.0,0.0,0.0,0.0,-1.5719508852088544
1113.0,1.0,8.0,2.0,2.0,1.0,12367.0,0.24010000000000004,0.2008,0.4601,0.0323,0.0041,0.0014,0.0475,0.0013,0.0125,0.6531,0.5291,0.151,,,1104.0,5664.0,5367.0,11616.0,1.0,59.0,2.0,1.0,1.0,0.0,0.0,0.0,0.0,0.0,0.0,-1.0722956914615944
5380.0,1.0,3.0,1.0,2.0,1.0,2531.0,0.9039999999999999,0.0103,0.0162,0.0253,0.006699999999999999,0.0007999999999999999,0.019,0.0,0.0178,0.6045,0.4657,0.4461,,,4116.0,6005.0,9897.0,13034.0,1.0,43.0,2.0,1.0,1.0,0.0,0.0,0.0,0.0,0.0,0.0,-1.6642338155197058
2566.0,1.0,4.0,3.0,4.0,1.0,2869.0,0.8132,0.0279,0.0742,0.005600000000000001,0.0077,0.0007000000000000001,0.0167,0.0042,0.0498,0.0624,0.3735,0.6145,,,5604.0,9804.0,12043.0,15434.0,1.0,35.0,3.0,0.0,0.0,1.0,0.0,1.0,0.0,0.0,1.0,-0.9073030953767757
1969.0,2.0,5.0,3.0,3.0,1.0,691.0,0.6845,0.1476,0.0174,0.0043,0.0014,0.0,0.0,0.0072,0.1375,0.042,0.5008,0.8843,0.6072,1021.0,22230.0,22230.0,17050.0,31040.0,1.0,35.0,1.0,0.0,0.0,1.0,0.0,0.0,0.0,0.0,0.0,-0.6984449505192813
3762.0,2.0,5.0,2.0,4.0,1.0,251.0,0.012,0.9801,0.008,0.0,0.0,0.0,0.0,0.0,0.0,0.4661,0.803,0.9153,,,7880.0,7880.0,15872.0,22541.0,1.0,6.0,6.0,1.0,1.0,1.0,0.0,1.0,1.0,1.0,0.0,-0.15783167279364724
1292.0,1.0,8.0,2.0,2.0,1.0,8450.0,0.3218,0.1486,0.2556,0.1449,0.0025,0.0082,0.0904,0.004,0.024,0.6213,0.2477,0.030300000000000004,,,1416.0,7386.0,7213.0,13005.0,1.0,58.0,2.0,1.0,1.0,0.0,0.0,0.0,0.0,0.0,0.0,-1.3031391758204347
21127.0,3.0,1.0,1.0,1.0,1.0,175.0,0.5429,0.10859999999999999,0.1314,0.0114,0.0,0.0,0.0457,0.0,0.16,0.2571,0.41779999999999995,0.5962,,,,,17850.0,20397.0,0.0,1.0,1.0,1.0,0.0,0.0,0.0,0.0,0.0,0.0,0.0,-1.5849821263694064
1146.0,1.0,8.0,3.0,4.0,1.0,15842.0,0.4917,0.0213,0.2628,0.0592,0.0057,0.0015,0.0497,0.0342,0.0738,0.0695,0.4226,0.459,0.7096,996.0,7002.0,18162.0,13640.0,21715.0,1.0,86.0,2.0,0.0,0.0,1.0,0.0,1.0,0.0,0.0,0.0,-1.3550600380455875
2473.0,2.0,4.0,3.0,3.0,1.0,650.0,0.6154,0.0569,0.08,0.0246,0.0015,0.0,0.1015,0.0,0.12,0.0108,0.4222,0.6861,0.5997,1086.0,35118.0,35118.0,27967.0,48454.0,1.0,9.0,3.0,1.0,0.0,1.0,1.0,0.0,0.0,0.0,0.0,-0.3159455377246404
3982.0,2.0,3.0,3.0,3.0,1.0,551.0,0.7005,0.1016,0.058100000000000006,0.0327,0.0018,0.0018,0.0327,0.0708,0.0,0.007300000000000001,0.4022,0.7648,0.6699,1048.0,37565.0,37565.0,31236.0,51934.0,1.0,6.0,1.0,0.0,0.0,1.0,0.0,0.0,0.0,0.0,0.0,-0.4538789522129441
3428.0,1.0,5.0,3.0,4.0,1.0,10069.0,0.8136,0.0679,0.0437,0.0171,0.0017000000000000001,0.0012,0.0381,0.007299999999999999,0.0093,0.0545,0.2293,0.41809999999999997,0.7802,1137.0,10981.0,27971.0,16838.0,26228.0,1.0,57.0,3.0,0.0,0.0,1.0,0.0,1.0,0.0,0.0,1.0,-0.8864476741820945
1475.0,1.0,5.0,2.0,3.0,1.0,11815.0,0.6783,0.1326,0.1309,0.0201,0.0039,0.0019,0.017,0.0029000000000000002,0.0124,0.5871,0.4965,0.2862,,,3306.0,12376.0,5234.0,9599.0,1.0,54.0,4.0,1.0,1.0,1.0,1.0,0.0,0.0,0.0,0.0,-1.5032959467425702
3955.0,1.0,5.0,3.0,4.0,1.0,9794.0,0.6625,0.12439999999999998,0.0887,0.0299,0.0061,0.0035000000000000005,0.0473,0.0181,0.0195,0.2586,0.3923,0.46549999999999997,0.4167,1065.0,6360.0,19241.0,11227.0,17697.0,1.0,53.0,6.0,1.0,1.0,1.0,0.0,1.0,1.0,0.0,1.0,-1.0837648808114806
2340.0,2.0,4.0,3.0,3.0,1.0,2042.0,0.6499,0.0387,0.0637,0.0901,0.0015,0.001,0.0455,0.0926,0.0171,0.0,0.135,0.4714,0.2277,1408.0,47736.0,47736.0,28078.0,60401.0,1.0,38.0,1.0,0.0,0.0,1.0,0.0,0.0,0.0,0.0,0.0,-1.5060654690016604
2915.0,1.0,5.0,2.0,2.0,1.0,18596.0,0.4092,0.3258,0.1085,0.032,0.0046,0.0016,0.0303,0.0511,0.0369,0.6469,0.4285,0.1487,,,2664.0,8808.0,8507.0,12654.0,1.0,63.0,2.0,1.0,1.0,0.0,0.0,0.0,0.0,0.0,0.0,-1.5640048828024418
3153.0,1.0,6.0,2.0,2.0,1.0,1814.0,0.5099,0.08380000000000001,0.0276,0.0011,0.3225,0.0,0.0237,0.0287,0.0028,0.3037,0.5073,0.372,,,3563.0,8136.0,8990.0,13783.0,1.0,24.0,2.0,1.0,1.0,0.0,0.0,0.0,0.0,0.0,0.0,-1.207505686775884
2346.0,2.0,4.0,3.0,4.0,1.0,2296.0,0.8397,0.0157,0.017,0.02,0.0052,0.0004,0.0148,0.0296,0.0575,0.0061,0.23030000000000003,0.6705,0.6428,1166.0,34114.0,34114.0,21953.0,42829.0,1.0,48.0,2.0,0.0,0.0,1.0,0.0,1.0,0.0,0.0,0.0,-0.7927418599595266
3943.0,1.0,9.0,3.0,3.0,1.0,3497.0,0.0071,0.0057,0.9534,0.0006,0.0009,0.0,0.004599999999999999,0.0,0.0277,0.0801,0.7368000000000001,0.0572,0.4853,,2019.0,4041.0,5790.0,10669.0,1.0,23.0,2.0,0.0,1.0,1.0,0.0,0.0,0.0,0.0,0.0,-1.6803537822588435
3668.0,1.0,6.0,2.0,2.0,1.0,6071.0,0.3655,0.126,0.3769,0.113,0.0025,0.003,0.0119,0.0005,0.0008000000000000001,0.5441,0.265,0.2272,,,2222.0,4214.0,4851.0,8736.0,1.0,48.0,2.0,1.0,1.0,0.0,0.0,0.0,0.0,0.0,0.0,-1.7641633422146068
41333.0,3.0,4.0,1.0,1.0,1.0,61.0,0.8688999999999999,0.0984,0.0,0.0,0.0,0.0,0.0164,0.0,0.0164,0.0,0.9412,0.8529,,,,,11880.0,14012.0,0.0,1.0,1.0,1.0,0.0,0.0,0.0,0.0,0.0,0.0,0.0,-0.7763506542000784
12328.0,2.0,4.0,3.0,4.0,1.0,119.0,0.7562999999999999,0.0336,0.0588,0.0588,0.0,0.0,0.0084,0.0,0.084,0.5462,0.31859999999999994,0.5575,,,11636.0,11636.0,19592.0,24990.0,1.0,6.0,7.0,1.0,1.0,1.0,0.0,1.0,1.0,1.0,1.0,-1.8700776137739978
2874.0,1.0,2.0,2.0,2.0,1.0,5118.0,0.7876,0.1172,0.0363,0.0121,0.0107,0.0012,0.0295,0.0039000000000000003,0.0014,0.2284,0.419,0.3118,,,4274.0,10106.0,6154.0,10545.0,1.0,63.0,2.0,1.0,1.0,0.0,0.0,0.0,0.0,0.0,0.0,-1.342997956197971
2744.0,2.0,2.0,3.0,4.0,1.0,1805.0,0.7679,0.0776,0.0332,0.0078,0.0061,0.0033,0.0089,0.030500000000000003,0.0648,0.2493,0.4295,0.7732,0.8286,,28235.0,28235.0,25546.0,42881.0,1.0,27.0,3.0,0.0,0.0,1.0,0.0,1.0,0.0,0.0,1.0,-0.7695765303046666
7203.0,3.0,8.0,1.0,1.0,1.0,190.0,0.2632,0.0684,0.5789,0.0158,0.0,0.0,0.0211,0.0263,0.0263,0.4579,0.5631,0.4437,,,,,11238.0,15750.0,0.0,1.0,1.0,1.0,0.0,0.0,0.0,0.0,0.0,0.0,0.0,-1.3233244386360359
30282.0,2.0,5.0,3.0,3.0,1.0,224.0,0.5179,0.21880000000000002,0.1429,0.0179,0.0,0.0,0.0179,0.022300000000000004,0.0625,0.1384,0.5895,0.6811999999999999,,,14660.0,14660.0,17937.0,23818.0,1.0,9.0,2.0,0.0,1.0,1.0,0.0,0.0,0.0,0.0,0.0,-0.3338574539270848
2629.0,1.0,2.0,3.0,4.0,3.0,45736.0,0.4185726714185762,0.10142169625677804,0.14386648810564984,0.23362011325870213,0.0007642907119118419,0.002878979359804093,0.032588274007346506,0.04743129700892076,0.018871147454958895,0.07757300376071366,0.3513840716284764,0.5513084747245058,0.608239489679902,1168.131668707364,13722.172511806892,28449.47102938604,18306.16138271821,27359.733448486968,1.0,127.0,8.0,1.0,1.0,1.0,1.0,1.0,1.0,1.0,1.0,-1.2424642713218583
2362.0,1.0,4.0,2.0,2.0,1.0,8220.0,0.3932,0.3238,0.1026,0.0577,0.018,0.0009,0.0813,0.015,0.0077,0.6243,0.5499,0.4981,,,5350.0,5350.0,14188.0,18383.0,1.0,58.0,2.0,1.0,1.0,0.0,0.0,0.0,0.0,0.0,0.0,-0.8032142148368985
1759.0,1.0,3.0,3.0,4.0,1.0,11371.0,0.7406,0.1467,0.0382,0.0172,0.0024,0.0008,0.030999999999999996,0.0098,0.013399999999999999,0.1473,0.3621,0.5999,0.8696,1070.0,9738.0,20682.0,16725.0,22219.0,1.0,63.0,6.0,0.0,0.0,1.0,1.0,1.0,1.0,1.0,1.0,-1.0110863669061692
2778.0,2.0,2.0,3.0,4.0,1.0,2096.0,0.6264,0.0773,0.1336,0.0205,0.0076,0.0029,0.0105,0.0005,0.1207,0.1856,0.3364,0.7072,0.8862,1011.0,27312.0,27312.0,23714.0,39720.0,1.0,24.0,4.0,1.0,0.0,1.0,0.0,1.0,0.0,0.0,1.0,-0.9567942998801744
3481.0,2.0,5.0,3.0,4.0,1.0,1701.0,0.843,0.07940000000000001,0.0182,0.0059,0.0018,0.0,0.0,0.02,0.0317,0.0288,0.3965,0.6525,0.624,1083.0,24460.0,24460.0,13429.0,33563.0,1.0,72.0,5.0,0.0,1.0,1.0,0.0,1.0,1.0,0.0,1.0,-0.8110749085902595
41194.0,3.0,5.0,1.0,1.0,1.0,580.0,0.3914,0.2121,0.3086,0.0155,0.0069,0.0086,0.0431,0.0017,0.0121,0.0,0.47790000000000005,0.5692,,,,,18849.0,22050.0,0.0,2.0,1.0,1.0,0.0,0.0,0.0,0.0,0.0,0.0,0.0,-1.5361045797414619
12954.0,1.0,2.0,2.0,2.0,1.0,8707.0,0.1122,0.14,0.5615,0.0718,0.0024,0.007,0.0131,0.0037999999999999996,0.0882,0.3143,0.659,0.0981,,,4683.0,11643.0,6530.0,11859.0,1.0,24.0,2.0,1.0,1.0,0.0,0.0,0.0,0.0,0.0,0.0,-1.184731733613054
21785.0,3.0,7.0,1.0,3.0,3.0,527.0,0.49336774193548383,0.028440607210626186,0.13851176470588236,0.00568842504743833,0.015165654648956356,0.005718406072106262,0.01137134724857685,0.0,0.3016946869070209,0.5521614800759014,0.7640288425047439,0.8867884250474384,,,17116.292220113854,17116.292220113854,22418.884250474384,26585.01707779886,1.0,14.0,3.0,1.0,1.0,1.0,0.0,0.0,0.0,0.0,0.0,0.13686755075853177
4003.0,1.0,6.0,2.0,2.0,1.0,14409.0,0.3876,0.28980000000000006,0.1971,0.0262,0.0113,0.0162,0.0235,0.0022,0.0461,0.7565,0.3163,0.2946,,,2130.0,6270.0,2214.0,8932.0,1.0,48.0,2.0,1.0,1.0,0.0,0.0,0.0,0.0,0.0,0.0,-1.8039076031637025
2184.0,1.0,1.0,3.0,4.0,1.0,4134.0,0.7458,0.074,0.096,0.022,0.0007,0.0,0.0293,0.0046,0.0276,0.1788,0.3576,0.7053,0.7231,1004.0,9260.0,15340.0,13737.0,17894.0,1.0,51.0,5.0,1.0,0.0,1.0,1.0,1.0,0.0,0.0,1.0,-0.7986850805420003
25696.0,3.0,5.0,1.0,1.0,1.0,59.0,0.9661,0.0169,0.0169,0.0,0.0,0.0,0.0,0.0,0.0,0.0,0.4437,0.3576,,,,,19433.0,22625.0,0.0,1.0,1.0,1.0,0.0,0.0,0.0,0.0,0.0,0.0,0.0,-0.47048625473772904
2099.0,1.0,2.0,3.0,4.0,1.0,18546.0,0.6335,0.1624,0.0596,0.0494,0.0016,0.0011,0.04,0.0167,0.0356,0.1102,0.2552,0.4708,0.5921,1082.0,8590.0,20268.0,16363.0,21973.0,1.0,76.0,5.0,0.0,0.0,1.0,0.0,1.0,1.0,1.0,1.0,-1.2354727138150274
38295.0,3.0,7.0,1.0,1.0,1.0,45.0,0.6889,0.0,0.24440000000000003,0.0,0.0,0.0,0.0667,0.0,0.0,0.0,0.7674000000000001,0.7674000000000001,,,,,15084.0,16677.0,0.0,1.0,1.0,1.0,0.0,0.0,0.0,0.0,0.0,0.0,0.0,-1.7255035944994628
7012.0,2.0,8.0,3.0,4.0,1.0,523.0,0.3996,0.0344,0.1549,0.2677,0.0019,0.0096,0.0994,0.0019,0.030599999999999995,0.015299999999999998,0.1986,0.7334,,,,,,,,5.0,5.0,0.0,0.0,1.0,1.0,1.0,1.0,1.0,0.0,-1.928353394399563
3100.0,1.0,3.0,3.0,4.0,6.0,32577.0,0.8444979126377505,0.04642259876600056,0.022208757712496547,0.00760411640114191,0.001605123246462228,0.0007893728704300581,0.031224597108389356,0.029798910274119773,0.015910559597261873,0.34401717776345275,0.3236510267980477,0.578180074899469,0.7427,1106.0,9023.874635479018,16507.52082757774,17362.49197286429,21772.416919912823,1.0,119.0,7.0,1.0,1.0,1.0,0.0,1.0,1.0,1.0,1.0,-0.9151692826162419
6389.0,2.0,4.0,3.0,4.0,1.0,592.0,0.8176,0.0608,0.0236,0.027,0.0,0.0,0.0203,0.0,0.0507,0.0,0.23850000000000002,0.8012,,,,,,,,1.0,4.0,0.0,0.0,1.0,0.0,1.0,1.0,0.0,1.0,-1.6170862015026322
3808.0,2.0,5.0,3.0,4.0,1.0,716.0,0.5447,0.1955,0.0433,0.0014,0.0056,0.0042,0.025100000000000004,0.0196,0.1606,0.0056,0.4762,0.8513999999999999,0.6205,906.0,25736.0,25736.0,20993.0,39082.0,1.0,31.0,2.0,0.0,0.0,1.0,0.0,1.0,0.0,0.0,0.0,-0.4999219497367034
2040.0,1.0,1.0,3.0,4.0,1.0,1738.0,0.8579,0.0196,0.015,0.0081,0.0058,0.0012,0.023,0.0023,0.0673,0.0512,0.484,0.7822,0.8455,,9217.0,18305.0,15162.0,20989.0,1.0,33.0,5.0,1.0,0.0,1.0,1.0,1.0,0.0,0.0,1.0,-0.5953501362218035
2567.0,2.0,4.0,3.0,3.0,1.0,402.0,0.6667,0.1567,0.1493,0.0149,0.010000000000000002,0.0,0.0,0.0,0.0025000000000000005,0.0622,0.5447,0.7821,0.4076,970.0,16080.0,16080.0,17311.0,26250.0,1.0,20.0,3.0,0.0,1.0,1.0,0.0,1.0,0.0,0.0,0.0,-0.7190868881478387
36803.0,3.0,6.0,1.0,1.0,1.0,128.0,0.0,0.9609,0.0391,0.0,0.0,0.0,0.0,0.0,0.0,0.2969,0.9916,0.9916,,,,,14579.0,19073.0,0.0,1.0,1.0,1.0,0.0,0.0,0.0,0.0,0.0,0.0,0.0,-0.3436541768442432
3915.0,1.0,3.0,3.0,4.0,1.0,8094.0,0.8771,0.0151,0.0232,0.034,0.0031,0.0015,0.018,0.025,0.0031,0.15679999999999997,0.3002,0.6317,0.908,1050.0,9025.0,16771.0,15094.0,18461.0,1.0,47.0,4.0,0.0,0.0,1.0,0.0,1.0,1.0,1.0,0.0,-0.9263960227393413
3193.0,1.0,8.0,3.0,4.0,1.0,2997.0,0.7611,0.0294,0.0624,0.0207,0.025400000000000002,0.0113,0.0133,0.015,0.0614,0.3684,0.48560000000000003,0.5482,0.6418,948.0,7440.0,17509.0,15551.0,20421.0,1.0,36.0,6.0,1.0,1.0,1.0,1.0,1.0,0.0,0.0,1.0,-0.8938356142239754
1139.0,1.0,8.0,3.0,4.0,1.0,31493.0,0.1998,0.038,0.37909999999999994,0.2317,0.005,0.0039,0.0458,0.0571,0.0395,0.1397,0.4974,0.3907,0.3546,1054.0,6452.0,17612.0,9389.0,17779.0,1.0,101.0,6.0,0.0,0.0,1.0,1.0,1.0,1.0,1.0,1.0,-1.5056702053894127
1187.0,1.0,8.0,2.0,2.0,1.0,1772.0,0.6055,0.0463,0.1366,0.035,0.021999999999999995,0.0073,0.0497,0.0023,0.0954,0.5468,0.32180000000000003,0.1512,,,1146.0,6450.0,8160.0,13295.0,1.0,39.0,2.0,1.0,1.0,0.0,0.0,0.0,0.0,0.0,0.0,-1.291165560214256
23108.0,1.0,2.0,1.0,2.0,1.0,462.0,0.6277,0.1147,0.1623,0.026,0.0022,0.0,0.0606,0.0,0.0065,0.4091,0.564,0.5588,,,,,11589.0,14073.0,0.0,25.0,2.0,1.0,1.0,0.0,0.0,0.0,0.0,0.0,0.0,-1.072391733411356
30086.0,3.0,5.0,1.0,2.0,4.0,966.0,0.22362101449275362,0.14595734989648032,0.22981469979296063,0.008289855072463766,0.00520072463768116,0.0010297101449275362,0.015524534161490683,0.006231055900621118,0.3643667701863354,0.0,0.5806698757763976,0.79115,,,,,20700.680124223603,22438.443064182196,0.0,2.0,2.0,1.0,1.0,0.0,0.0,0.0,0.0,0.0,0.0,-1.2852604793955584
38913.0,3.0,3.0,1.0,1.0,1.0,243.0,0.2634,0.2469,0.1687,0.0165,0.0,0.0041,0.0617,0.0041,0.2346,1.0,0.4889,0.6642,,,,,,,,2.0,1.0,1.0,0.0,0.0,0.0,0.0,0.0,0.0,0.0,-1.4076970808277256
10998.0,2.0,2.0,1.0,2.0,1.0,661.0,0.1392,0.5946,0.0605,0.030300000000000004,0.0015,0.0015,0.0136,0.0,0.1589,0.3283,0.79,0.782,,,12750.0,12750.0,15367.0,18460.0,1.0,10.0,2.0,1.0,1.0,0.0,0.0,0.0,0.0,0.0,0.0,-0.7718743379618775
3715.0,2.0,5.0,3.0,4.0,1.0,588.0,0.7126,0.1071,0.0544,0.0272,0.0085,0.0,0.0221,0.05779999999999999,0.0102,0.0204,0.4069,0.6914,0.5647,1082.0,34295.0,34295.0,19976.0,47787.0,1.0,32.0,3.0,0.0,0.0,1.0,0.0,1.0,0.0,0.0,1.0,-0.39491583249128764
2463.0,2.0,4.0,3.0,4.0,2.0,1788.0,0.7679,0.0436,0.0475,0.017900000000000003,0.0084,0.0,0.0336,0.0056,0.0755,0.1035,0.4887,0.9355,0.6453,1055.0,20796.0,20796.0,21336.0,32183.0,1.0,53.0,5.0,0.0,1.0,1.0,0.0,1.0,1.0,1.0,0.0,-0.6327613016684115
12248.0,2.0,3.0,1.0,1.0,1.0,118.0,0.3897999999999999,0.5763,0.03389999999999999,0.0,0.0,0.0,0.0,0.0,0.0,0.0,0.6131,0.7024,,,,,17553.0,20160.0,0.0,1.0,1.0,1.0,0.0,0.0,0.0,0.0,0.0,0.0,0.0,-1.674081691189789
9873.0,3.0,7.0,1.0,1.0,1.0,67.0,0.7015,0.0149,0.2687,0.0149,0.0,0.0,0.0,0.0,0.0,0.0896,0.7281,0.1316,,,,,11986.0,15639.0,0.0,1.0,1.0,1.0,0.0,0.0,0.0,0.0,0.0,0.0,0.0,-1.0239422382288261
3422.0,2.0,5.0,3.0,4.0,1.0,1366.0,0.5073,0.2518,0.0359,0.0051,0.0015,0.0007,0.0146,0.0212,0.1618,0.0095,0.4677,0.6997,0.6314,,22950.0,22950.0,16611.0,31774.0,1.0,34.0,3.0,0.0,1.0,1.0,0.0,1.0,0.0,0.0,0.0,-0.6080081754616598
24982.0,3.0,3.0,1.0,1.0,1.0,292.0,0.4555,0.2671,0.2055,0.0308,0.0103,0.0034,0.0205,0.0068,0.0,0.7123,0.5642,0.6751,,,,,23804.0,23804.0,0.0,1.0,1.0,1.0,0.0,0.0,0.0,0.0,0.0,0.0,0.0,-1.4054664756669388
23531.0,1.0,2.0,1.0,1.0,1.0,35.0,1.0,0.0,0.0,0.0,0.0,0.0,0.0,0.0,0.0,0.0,0.3333,0.4744,0.5882,,,,15067.0,18415.0,0.0,1.0,1.0,1.0,0.0,0.0,0.0,0.0,0.0,0.0,0.0,-0.9655521328552562
20907.0,2.0,4.0,3.0,4.0,1.0,47.0,0.4467999999999999,0.021299999999999996,0.021299999999999996,0.021299999999999996,0.0,0.0,0.0,0.0,0.4894,0.1489,0.1061,0.5,1.0,1050.0,9120.0,9120.0,,,,4.0,5.0,0.0,1.0,1.0,0.0,1.0,1.0,1.0,0.0,-1.4313442056735992
3720.0,2.0,5.0,3.0,4.0,1.0,2079.0,0.7335,0.1135,0.0467,0.0111,0.0053,0.0014,0.0361,0.026,0.0265,0.0414,0.3352,0.7227,0.6675,998.0,34545.0,34545.0,22072.0,44236.0,1.0,42.0,5.0,0.0,0.0,1.0,0.0,1.0,1.0,1.0,1.0,-0.7362776196816374
2785.0,2.0,2.0,3.0,4.0,1.0,24539.0,0.356,0.0506,0.1152,0.1962,0.0023,0.0011,0.0365,0.1512,0.0909,0.0444,0.2145,0.4051,0.3545,1344.0,46170.0,46170.0,36991.0,61958.0,1.0,154.0,8.0,1.0,1.0,1.0,1.0,1.0,1.0,1.0,1.0,-1.3924824921553831
11719.0,2.0,9.0,3.0,4.0,1.0,14596.0,0.0,0.0,1.0,0.0,0.0,0.0,0.0,0.0,0.0,0.2576,0.8387,0.391,,,5580.0,5580.0,8824.0,14089.0,1.0,74.0,8.0,1.0,1.0,1.0,1.0,1.0,1.0,1.0,1.0,-0.6678064921601461
1929.0,2.0,4.0,3.0,4.0,1.0,643.0,0.7372,0.0607,0.1306,0.0078,0.0062,0.0031,0.0218,0.0311,0.0016000000000000003,0.084,0.4191,0.7776,0.6147,1059.0,25200.0,25200.0,20901.0,36002.0,1.0,42.0,3.0,0.0,1.0,1.0,0.0,1.0,0.0,0.0,0.0,-0.7884964602841203
2711.0,2.0,2.0,3.0,4.0,2.0,14195.0,0.4209,0.0597,0.11530000000000001,0.1722,0.0032,0.0007,0.0431,0.0966,0.0885,0.0009,0.16300000000000003,0.31039999999999995,0.1419,1422.0,47286.0,47286.0,29240.0,61608.0,1.0,116.0,6.0,0.0,0.0,1.0,1.0,1.0,1.0,1.0,1.0,-2.005746945612907
1262.0,2.0,8.0,3.0,4.0,1.0,2560.0,0.6176,0.023,0.21800000000000003,0.0508,0.0086,0.0086,0.0586,0.0055,0.0094,0.0262,0.275,0.6232,0.6953,1135.0,31406.0,31406.0,30913.0,44198.0,1.0,57.0,3.0,0.0,0.0,1.0,0.0,1.0,0.0,0.0,1.0,-1.0237924940962901
1688.0,2.0,3.0,3.0,4.0,1.0,948.0,0.712,0.1255,0.0854,0.0095,0.0021,0.0021,0.0327,0.0274,0.0032,0.0032,0.3703,0.8663,0.5413000000000001,,29210.0,29210.0,16744.0,38644.0,1.0,31.0,2.0,0.0,0.0,1.0,0.0,1.0,0.0,0.0,0.0,-0.7210164930568009
2121.0,2.0,1.0,3.0,4.0,1.0,2107.0,0.3863,0.0479,0.0973,0.1144,0.0019000000000000002,0.0005,0.0233,0.2682,0.0603,0.0,0.1709,0.3727,0.2631,1272.0,45120.0,45120.0,30636.0,60494.0,1.0,3.0,4.0,0.0,0.0,1.0,1.0,1.0,0.0,0.0,1.0,-1.8240491670093635
10395.0,2.0,8.0,3.0,4.0,1.0,5656.0,0.5421,0.0299,0.1932,0.0647,0.005,0.003,0.0575,0.0674,0.0373,0.0292,0.1794,0.4204,0.4625,1243.0,42908.0,42908.0,30191.0,57593.0,1.0,59.0,6.0,0.0,0.0,1.0,1.0,1.0,1.0,1.0,1.0,-1.3275166051589953
2485.0,2.0,4.0,3.0,4.0,1.0,346.0,0.8035000000000001,0.0983,0.0289,0.0347,0.0028999999999999994,0.0,0.0173,0.0028999999999999994,0.011599999999999997,0.4509,0.4368,0.4023,0.7636000000000001,970.0,5760.0,5760.0,15338.0,19733.0,1.0,9.0,8.0,1.0,1.0,1.0,1.0,1.0,1.0,1.0,1.0,-1.1705990790076415
10727.0,3.0,3.0,3.0,4.0,25.0,41972.0,0.3960633827313447,0.22519147765176784,0.17680694272372058,0.04664312636996092,0.005416639664538264,0.007426412846659678,0.011886300390736682,0.01182923139235681,0.11879823691985132,0.6048704159916135,0.6203214547793768,0.7760311255122462,0.76944855379777,,16888.0,16888.0,24699.925297235353,30756.155302487703,1.0,21.0,6.0,1.0,1.0,1.0,0.0,1.0,1.0,0.0,1.0,-0.6172328764439406
1289.0,1.0,8.0,2.0,2.0,1.0,7096.0,0.6979,0.0154,0.1415,0.0338,0.027600000000000003,0.0044,0.0431,0.0025000000000000005,0.0338,0.542,0.3804,0.0423,,,1183.0,6223.0,4831.0,10869.0,1.0,49.0,2.0,1.0,1.0,0.0,0.0,0.0,0.0,0.0,0.0,-1.0136784968196797
2838.0,1.0,2.0,3.0,4.0,1.0,16170.0,0.3756,0.0639,0.1058,0.2424,0.0015,0.0014,0.0237,0.1142,0.0714,0.0635,0.3351,0.4496,0.4134,1254.0,8430.0,21850.0,13519.0,21358.0,1.0,94.0,6.0,0.0,0.0,1.0,1.0,1.0,1.0,1.0,1.0,-1.407867097261124
9797.0,1.0,6.0,2.0,3.0,1.0,3459.0,0.34839999999999993,0.0705,0.5169,0.0162,0.0023,0.0017000000000000001,0.0159,0.0009,0.027200000000000002,0.5938,0.21189999999999998,0.025,,,2970.0,5550.0,8276.0,12903.0,1.0,35.0,3.0,1.0,1.0,1.0,0.0,0.0,0.0,0.0,0.0,-1.41579856728142
41443.0,3.0,2.0,1.0,1.0,1.0,664.0,0.3795,0.0858,0.2741,0.0813,0.0015,0.013600000000000001,0.05870000000000001,0.0904,0.0151,0.9458000000000001,0.3061,0.5317,,,,,44967.0,48131.0,0.0,2.0,1.0,1.0,0.0,0.0,0.0,0.0,0.0,0.0,0.0,-2.00601129984227
3999.0,1.0,5.0,1.0,2.0,1.0,2734.0,0.8361,0.0728,0.0439,0.013900000000000001,0.0033,0.0007,0.014600000000000002,0.0018,0.012800000000000002,0.3515,0.4454,0.2915,1.0,910.0,3811.0,14875.0,4688.0,10408.0,1.0,27.0,2.0,1.0,1.0,0.0,0.0,0.0,0.0,0.0,0.0,-1.5283113051740684
7266.0,1.0,6.0,1.0,2.0,1.0,24590.0,0.41630000000000006,0.0448,0.4263,0.0296,0.023999999999999997,0.0031,0.0336,0.0072,0.0151,0.6345,0.3141,0.1274,,,1844.0,8048.0,2987.0,7295.0,1.0,92.0,3.0,1.0,1.0,0.0,1.0,0.0,0.0,0.0,0.0,-1.7382079879569126
3696.0,1.0,1.0,3.0,4.0,1.0,9958.0,0.8305,0.0113,0.0437,0.0248,0.0022,0.0003,0.0305,0.0269,0.029700000000000004,0.0359,0.1844,0.46169999999999994,0.7344,1191.0,16226.0,37874.0,15838.0,28348.0,1.0,87.0,6.0,0.0,0.0,1.0,1.0,1.0,1.0,1.0,1.0,-1.0925320784344987
1968.0,1.0,5.0,3.0,4.0,1.0,1627.0,0.2532,0.5784,0.0166,0.0049,0.0018,0.0018,0.024,0.0030999999999999995,0.1162,0.1475,0.5911,0.6414000000000001,0.4769,883.0,7404.0,17214.0,8593.0,17231.0,1.0,31.0,3.0,0.0,1.0,1.0,0.0,1.0,0.0,0.0,0.0,-0.3383650719264746
12750.0,1.0,3.0,2.0,2.0,1.0,1971.0,0.8803,0.0462,0.0122,0.0107,0.0036,0.0,0.0112,0.0005,0.0355,0.7027,0.415,0.2833,,,4219.0,7828.0,7867.0,11548.0,1.0,47.0,3.0,1.0,1.0,0.0,1.0,0.0,0.0,0.0,0.0,-0.9342213214244273
30709.0,2.0,4.0,2.0,2.0,1.0,232.0,0.9224,0.047400000000000005,0.0086,0.0086,0.0,0.0,0.0086,0.0,0.0043,0.7283999999999999,0.6216,0.9009,0.8143,,15690.0,15690.0,23699.0,28050.0,1.0,5.0,3.0,1.0,1.0,1.0,0.0,0.0,0.0,0.0,0.0,-1.6671816621779363
3329.0,1.0,2.0,3.0,4.0,23.0,73701.0,0.7049990203660736,0.06179408556193267,0.06139122128600697,0.05745608879119687,0.001018684956784847,0.0009485773598730005,0.02407889852240811,0.07175169672053296,0.016615533032116252,0.10351276780505012,0.2574821739189427,0.5650936242384772,0.6349938155520278,1103.9125113634823,15935.722798876543,25619.182399153335,23869.67178192969,29589.72708647101,1.0,195.0,8.0,1.0,1.0,1.0,1.0,1.0,1.0,1.0,1.0,-0.9311399347243609
4743.0,1.0,6.0,1.0,2.0,1.0,2028.0,0.4719,0.0597,0.3565,0.0178,0.0059,0.0064,0.0158,0.0,0.0661,0.643,0.3287,0.0698,,,1176.0,2376.0,9821.0,13805.0,1.0,28.0,2.0,1.0,1.0,0.0,0.0,0.0,0.0,0.0,0.0,-1.5459471181011324
1223.0,1.0,8.0,1.0,2.0,1.0,15953.0,0.1866,0.1018,0.5017,0.1328,0.0025,0.0014,0.0228,0.026,0.0244,0.696,0.3484,0.0505,,,1220.0,6810.0,6021.0,11871.0,1.0,53.0,2.0,1.0,1.0,0.0,0.0,0.0,0.0,0.0,0.0,-1.0432515659712158
1547.0,2.0,5.0,3.0,3.0,1.0,1399.0,0.39890000000000003,0.40459999999999996,0.0357,0.0063999999999999994,0.0021,0.0014,0.0493,0.0086,0.0929,0.1673,0.5483,0.7283,0.5189,917.0,17650.0,17650.0,13916.0,27053.0,1.0,20.0,3.0,0.0,1.0,1.0,1.0,0.0,0.0,0.0,0.0,-0.4280465022574809
41239.0,3.0,5.0,1.0,1.0,1.0,187.0,0.7861,0.0535,0.021399999999999995,0.010699999999999998,0.0053,0.010699999999999998,0.0267,0.0,0.08559999999999998,1.0,0.2581,0.3427,,,,,,,,3.0,1.0,1.0,0.0,0.0,0.0,0.0,0.0,0.0,0.0,-1.4741907630260744
2851.0,1.0,2.0,3.0,4.0,1.0,1718.0,0.8359,0.0163,0.0384,0.0332,0.0029,0.0006,0.025,0.0198,0.0279,0.0279,0.2697,0.5746,0.5113,1193.0,7398.0,17048.0,18321.0,23671.0,1.0,19.0,5.0,0.0,1.0,1.0,0.0,1.0,1.0,0.0,1.0,-1.62321529421523
2986.0,1.0,5.0,3.0,4.0,1.0,4743.0,0.1735,0.7225,0.0221,0.0059,0.0044,0.0004,0.0291,0.016,0.0259,0.1368,0.5796,0.7191,0.6016,859.0,5583.0,15113.0,8200.0,16559.0,1.0,38.0,5.0,0.0,0.0,1.0,0.0,1.0,1.0,1.0,1.0,-0.5954020386400692
2665.0,2.0,2.0,2.0,4.0,1.0,1605.0,0.1333,0.2168,0.3751,0.1153,0.005,0.0343,0.04669999999999999,0.0206,0.053,0.21430000000000002,0.652,0.6792,0.7478,,21642.0,21642.0,28078.0,34839.0,1.0,9.0,4.0,1.0,1.0,1.0,0.0,1.0,0.0,0.0,0.0,-1.1235146257409274
2077.0,2.0,2.0,3.0,4.0,1.0,6039.0,0.4516,0.0533,0.1177,0.204,0.0008,0.0006999999999999999,0.04649999999999999,0.1032,0.0222,0.0055000000000000005,0.1277,0.3865,0.1608,1439.0,47060.0,47060.0,29911.0,61481.0,1.0,105.0,7.0,1.0,0.0,1.0,1.0,1.0,1.0,1.0,1.0,-2.144989461739447
8244.0,1.0,4.0,2.0,2.0,1.0,12169.0,0.6574,0.0861,0.08730000000000002,0.0395,0.007,0.0018,0.0374,0.041,0.0425,0.5624,0.2002,0.1663,,,2640.0,6180.0,7534.0,10749.0,1.0,49.0,2.0,1.0,1.0,0.0,0.0,0.0,0.0,0.0,0.0,-1.6461720200612846
39463.0,2.0,1.0,3.0,3.0,1.0,334.0,0.5599,0.009,0.0359,0.1527,0.003,0.0,0.0629,0.0689,0.1078,0.0,0.0671,0.3411,0.12,1475.0,46681.0,46681.0,22031.0,61956.0,1.0,3.0,1.0,0.0,0.0,1.0,0.0,0.0,0.0,0.0,0.0,-1.8929188648336401
32343.0,1.0,1.0,3.0,3.0,1.0,1799.0,0.6081,0.1784,0.1306,0.0133,0.0033,0.0011,0.0261,0.0061,0.0328,0.7876999999999998,0.288,0.35819999999999996,,,,,,,,15.0,4.0,1.0,1.0,1.0,0.0,1.0,0.0,0.0,0.0,-1.2345293683088354
31555.0,1.0,5.0,1.0,2.0,1.0,1358.0,0.4941,0.46830000000000005,0.0221,0.0052,0.0015,0.0,0.0052,0.0007,0.0029,0.6554,0.6046,0.2263,,,2614.0,4750.0,2476.0,9356.0,1.0,29.0,2.0,1.0,1.0,0.0,0.0,0.0,0.0,0.0,0.0,-1.5567701140664354
3661.0,1.0,6.0,3.0,4.0,1.0,19614.0,0.0712,0.0262,0.8303,0.0067,0.002,0.001,0.0067,0.05,0.0059,0.3371,0.576,0.4686,0.9988999999999999,941.0,7259.0,18389.0,6984.0,15067.0,1.0,91.0,6.0,1.0,0.0,1.0,0.0,1.0,1.0,1.0,1.0,-1.0399429300041476
3694.0,2.0,1.0,3.0,4.0,1.0,2038.0,0.8611,0.0236,0.0451,0.0201,0.0015,0.0,0.0191,0.028,0.0015,0.0108,0.1682,0.6456,0.8046,,39375.0,39375.0,28084.0,50806.0,1.0,38.0,3.0,0.0,0.0,1.0,0.0,1.0,0.0,0.0,1.0,-0.8231133329058492
2015.0,1.0,5.0,3.0,4.0,1.0,6742.0,0.5531,0.15930000000000002,0.1023,0.0837,0.0039,0.0004,0.035,0.0363,0.026,0.2327,0.3298,0.3621,0.4357,1082.0,7392.0,21002.0,8409.0,16889.0,1.0,56.0,4.0,0.0,0.0,1.0,0.0,1.0,1.0,0.0,1.0,-0.9373370299355922
4703.0,2.0,4.0,3.0,4.0,1.0,47.0,0.6383,0.021299999999999996,0.021299999999999996,0.021299999999999996,0.0,0.0,0.021299999999999996,0.0,0.2766,0.2979,0.5192,0.8269,,,,,,,,6.0,4.0,0.0,0.0,1.0,0.0,1.0,1.0,1.0,0.0,-1.6951769356093582
3543.0,2.0,6.0,3.0,4.0,1.0,1272.0,0.555,0.0668,0.1942,0.1392,0.011,0.0008,0.0031,0.0267,0.0031,0.0016,0.2867,0.7581,0.5438,1159.0,33840.0,33840.0,21498.0,47404.0,1.0,36.0,2.0,0.0,0.0,1.0,0.0,1.0,0.0,0.0,0.0,-0.9170414704076119
30691.0,2.0,4.0,3.0,4.0,1.0,379.0,0.8892,0.0211,0.0026,0.0158,0.0,0.0053,0.0079,0.0079,0.0501,0.35879999999999995,0.3317,0.8065,0.0,,19295.0,19295.0,6953.0,30682.0,1.0,8.0,7.0,1.0,1.0,1.0,0.0,1.0,1.0,1.0,1.0,-1.3351554407809658
1098.0,1.0,5.0,3.0,4.0,1.0,3226.0,0.6569,0.2365,0.0422,0.0071,0.0015,0.0,0.0453,0.0096,0.0009,0.0939,0.5408,0.5964,0.6278,989.0,7860.0,14220.0,9716.0,18679.0,1.0,44.0,6.0,1.0,1.0,1.0,0.0,1.0,0.0,1.0,1.0,-0.8014034993297972
3988.0,2.0,2.0,3.0,4.0,1.0,2464.0,0.5317,0.2204,0.028,0.0122,0.0012,0.0004,0.0195,0.013,0.1737,0.1993,0.3937,0.7769,0.9403999999999999,853.0,25860.0,25860.0,22741.0,38072.0,1.0,28.0,6.0,0.0,1.0,1.0,0.0,1.0,1.0,1.0,1.0,-0.7614459840769454
1952.0,2.0,5.0,3.0,4.0,1.0,1499.0,0.8051999999999999,0.038,0.0207,0.0087,0.0027,0.0033,0.062,0.0167,0.0427,0.1741,0.3316,0.7001,0.687,1135.0,26868.0,26868.0,26807.0,34962.0,1.0,46.0,3.0,0.0,1.0,1.0,0.0,1.0,0.0,0.0,0.0,-0.567173543326628
1960.0,2.0,5.0,3.0,4.0,1.0,1227.0,0.665,0.21269999999999997,0.0416,0.0114,0.0024,0.0024,0.030199999999999998,0.0016,0.0326,0.2502,0.44420000000000004,0.6725,0.4571,967.0,22950.0,22950.0,19050.0,32509.0,1.0,23.0,7.0,0.0,1.0,1.0,1.0,1.0,1.0,1.0,1.0,-0.6718932035353851
3586.0,2.0,6.0,3.0,4.0,1.0,1406.0,0.6821,0.0555,0.22899999999999998,0.0057,0.0057,0.0014,0.0,0.0206,0.0,0.1309,0.3625,0.7837999999999999,0.9432,1010.0,19600.0,19600.0,19633.0,29481.0,1.0,50.0,3.0,0.0,1.0,1.0,0.0,1.0,0.0,0.0,0.0,-0.9429886258641587
1598.0,1.0,5.0,3.0,4.0,1.0,26738.0,0.7228,0.075,0.0524,0.09200000000000001,0.0009,0.0012,0.0327,0.014799999999999999,0.0081,0.0553,0.23829999999999998,0.4011,0.5572,1248.0,10836.0,29046.0,12208.0,21981.0,1.0,147.0,7.0,1.0,0.0,1.0,1.0,1.0,1.0,1.0,1.0,-1.312356852606895
10546.0,1.0,4.0,2.0,2.0,1.0,8755.0,0.5804,0.1042,0.0692,0.1733,0.0039000000000000003,0.0014,0.0469,0.016,0.0048,0.6088,0.4669,0.4653,,,5373.0,5373.0,9504.0,12774.0,1.0,56.0,2.0,1.0,1.0,0.0,0.0,0.0,0.0,0.0,0.0,-1.1810596601736476
3235.0,2.0,2.0,3.0,4.0,1.0,2482.0,0.6861,0.0902,0.0733,0.0463,0.002,0.0016,0.0399,0.0254,0.0351,0.0467,0.349,0.7941,0.588,1105.0,38160.0,38160.0,23588.0,50832.0,1.0,68.0,5.0,0.0,0.0,1.0,0.0,1.0,1.0,1.0,1.0,-0.7703825324919235
1700.0,2.0,3.0,3.0,4.0,1.0,1051.0,0.6194,0.0771,0.1313,0.0152,0.0019,0.0019,0.019,0.0276,0.1066,0.2607,0.439,0.5507,0.7312,1080.0,27530.0,27530.0,19792.0,39014.0,1.0,40.0,5.0,1.0,0.0,1.0,0.0,1.0,1.0,0.0,1.0,-0.812049589484245
2407.0,1.0,5.0,2.0,2.0,1.0,10447.0,0.3431,0.5941,0.0159,0.007,0.0035,0.0005,0.0197,0.003,0.0132,0.2722,0.7717,0.5046,,,2500.0,5100.0,3524.0,8167.0,1.0,86.0,2.0,1.0,1.0,0.0,0.0,0.0,0.0,0.0,0.0,-1.1890503634935
1177.0,3.0,8.0,3.0,4.0,1.0,607.0,0.4168,0.0428,0.1697,0.1499,0.0016,0.0231,0.10709999999999999,0.0066,0.0824,0.2043,0.5065,0.5887,0.438,,16160.0,16160.0,20667.0,28968.0,1.0,10.0,2.0,0.0,0.0,1.0,0.0,1.0,0.0,0.0,0.0,-0.4981717060292999
12050.0,2.0,2.0,2.0,2.0,1.0,440.0,0.8477,0.1364,0.0068,0.0091,0.0,0.0,0.0,0.0,0.0,0.0,0.4587,0.4473,,,14110.0,14110.0,23372.0,29112.0,1.0,7.0,2.0,1.0,1.0,0.0,0.0,0.0,0.0,0.0,0.0,-1.3837912309017721
9479.0,3.0,2.0,2.0,2.0,1.0,694.0,0.5144,0.1427,0.1441,0.036,0.0,0.007199999999999999,0.0216,0.0,0.134,0.2248,0.5628,0.8026000000000001,,,21769.0,21769.0,24838.0,30958.0,1.0,3.0,2.0,1.0,1.0,0.0,0.0,0.0,0.0,0.0,0.0,-1.2147543819489575
34903.0,3.0,3.0,1.0,1.0,3.0,458.0,0.4738248908296943,0.2882161572052402,0.20305982532751093,0.010931222707423579,0.008722052401746725,0.0,0.006546288209606987,0.0,0.008733842794759824,0.2773,0.4934965065502183,0.6565508733624454,,,,,17377.94978165939,20537.237991266375,0.0,1.0,1.0,1.0,0.0,0.0,0.0,0.0,0.0,0.0,0.0,-0.7097753349787507
2012.0,1.0,5.0,2.0,2.0,1.0,2406.0,0.6663,0.2743,0.0191,0.0037,0.0083,0.0008,0.015399999999999999,0.0037,0.0083,0.441,0.4299,0.6266,,,3522.0,8886.0,7884.0,12134.0,1.0,17.0,3.0,1.0,1.0,1.0,0.0,0.0,0.0,0.0,0.0,-0.9405005578519637
21907.0,3.0,3.0,2.0,3.0,2.0,1935.0,0.2997741602067183,0.11630542635658914,0.0517046511627907,0.00307390180878553,0.001543669250645995,0.0010201550387596897,0.006686821705426357,0.0010201550387596897,0.5188560723514212,0.0,0.8375989664082687,0.839672093023256,,,16650.374677002583,16650.374677002583,19388.81395348837,24995.19896640827,1.0,23.0,3.0,1.0,1.0,1.0,0.0,0.0,0.0,0.0,0.0,-0.9825393284604094
33563.0,3.0,5.0,1.0,1.0,1.0,221.0,0.552,0.4208,0.0181,0.0045,0.0045,0.0,0.0,0.0,0.0,0.0,0.5606,0.5996,,,,,17699.0,20321.0,0.0,4.0,1.0,1.0,0.0,0.0,0.0,0.0,0.0,0.0,0.0,-1.6649753953680275
31444.0,3.0,8.0,1.0,1.0,2.0,344.0,0.16857209302325582,0.13951162790697677,0.633713953488372,0.02616279069767442,0.005790697674418604,0.0,0.005790697674418604,0.0,0.02035813953488372,0.0,0.8408813953488372,0.6602279069767442,,,,,13657.046511627907,17656.976744186046,0.0,7.0,2.0,1.0,1.0,0.0,0.0,0.0,0.0,0.0,0.0,-1.1862053677812778
23413.0,1.0,6.0,2.0,2.0,1.0,6678.0,0.2001,0.0313,0.7137,0.0114,0.0025,0.0019,0.0171,0.0007,0.0213,0.7751,0.3057,0.0411,,,2088.0,10740.0,5214.0,11121.0,1.0,63.0,2.0,1.0,1.0,0.0,0.0,0.0,0.0,0.0,0.0,-1.0282211215927843
2411.0,1.0,5.0,2.0,2.0,1.0,4455.0,0.6339,0.3273,0.0049,0.0054,0.0037999999999999996,0.0009,0.0114,0.0,0.0123,0.1699,0.4854,0.1179,,,2722.0,4722.0,5408.0,10178.0,1.0,59.0,2.0,1.0,1.0,0.0,0.0,0.0,0.0,0.0,0.0,-1.6687469994307171
41387.0,3.0,8.0,1.0,1.0,1.0,164.0,0.10979999999999998,0.10369999999999999,0.5915,0.0915,0.012199999999999999,0.0,0.05489999999999999,0.0060999999999999995,0.0305,0.372,0.6185,0.5556,,,,,15292.0,18967.0,0.0,1.0,1.0,1.0,0.0,0.0,0.0,0.0,0.0,0.0,0.0,-1.4063431011137093
21506.0,3.0,3.0,1.0,1.0,1.0,177.0,0.7345,0.0339,0.1808,0.0395,0.0,0.0113,0.0,0.0,0.0,0.0678,0.7531,0.7778,,,,,11066.0,13784.0,0.0,1.0,1.0,1.0,0.0,0.0,0.0,0.0,0.0,0.0,0.0,-1.3247911009191462
30663.0,3.0,4.0,2.0,4.0,3.0,476.0,0.5903615546218487,0.20590189075630252,0.0672485294117647,0.006310504201680672,0.01261827731092437,0.004172689075630252,0.039938025210084035,0.0,0.07351533613445378,0.0,0.7856073529411765,0.8450932773109244,,,15324.35294117647,15324.35294117647,18558.65336134454,23015.264705882353,1.0,14.0,4.0,1.0,1.0,1.0,0.0,1.0,0.0,0.0,0.0,-0.23258748299394186
1141.0,1.0,8.0,3.0,4.0,1.0,12199.0,0.0835,0.1472,0.5732,0.0956,0.0017999999999999997,0.0034,0.0274,0.0302,0.0376,0.2798,0.6047,0.3827,0.4234,,6139.0,17299.0,2416.0,12399.0,1.0,72.0,5.0,1.0,0.0,1.0,1.0,1.0,0.0,0.0,1.0,-1.420713632018682
3425.0,1.0,5.0,3.0,4.0,1.0,17083.0,0.8348,0.0646,0.0298,0.0194,0.0019000000000000002,0.0007,0.0229,0.0084,0.0175,0.0324,0.1826,0.4304,0.5152,1261.0,13446.0,31462.0,16306.0,26065.0,1.0,98.0,5.0,1.0,0.0,1.0,0.0,1.0,1.0,0.0,1.0,-1.2018263162212408
3602.0,2.0,6.0,3.0,3.0,1.0,272.0,0.0147,0.8309,0.1287,0.0,0.0,0.0,0.0184,0.0036999999999999997,0.0036999999999999997,0.0441,0.7531,0.7819,0.8997,1070.0,13375.0,13375.0,12655.0,23459.0,1.0,18.0,1.0,0.0,0.0,1.0,0.0,0.0,0.0,0.0,0.0,-0.2255963658011043
12358.0,3.0,2.0,2.0,3.0,1.0,716.0,0.1131,0.3184,0.331,0.1187,0.0,0.0,0.1187,0.0,0.0,0.0,0.8499000000000001,0.8003,0.3019,,11350.0,11350.0,11814.0,18939.0,1.0,6.0,3.0,1.0,1.0,1.0,0.0,0.0,0.0,0.0,0.0,-0.41799610031151957
3369.0,2.0,2.0,3.0,3.0,1.0,2022.0,0.8269,0.0529,0.0569,0.0173,0.0015,0.001,0.0267,0.0168,0.0,0.0084,0.2451,0.7069,0.782,,40350.0,40350.0,24848.0,51134.0,1.0,50.0,2.0,0.0,1.0,1.0,0.0,0.0,0.0,0.0,0.0,-0.826819766919867
41309.0,3.0,3.0,1.0,1.0,1.0,111.0,0.5495,0.3964,0.027,0.027,0.0,0.0,0.0,0.0,0.0,0.4595,0.5,0.6429,,,,,18015.0,20947.0,0.0,1.0,1.0,1.0,0.0,0.0,0.0,0.0,0.0,0.0,0.0,-1.2862721253255505
2825.0,2.0,2.0,3.0,4.0,2.0,3985.0,0.6263,0.0991,0.125,0.0341,0.0058,0.002,0.0093,0.0002999999999999999,0.0981,0.1917,0.3204,0.5416,0.7073,1031.0,22830.0,22830.0,15627.0,27542.0,1.0,42.0,3.0,1.0,0.0,1.0,0.0,1.0,0.0,0.0,0.0,-1.0663551522253618
4878.0,1.0,8.0,2.0,2.0,1.0,6100.0,0.7044,0.0226,0.08969999999999999,0.031100000000000003,0.011800000000000001,0.0038,0.04610000000000001,0.0018000000000000002,0.08870000000000001,0.5713,0.2982,0.3823,,,4133.0,11918.0,4968.0,8633.0,1.0,49.0,2.0,1.0,1.0,0.0,0.0,0.0,0.0,0.0,0.0,-1.2743056715467425
36124.0,2.0,6.0,1.0,1.0,1.0,96.0,0.0104,0.0,0.9895999999999999,0.0,0.0,0.0,0.0,0.0,0.0,0.0,0.7905000000000001,0.8636,,,,,10105.0,18890.0,0.0,6.0,1.0,1.0,0.0,0.0,0.0,0.0,0.0,0.0,0.0,-1.2594174698359626
1028.0,2.0,5.0,3.0,3.0,1.0,1778.0,0.0169,0.9719,0.0028,0.0,0.0,0.0006,0.0056,0.0,0.0022,0.0371,0.8452,0.9244,,,11604.0,11604.0,16694.0,22436.0,1.0,22.0,1.0,0.0,0.0,1.0,0.0,0.0,0.0,0.0,0.0,-0.044177348224345686
4996.0,1.0,5.0,2.0,2.0,1.0,706.0,0.881,0.0453,0.0198,0.0028,0.0057,0.0,0.026899999999999997,0.0,0.0184,0.4788,0.3598,0.1745,,,3324.0,7994.0,5286.0,8974.0,1.0,34.0,2.0,1.0,1.0,0.0,0.0,0.0,0.0,0.0,0.0,-1.3176962058847208
1150.0,1.0,8.0,3.0,4.0,1.0,26400.0,0.3028,0.05670000000000001,0.276,0.2112,0.0041,0.0091,0.0628,0.0181,0.0592,0.19339999999999996,0.5366,0.3994,0.7265,937.0,6648.0,17808.0,8953.0,18241.0,1.0,66.0,5.0,0.0,0.0,1.0,1.0,1.0,1.0,1.0,0.0,-1.464427554523233
1946.0,2.0,4.0,3.0,3.0,1.0,708.0,0.678,0.0862,0.1158,0.007100000000000001,0.0042,0.0028,0.0339,0.0169,0.0551,0.1977,0.3584,0.7450000000000001,0.8568000000000001,1037.0,23900.0,23900.0,22032.0,36750.0,1.0,40.0,3.0,0.0,1.0,1.0,0.0,1.0,0.0,0.0,0.0,-0.8167231663356649
25600.0,3.0,3.0,1.0,1.0,1.0,60.0,0.8333,0.1333,0.0167,0.0167,0.0,0.0,0.0,0.0,0.0,0.5666999999999999,0.6234,0.5816,0.9721999999999998,,,,10938.0,15150.0,0.0,1.0,1.0,1.0,0.0,0.0,0.0,0.0,0.0,0.0,0.0,-1.042411889360767
9275.0,1.0,5.0,3.0,4.0,1.0,11654.0,0.8218,0.0725,0.0268,0.0099,0.004,0.0009,0.0174,0.034,0.0127,0.1938,0.3416,0.5413,0.9072,1046.0,8856.0,17328.0,8014.0,15159.0,1.0,72.0,7.0,1.0,1.0,1.0,0.0,1.0,1.0,1.0,1.0,-0.7809191378002892
4890.0,3.0,2.0,3.0,3.0,1.0,1282.0,0.6326,0.2192,0.0078,0.0172,0.0047,0.0,0.0,0.0,0.1186,0.4438,0.5959,0.8489,,,16659.0,16659.0,18539.0,25107.0,1.0,12.0,3.0,0.0,1.0,1.0,0.0,1.0,0.0,0.0,0.0,-0.670957469141361
2388.0,1.0,4.0,3.0,4.0,1.0,9120.0,0.8647,0.0206,0.023,0.030999999999999996,0.0056,0.0011,0.0261,0.0181,0.0098,0.042,0.2417,0.5838,0.7678,1110.0,12802.0,16467.0,17315.0,23153.0,1.0,73.0,7.0,1.0,0.0,1.0,1.0,1.0,1.0,1.0,1.0,-1.0448880686622308
3728.0,1.0,5.0,3.0,4.0,1.0,19842.0,0.5004,0.2691,0.0693,0.0437,0.0041,0.0044,0.0591,0.013400000000000002,0.0364,0.23319999999999996,0.35,0.5588,0.8189,1007.0,8970.0,25140.0,13067.0,20966.0,1.0,72.0,6.0,1.0,0.0,1.0,0.0,1.0,1.0,1.0,1.0,-0.8277144947657116
1489.0,1.0,5.0,3.0,4.0,1.0,32432.0,0.6576,0.0811,0.1797,0.0243,0.0027,0.0015,0.029,0.0109,0.0133,0.1079,0.3321,0.4659,0.5539,1228.0,6507.0,21673.0,15827.0,21408.0,1.0,99.0,8.0,1.0,1.0,1.0,1.0,1.0,1.0,1.0,1.0,-1.2315069045192557
41673.0,3.0,5.0,1.0,1.0,1.0,27.0,0.6296,0.1481,0.2222,0.0,0.0,0.0,0.0,0.0,0.0,0.40740000000000004,0.587,0.5652,,,,,11051.0,15614.0,0.0,1.0,1.0,1.0,0.0,0.0,0.0,0.0,0.0,0.0,0.0,-1.0223751959443967
7588.0,3.0,4.0,1.0,1.0,1.0,189.0,0.9153,0.0529,0.0159,0.0,0.0,0.0,0.0159,0.0,0.0,0.0,0.4845,0.5103,,,,,11955.0,15006.0,0.0,2.0,2.0,1.0,1.0,0.0,0.0,0.0,0.0,0.0,0.0,-1.3135114216536736
2004.0,2.0,5.0,3.0,3.0,1.0,1200.0,0.0033,0.9233,0.005,0.0,0.0,0.0,0.0075,0.0217,0.0392,0.0517,0.7422,0.8833000000000001,0.4059,886.0,16252.0,16252.0,15138.0,26606.0,1.0,28.0,2.0,1.0,0.0,1.0,0.0,0.0,0.0,0.0,0.0,-0.23458749628842582
41847.0,3.0,3.0,1.0,1.0,1.0,105.0,0.7524,0.03810000000000001,0.03810000000000001,0.0286,0.019,0.0,0.1238,0.0,0.0,0.0,0.6555,0.7059,,,,,11526.0,14990.0,0.0,1.0,1.0,1.0,0.0,0.0,0.0,0.0,0.0,0.0,0.0,-0.6846191064054306
11711.0,1.0,6.0,3.0,4.0,1.0,5072.0,0.4383,0.0891,0.3506,0.05739999999999999,0.0024,0.001,0.0276,0.0183,0.0154,0.5321,0.3917,0.3923,0.5736,1044.0,5802.0,16170.0,,,,52.0,3.0,0.0,0.0,1.0,0.0,1.0,1.0,0.0,0.0,-1.1966667226658931
8071.0,3.0,8.0,1.0,2.0,1.0,974.0,0.1294,0.0308,0.4661,0.1828,0.0072,0.0298,0.0349,0.0,0.1191,0.0,0.6372,0.6898,1.0,,,,22082.0,25556.0,0.0,5.0,2.0,1.0,1.0,0.0,0.0,0.0,0.0,0.0,0.0,-1.2573896116937906
21434.0,2.0,7.0,2.0,3.0,1.0,818.0,0.2017,0.006100000000000001,0.011,0.0,0.7787,0.0024,0.0,0.0,0.0,0.1565,0.6642999999999999,0.2571,,,4191.0,11463.0,10564.0,13035.0,1.0,26.0,3.0,1.0,1.0,1.0,0.0,0.0,0.0,0.0,0.0,-0.9291306422529094
1594.0,2.0,5.0,3.0,3.0,1.0,2135.0,0.0005,0.8689,0.0033,0.0009,0.0014,0.0,0.0272,0.015,0.0829,0.0295,0.4777,0.7172,0.54,1005.0,25496.0,25496.0,34308.0,42739.0,1.0,32.0,1.0,0.0,0.0,1.0,0.0,0.0,0.0,0.0,0.0,-0.8753520638811484
37143.0,3.0,6.0,1.0,1.0,1.0,109.0,0.0183,0.7982,0.1651,0.0,0.0,0.0,0.0183,0.0,0.0,0.0,1.0,1.0,,,,,3290.0,8935.0,0.0,2.0,1.0,1.0,0.0,0.0,0.0,0.0,0.0,0.0,0.0,-0.2589192250439803
2997.0,1.0,4.0,3.0,4.0,1.0,11763.0,0.8702999999999999,0.0244,0.017,0.0135,0.0073,0.0007,0.02,0.0317,0.015100000000000002,0.0842,0.2143,0.5492,0.8274,1092.0,7940.0,18969.0,15069.0,18766.0,1.0,101.0,7.0,1.0,0.0,1.0,1.0,1.0,1.0,1.0,1.0,-0.9862940557982777
1302.0,2.0,8.0,3.0,4.0,1.0,2949.0,0.4564,0.0387,0.2513,0.1034,0.0031,0.007100000000000001,0.0688,0.0183,0.0529,0.0851,0.22729999999999997,0.5099,0.7595,1109.0,41380.0,41380.0,32605.0,58362.0,1.0,61.0,6.0,1.0,1.0,1.0,0.0,1.0,1.0,0.0,1.0,-1.2019700403501676
1154.0,1.0,8.0,3.0,4.0,1.0,25170.0,0.21949999999999997,0.0477,0.2486,0.2851,0.0024,0.0065,0.0575,0.0619,0.0708,0.1476,0.4305,0.3818,0.6597,990.0,6468.0,17628.0,11658.0,19998.0,1.0,103.0,7.0,1.0,0.0,1.0,1.0,1.0,1.0,1.0,1.0,-1.4881568002464622
1778.0,2.0,3.0,3.0,4.0,1.0,108.0,0.6667,0.0556,0.21299999999999997,0.0093,0.0,0.0,0.037,0.0185,0.0,0.0278,0.3985,0.6842,0.7609,1109.0,25690.0,25690.0,23608.0,35742.0,1.0,1.0,2.0,0.0,0.0,1.0,0.0,1.0,0.0,0.0,0.0,-0.572505897336318
1156.0,1.0,8.0,3.0,4.0,1.0,8441.0,0.5105,0.0219,0.2637,0.0456,0.0053,0.0023,0.0671,0.019,0.0647,0.079,0.3174,0.4079,0.8002,984.0,7276.0,18436.0,15913.0,22604.0,1.0,44.0,3.0,0.0,0.0,1.0,0.0,1.0,0.0,0.0,1.0,-1.3737345225046982
5372.0,1.0,8.0,2.0,2.0,1.0,3047.0,0.6351,0.0322,0.085,0.0509,0.012499999999999999,0.0102,0.0926,0.011199999999999998,0.0706,0.3869000000000001,0.3038,0.112,,,4321.0,9556.0,7154.0,12586.0,1.0,32.0,2.0,1.0,1.0,0.0,0.0,0.0,0.0,0.0,0.0,-1.409633508299907
3359.0,2.0,2.0,3.0,4.0,1.0,4546.0,0.753,0.06199999999999999,0.0183,0.0103,0.0011,0.0004,0.0222,0.1047,0.0279,0.1276,0.325,0.6288,0.762,1051.0,26054.0,26054.0,24252.0,39552.0,1.0,46.0,4.0,0.0,0.0,1.0,0.0,1.0,1.0,1.0,0.0,-0.8348432036411509
1843.0,1.0,3.0,2.0,3.0,1.0,8256.0,0.7162,0.1303,0.0259,0.0058,0.0029,0.0022,0.0224,0.0041,0.0901,0.3158,0.2104,0.2379,,,5174.0,12234.0,10931.0,16256.0,1.0,99.0,3.0,1.0,1.0,1.0,0.0,0.0,0.0,0.0,0.0,-1.2313447511217868
2960.0,2.0,5.0,3.0,4.0,1.0,946.0,0.5328,0.2336,0.1173,0.0317,0.0042,0.0,0.0307,0.0095,0.04020000000000001,0.1649,0.5832,0.8018,0.5985,1102.0,25356.0,25356.0,14669.0,40574.0,1.0,41.0,3.0,1.0,0.0,1.0,0.0,1.0,0.0,0.0,0.0,-0.515878691617382
20610.0,3.0,2.0,1.0,1.0,1.0,105.0,0.7048000000000001,0.2667,0.0095,0.0095,0.0095,0.0,0.0,0.0,0.0,0.0,0.483,0.608,,,,,17032.0,20129.0,0.0,1.0,1.0,1.0,0.0,0.0,0.0,0.0,0.0,0.0,0.0,-1.1236965826548817
30970.0,2.0,3.0,2.0,3.0,1.0,1193.0,0.803,0.0813,0.0411,0.015100000000000002,0.0017,0.0008,0.0235,0.0,0.0335,0.5901,0.4644,0.7314,0.5704,,12000.0,12000.0,20107.0,22834.0,1.0,9.0,3.0,1.0,1.0,1.0,0.0,0.0,0.0,0.0,0.0,-1.1440735961117638
2694.0,1.0,2.0,2.0,2.0,1.0,13625.0,0.2901,0.3215,0.21229999999999996,0.1247,0.0026,0.0014,0.0139,0.0335,0.0,0.2539,0.4908,0.0742,,,4850.0,7550.0,6766.0,13463.0,1.0,32.0,2.0,1.0,1.0,0.0,0.0,0.0,0.0,0.0,0.0,-1.79225230551078
1997.0,1.0,5.0,1.0,2.0,1.0,5835.0,0.951,0.0093,0.012199999999999999,0.0022,0.0031,0.0009,0.0125,0.0018999999999999998,0.007,0.4237000000000001,0.627,0.4458,,,3624.0,12456.0,5911.0,11341.0,1.0,39.0,2.0,1.0,1.0,0.0,0.0,0.0,0.0,0.0,0.0,-0.9244278182477886
1089.0,1.0,5.0,3.0,4.0,1.0,8845.0,0.7751,0.0897,0.0531,0.0119,0.0099,0.0008,0.0242,0.0353,0.0,0.2071,0.4447,0.4517,0.8626,1010.0,5862.0,10878.0,10205.0,16518.0,1.0,71.0,6.0,1.0,1.0,1.0,0.0,1.0,1.0,0.0,1.0,-0.6875601736911614
5384.0,1.0,3.0,1.0,2.0,1.0,1047.0,0.9016,0.0048,0.0134,0.0086,0.042,0.0,0.0296,0.0,0.0,0.5979,0.5405,0.4288,,,4466.0,6698.0,8488.0,12622.0,1.0,34.0,2.0,1.0,1.0,0.0,0.0,0.0,0.0,0.0,0.0,-1.595509538011333
2867.0,1.0,2.0,2.0,2.0,1.0,2008.0,0.6459,0.0891,0.132,0.008,0.001,0.0005,0.0249,0.0637,0.0349,0.2445,0.4826,0.4416,,,4168.0,7816.0,8171.0,13831.0,1.0,30.0,2.0,1.0,1.0,0.0,0.0,0.0,0.0,0.0,0.0,-1.1819169186993435
30094.0,3.0,6.0,1.0,1.0,3.0,49.0,0.1837,0.0408,0.7347,0.0408,0.0,0.0,0.0,0.0,0.0,0.0,0.918,0.6885,,,,,10766.0,15863.0,0.0,1.0,1.0,1.0,0.0,0.0,0.0,0.0,0.0,0.0,0.0,-1.301132363060735
2053.0,1.0,1.0,3.0,4.0,1.0,8682.0,0.8176,0.0223,0.0249,0.0147,0.0111,0.0001,0.027,0.0237,0.0586,0.0802,0.3345,0.6293,0.8257,1078.0,10606.0,28486.0,16731.0,22193.0,1.0,95.0,5.0,0.0,0.0,1.0,1.0,1.0,1.0,0.0,1.0,-0.6658376468163594
1060.0,1.0,5.0,2.0,2.0,1.0,4286.0,0.6979,0.2259,0.032,0.0084,0.0177,0.0014,0.0152,0.0007,0.0009,0.4104,0.4725,0.3741,,,4260.0,7650.0,6675.0,11194.0,1.0,29.0,2.0,1.0,1.0,0.0,0.0,0.0,0.0,0.0,0.0,-1.1544196218593394
1959.0,2.0,5.0,3.0,4.0,1.0,2119.0,0.7282,0.1402,0.0203,0.0024,0.0028,0.0009,0.0179,0.084,0.0033,0.1104,0.4226,0.4843,0.7272,964.0,22842.0,22842.0,13852.0,32456.0,1.0,48.0,4.0,1.0,1.0,1.0,0.0,1.0,0.0,0.0,0.0,-0.8853434632446917
7316.0,1.0,4.0,1.0,2.0,1.0,3450.0,0.6796999999999999,0.04,0.1475,0.0229,0.0241,0.002,0.0252,0.0099,0.04870000000000001,0.3867,0.3462,0.3995,,,3624.0,3648.0,7259.0,11347.0,1.0,48.0,2.0,1.0,1.0,0.0,0.0,0.0,0.0,0.0,0.0,-1.3027398123264193
23343.0,3.0,3.0,1.0,1.0,1.0,152.0,0.2434,0.6908,0.0,0.006600000000000001,0.0,0.0,0.013200000000000002,0.0,0.0461,0.3026,0.8408,0.699,,,,,14182.0,18214.0,0.0,1.0,1.0,1.0,0.0,0.0,0.0,0.0,0.0,0.0,0.0,-0.3639273692885706
1561.0,1.0,5.0,3.0,4.0,1.0,6715.0,0.5206,0.3616,0.0558,0.0216,0.0042,0.0027,0.0237,0.0094,0.00039999999999999996,0.2882,0.46859999999999996,0.5948,0.5522,976.0,5613.0,15930.0,11129.0,17329.0,1.0,47.0,7.0,1.0,1.0,1.0,0.0,1.0,1.0,1.0,1.0,-0.5383809266904724
9157.0,3.0,7.0,1.0,2.0,2.0,1991.0,0.707154897036665,0.05976675037669513,0.08233545956805624,0.004999447513812154,0.02461371170266198,0.008051180311401307,0.02715796082370668,0.0,0.08588407835258664,0.0,0.583409241587142,0.6926191863385235,,,,,30695.107985936716,33786.82320441989,0.0,1.0,2.0,1.0,1.0,0.0,0.0,0.0,0.0,0.0,0.0,-1.9984348278349575
1437.0,2.0,2.0,3.0,4.0,1.0,3529.0,0.6342000000000001,0.0558,0.1199,0.0315,0.002,0.0009,0.0394,0.0519,0.0646,0.053,0.1252,0.5615,0.7391,1130.0,39726.0,39726.0,34770.0,55995.0,1.0,80.0,7.0,1.0,1.0,1.0,0.0,1.0,1.0,1.0,1.0,-1.0357817098756945
2849.0,1.0,2.0,3.0,4.0,1.0,5430.0,0.6926,0.0648,0.09739999999999999,0.0239,0.0034999999999999996,0.0011,0.0179,0.058699999999999995,0.04,0.0648,0.3566,0.6407,0.4786,1031.0,7517.0,17167.0,14741.0,20791.0,1.0,73.0,5.0,1.0,0.0,1.0,1.0,1.0,0.0,0.0,1.0,-0.9787098639482421
26080.0,3.0,4.0,1.0,1.0,1.0,38.0,0.8947,0.0,0.1053,0.0,0.0,0.0,0.0,0.0,0.0,0.1842,0.7759,0.7586,,,,,8138.0,12238.0,0.0,1.0,1.0,1.0,0.0,0.0,0.0,0.0,0.0,0.0,0.0,-0.6545157674195087
2572.0,2.0,1.0,3.0,3.0,1.0,1351.0,0.6351,0.0644,0.030299999999999997,0.0155,0.0015,0.0007,0.0052,0.10289999999999999,0.1443,0.0266,0.355,0.7536,0.9056,,38040.0,38040.0,20295.0,52655.0,1.0,30.0,2.0,0.0,1.0,1.0,0.0,0.0,0.0,0.0,0.0,-0.543056150427092
3733.0,2.0,5.0,3.0,3.0,1.0,1377.0,0.7711999999999999,0.0871,0.0428,0.0196,0.0029,0.0,0.0399,0.0182,0.0182,0.013800000000000002,0.2488,0.704,0.6034,1086.0,36340.0,36340.0,25182.0,47262.0,1.0,31.0,1.0,0.0,0.0,1.0,0.0,0.0,0.0,0.0,0.0,-0.7723006040485976
2772.0,2.0,2.0,3.0,4.0,1.0,6402.0,0.2741,0.2677,0.3568,0.0345,0.0028,0.0022,0.0203,0.0098,0.0317,0.2018,0.5508,0.6065,0.7189,,17766.0,17766.0,14384.0,26975.0,1.0,50.0,7.0,1.0,1.0,1.0,0.0,1.0,1.0,1.0,1.0,-0.9748853101586231
20839.0,1.0,6.0,2.0,4.0,1.0,947.0,0.1299,0.026399999999999996,0.6874,0.0084,0.1014,0.0011,0.0391,0.0021,0.0042,0.3358,0.427,0.071,,,4060.0,11523.0,9268.0,14486.0,1.0,54.0,4.0,1.0,1.0,1.0,0.0,0.0,0.0,0.0,1.0,-1.8487697239448346
36506.0,3.0,2.0,1.0,1.0,2.0,221.0,0.21721583710407238,0.27150588235294115,0.29864524886877825,0.19907149321266968,0.0,0.0,0.0,0.0,0.013580995475113121,0.0,0.724171040723982,0.8281963800904978,,,,,14117.108597285069,17433.74660633484,0.0,1.0,1.0,1.0,0.0,0.0,0.0,0.0,0.0,0.0,0.0,-1.4326171632494895
10060.0,1.0,6.0,1.0,2.0,1.0,2560.0,0.6223,0.0988,0.2,0.0203,0.009,0.0016,0.0293,0.0,0.0188,0.5805,0.4248,0.3554,,,2940.0,6300.0,5679.0,11309.0,1.0,32.0,2.0,1.0,1.0,0.0,0.0,0.0,0.0,0.0,0.0,-1.3025174171292389
1385.0,2.0,1.0,3.0,4.0,1.0,3841.0,0.7514,0.0247,0.0734,0.0187,0.0005,0.0008,0.013,0.0234,0.09399999999999999,0.0406,0.1322,0.5092,0.7153,,43770.0,43770.0,36935.0,57966.0,1.0,63.0,7.0,1.0,1.0,1.0,0.0,1.0,1.0,1.0,1.0,-1.2282225421262838
3161.0,1.0,6.0,3.0,4.0,1.0,6914.0,0.5001,0.0461,0.0431,0.0211,0.2145,0.001,0.1402,0.0126,0.0213,0.2703,0.5013,0.4937,0.7501,1009.0,5285.0,12635.0,7424.0,14395.0,1.0,61.0,5.0,1.0,0.0,1.0,0.0,1.0,0.0,1.0,1.0,-0.9604775892046508
10674.0,1.0,6.0,3.0,4.0,1.0,1467.0,0.5603,0.0975,0.2175,0.0607,0.0075,0.0,0.0,0.0007,0.05589999999999999,0.1561,0.3336,0.7912,,,,,,,,13.0,6.0,1.0,0.0,1.0,0.0,1.0,1.0,1.0,1.0,-2.018569803418073
2660.0,1.0,6.0,1.0,2.0,1.0,5925.0,0.4165,0.0111,0.1531,0.0069,0.35190000000000005,0.0019,0.0111,0.0078,0.0397,0.5426,0.3147,0.0981,,,1312.0,3520.0,5245.0,10502.0,1.0,51.0,2.0,1.0,1.0,0.0,0.0,0.0,0.0,0.0,0.0,-1.3204010765507737
2894.0,2.0,2.0,3.0,4.0,1.0,6074.0,0.5099,0.048100000000000004,0.0589,0.1059,0.0031,0.0007,0.0295,0.1711,0.0729,0.026799999999999997,0.1766,0.5305,0.3641,,46960.0,46960.0,26914.0,61340.0,1.0,87.0,5.0,0.0,0.0,1.0,0.0,1.0,1.0,1.0,1.0,-1.3254569190397822
3252.0,2.0,2.0,3.0,4.0,1.0,1823.0,0.7778,0.0757,0.08229999999999998,0.0132,0.0066,0.0011,0.004900000000000001,0.006,0.0324,0.07729999999999998,0.2844,0.6939999999999998,0.7574,990.0,33826.0,33826.0,26975.0,46333.0,1.0,28.0,6.0,1.0,1.0,1.0,0.0,1.0,1.0,0.0,1.0,-0.8035788163255747
3553.0,1.0,6.0,1.0,2.0,1.0,3480.0,0.6253,0.08020000000000001,0.2299,0.0204,0.0069,0.0011,0.0172,0.017,0.002,0.542,0.3249,0.1847,,,3360.0,4260.0,6884.0,12263.0,1.0,23.0,2.0,1.0,1.0,0.0,0.0,0.0,0.0,0.0,0.0,-1.4146260438700942
40313.0,3.0,4.0,1.0,1.0,1.0,103.0,0.8640999999999999,0.0194,0.0194,0.0194,0.0291,0.0,0.0485,0.0,0.0,0.0971,0.2405,0.4241,,,,,14002.0,16381.0,0.0,2.0,1.0,1.0,0.0,0.0,0.0,0.0,0.0,0.0,0.0,-0.9649856534129135
2554.0,1.0,4.0,3.0,4.0,1.0,11989.0,0.7012000000000002,0.066,0.0986,0.031,0.0038,0.0008,0.0373,0.0319,0.029399999999999996,0.2221,0.326,0.45,0.785,1050.0,6750.0,18070.0,12380.0,16710.0,1.0,84.0,6.0,1.0,0.0,1.0,1.0,1.0,1.0,0.0,1.0,-1.0428584606908518
1599.0,1.0,5.0,3.0,4.0,1.0,9235.0,0.5208,0.3582,0.046,0.012,0.0023,0.0014,0.029699999999999997,0.0246,0.005,0.1568,0.4693,0.652,0.5414,1018.0,6142.0,16459.0,14206.0,19838.0,1.0,53.0,6.0,0.0,1.0,1.0,0.0,1.0,1.0,1.0,1.0,-0.6891641184495966
23154.0,1.0,6.0,2.0,2.0,1.0,2388.0,0.531,0.1461,0.2538,0.005,0.0046,0.0,0.0243,0.0343,0.0008,0.3576,0.5079,0.2085,,,2446.0,5476.0,6760.0,12480.0,1.0,30.0,2.0,1.0,1.0,0.0,0.0,0.0,0.0,0.0,0.0,-1.241185149191977
1215.0,2.0,8.0,3.0,4.0,1.0,2054.0,0.148,0.0735,0.4323,0.1543,0.0029,0.0185,0.0385,0.13,0.0019,0.0798,0.5169,0.695,0.4064,934.0,29895.0,29895.0,22899.0,40702.0,1.0,55.0,7.0,1.0,1.0,1.0,0.0,1.0,1.0,1.0,1.0,-0.8284547725857238
21169.0,1.0,3.0,1.0,1.0,1.0,108.0,0.9537,0.0278,0.0,0.0,0.0185,0.0,0.0,0.0,0.0,0.4815,0.0671,0.0736,,,,,12763.0,18775.0,0.0,6.0,1.0,1.0,0.0,0.0,0.0,0.0,0.0,0.0,0.0,-1.7805516666374364
2206.0,2.0,1.0,3.0,4.0,1.0,1166.0,0.4726,0.2007,0.1046,0.0643,0.0034,0.0017,0.0163,0.0137,0.12260000000000001,0.2187,0.3468,0.7441,0.7591,,35750.0,35750.0,21945.0,48392.0,1.0,33.0,6.0,0.0,1.0,1.0,0.0,1.0,1.0,1.0,1.0,-0.7292143594275743
31804.0,1.0,2.0,2.0,2.0,1.0,1257.0,0.8839,0.043,0.0183,0.0056,0.0024,0.0,0.0175,0.0,0.029399999999999996,0.3341,0.3044,0.2633,,,4464.0,8448.0,4226.0,8333.0,1.0,30.0,2.0,1.0,1.0,0.0,0.0,0.0,0.0,0.0,0.0,-1.2592870945723111
8310.0,1.0,5.0,3.0,4.0,1.0,4304.0,0.5328,0.3376,0.0074,0.0221,0.0044,0.0016,0.0297,0.0397,0.0246,0.2853,0.4192,0.5803,0.8017,1009.0,9080.0,19640.0,13431.0,17903.0,1.0,42.0,5.0,1.0,0.0,1.0,0.0,1.0,0.0,1.0,1.0,-0.5741609213203062
6489.0,2.0,3.0,2.0,2.0,1.0,712.0,0.8216,0.12360000000000002,0.0056,0.0084,0.0014,0.0014,0.0183,0.0,0.0197,0.5674,0.4299,0.7682,0.7567999999999999,947.0,20031.0,20031.0,23930.0,26775.0,1.0,2.0,2.0,0.0,1.0,1.0,0.0,0.0,0.0,0.0,0.0,-1.0355370720939276
8537.0,3.0,8.0,1.0,2.0,1.0,668.0,0.1751,0.1228,0.5075,0.0449,0.0015,0.012,0.0569,0.0,0.0793,0.0,0.4558,0.572,1.0,,,,20729.0,25201.0,0.0,5.0,2.0,1.0,1.0,0.0,0.0,0.0,0.0,0.0,0.0,-1.4374126401931544
7540.0,2.0,4.0,3.0,4.0,1.0,1706.0,0.7361999999999999,0.1202,0.0352,0.0106,0.0035,0.0,0.0258,0.0164,0.0522,0.1923,0.205,0.3375000000000001,0.6023,984.0,22760.0,22760.0,17249.0,32293.0,1.0,44.0,6.0,1.0,1.0,1.0,0.0,1.0,1.0,0.0,1.0,-0.7293719573829095
1487.0,2.0,5.0,3.0,3.0,1.0,2062.0,0.7711,0.049,0.079,0.017,0.0034,0.0019,0.0291,0.0388,0.0107,0.0849,0.2307,0.6836,0.7274,1153.0,38668.0,38668.0,30879.0,51708.0,1.0,49.0,1.0,0.0,0.0,1.0,0.0,0.0,0.0,0.0,0.0,-0.6519200113749279
39574.0,1.0,5.0,3.0,3.0,1.0,834.0,0.7074000000000001,0.026400000000000003,0.1523,0.024,0.0012,0.0,0.0456,0.018,0.0252,0.0,0.285,0.3342,0.5987,1274.0,6916.0,29944.0,9552.0,19858.0,1.0,6.0,2.0,0.0,0.0,1.0,0.0,1.0,0.0,0.0,0.0,-1.0178754952487215
10741.0,3.0,5.0,1.0,1.0,2.0,102.0,0.6961,0.029399999999999996,0.0686,0.0098,0.1667,0.0098,0.0196,0.0,0.0,0.0,0.6987,0.6474000000000001,,,,,13980.0,17190.0,0.0,1.0,1.0,1.0,0.0,0.0,0.0,0.0,0.0,0.0,0.0,-1.2542693264958622
11859.0,2.0,2.0,1.0,1.0,1.0,569.0,0.7276,0.029900000000000003,0.0404,0.0123,0.0018,0.0018,0.0193,0.0773,0.0896,0.0,0.4767,0.45879999999999993,,,8860.0,8860.0,9004.0,15687.0,1.0,1.0,1.0,1.0,0.0,0.0,0.0,0.0,0.0,0.0,0.0,-1.1034063344008993
1127.0,2.0,8.0,3.0,4.0,1.0,1512.0,0.2917,0.039,0.1349,0.162,0.0033,0.0119,0.0,0.2725,0.0847,0.0317,0.3336,0.5273,0.6369,,41942.0,41942.0,29997.0,55398.0,1.0,9.0,3.0,0.0,0.0,1.0,0.0,1.0,0.0,0.0,1.0,-0.6043969188488405
1107.0,1.0,5.0,3.0,4.0,1.0,2784.0,0.6311,0.2856,0.0248,0.0065,0.0047,0.009,0.0079,0.0298,0.0007,0.1002,0.5034,0.4794,0.7142,989.0,7736.0,11186.0,10150.0,18887.0,1.0,40.0,5.0,1.0,1.0,1.0,1.0,1.0,0.0,0.0,0.0,-0.8156243666179626
23172.0,2.0,3.0,3.0,4.0,1.0,760.0,0.8552999999999998,0.014500000000000002,0.0316,0.0079,0.0026,0.0026,0.04469999999999999,0.0092,0.0316,0.1171,0.3963999999999999,0.42489999999999994,0.7594,,13510.0,13510.0,19147.0,24021.0,1.0,22.0,4.0,1.0,1.0,1.0,0.0,1.0,0.0,0.0,0.0,-1.1705343939263704
41475.0,3.0,3.0,1.0,1.0,1.0,145.0,0.6759,0.1931,0.0828,0.0207,0.0069,0.0,0.0207,0.0,0.0,0.3448,0.5591,0.7091,,,,,16449.0,19334.0,0.0,1.0,1.0,1.0,0.0,0.0,0.0,0.0,0.0,0.0,0.0,-1.234393554796378
30752.0,3.0,3.0,1.0,1.0,1.0,257.0,0.8093,0.07,0.07,0.0156,0.0156,0.0039,0.0156,0.0,0.0,0.2685,0.3986,0.3986,,,,,13529.0,15096.0,0.0,1.0,1.0,1.0,0.0,0.0,0.0,0.0,0.0,0.0,0.0,-0.9051994069871548
30523.0,3.0,5.0,1.0,1.0,2.0,290.0,0.4896258620689655,0.4862475862068965,0.013789655172413793,0.010336896551724139,0.0,0.0,0.0,0.0,0.0,0.28965689655172416,0.8531458620689656,0.6321965517241379,,,,,12174.013793103448,17389.544827586207,0.0,1.0,1.0,1.0,0.0,0.0,0.0,0.0,0.0,0.0,0.0,-1.0814939667251626
31258.0,3.0,8.0,1.0,1.0,1.0,399.0,0.047599999999999996,0.030100000000000002,0.7493999999999998,0.1378,0.005,0.0175,0.012500000000000002,0.0,0.0,0.0,0.9117999999999999,0.9079000000000002,,,,,17005.0,21509.0,0.0,8.0,2.0,1.0,1.0,0.0,0.0,0.0,0.0,0.0,0.0,-0.9996302013949346
2840.0,1.0,2.0,3.0,4.0,1.0,232.0,0.7845,0.0647,0.0345,0.0345,0.0043,0.0,0.0043,0.0129,0.0603,0.25,0.2727,0.6049,,,,,,,,15.0,5.0,0.0,0.0,1.0,0.0,1.0,1.0,1.0,1.0,-1.816527959698435
20753.0,1.0,5.0,1.0,2.0,1.0,8364.0,0.3742,0.5115,0.0383,0.0109,0.0033,0.0005,0.0265,0.0029,0.0319,0.4883,0.6441,0.6021,,,4013.0,5753.0,9647.0,15082.0,1.0,38.0,2.0,1.0,1.0,0.0,0.0,0.0,0.0,0.0,0.0,-1.0558222993130877
2928.0,1.0,5.0,3.0,4.0,1.0,4862.0,0.1746,0.6602,0.0633,0.013,0.0265,0.0016,0.0043,0.0029,0.053500000000000006,0.2209,0.5776,0.6723,0.5032,892.0,4655.0,16263.0,6794.0,14366.0,1.0,37.0,4.0,0.0,0.0,1.0,0.0,1.0,1.0,0.0,1.0,-0.5575441508817865
3197.0,2.0,8.0,3.0,4.0,1.0,2039.0,0.6778,0.024,0.0937,0.0741,0.0123,0.0034,0.0074,0.0471,0.0603,0.0034,0.2084,0.596,0.6662,,43382.0,43382.0,33595.0,55517.0,1.0,43.0,5.0,0.0,0.0,1.0,0.0,1.0,1.0,1.0,1.0,-1.160020916796753
3630.0,1.0,6.0,3.0,4.0,1.0,6905.0,0.0437,0.8589,0.0288,0.0246,0.0028,0.0012,0.0072,0.0149,0.0178,0.0857,0.6559,0.7812,0.3913,850.0,9461.0,20928.0,9583.0,17876.0,1.0,47.0,3.0,0.0,0.0,1.0,0.0,1.0,1.0,0.0,0.0,-0.5199175004442087
41752.0,3.0,8.0,1.0,1.0,1.0,221.0,0.44799999999999995,0.1222,0.2036,0.0633,0.0136,0.0181,0.1222,0.0,0.009,0.0,0.5654,0.7951,,,,,15261.0,17702.0,0.0,1.0,1.0,1.0,0.0,0.0,0.0,0.0,0.0,0.0,0.0,-0.810293054368412
41753.0,3.0,6.0,1.0,1.0,1.0,186.0,0.7957000000000001,0.0215,0.12370000000000002,0.010799999999999999,0.0,0.0,0.0484,0.0,0.0,0.0,0.4386,0.607,,,,,15193.0,17846.0,0.0,1.0,1.0,1.0,0.0,0.0,0.0,0.0,0.0,0.0,0.0,-1.7332626283974601
3188.0,1.0,8.0,2.0,2.0,1.0,5767.0,0.729,0.0059,0.09330000000000001,0.012000000000000002,0.0186,0.0043,0.0262,0.0,0.11080000000000001,0.5284,0.4722,0.4642,,,3393.0,8793.0,10682.0,14768.0,1.0,51.0,2.0,1.0,1.0,0.0,0.0,0.0,0.0,0.0,0.0,-1.1771153501560534
3671.0,1.0,7.0,2.0,3.0,1.0,7443.0,0.7699,0.0247,0.0971,0.0081,0.0148,0.0141,0.0271,0.0316,0.0126,0.2979,0.473,0.3753,,,4456.0,12792.0,11645.0,17536.0,1.0,38.0,3.0,1.0,1.0,1.0,0.0,0.0,0.0,0.0,0.0,-1.0890107858562543
1640.0,1.0,3.0,1.0,2.0,1.0,4188.0,0.2304,0.579,0.1251,0.0048,0.0036,0.0002,0.0215,0.0,0.0353,0.5872,0.4579,0.2079,,,3372.0,9084.0,7858.0,13161.0,1.0,60.0,2.0,1.0,1.0,0.0,0.0,0.0,0.0,0.0,0.0,-1.2047724844965002
40663.0,3.0,5.0,1.0,1.0,1.0,44.0,0.7955000000000001,0.1364,0.0227,0.04549999999999999,0.0,0.0,0.0,0.0,0.0,0.0,0.6829,1.0,,,,,,,,2.0,1.0,1.0,0.0,0.0,0.0,0.0,0.0,0.0,0.0,-1.0112022746322267
38814.0,3.0,8.0,1.0,1.0,2.0,134.0,0.48505223880597015,0.06712985074626866,0.2985179104477612,0.07462835820895522,0.0,0.022391044776119404,0.029828358208955224,0.0224,0.0,0.5223880597014925,0.38223731343283585,0.3149686567164179,,,8680.0,8680.0,,,,1.0,1.0,1.0,0.0,0.0,0.0,0.0,0.0,0.0,0.0,-1.4571710266530624
3573.0,1.0,6.0,1.0,2.0,1.0,2989.0,0.6437,0.0826,0.21650000000000003,0.0084,0.0057,0.0033,0.0284,0.0043,0.007000000000000001,0.4818,0.3784,0.2607,,,2150.0,3240.0,7975.0,12993.0,1.0,37.0,2.0,1.0,1.0,0.0,0.0,0.0,0.0,0.0,0.0,-1.3755367044669304
7265.0,1.0,3.0,2.0,2.0,1.0,1591.0,0.7787999999999999,0.0698,0.0723,0.0088,0.0038,0.0013,0.0352,0.0,0.0302,0.4375,0.4854,0.1821,,,4110.0,6854.0,1944.0,8557.0,1.0,38.0,2.0,1.0,1.0,0.0,0.0,0.0,0.0,0.0,0.0,-1.9720758935722575
20733.0,1.0,3.0,1.0,1.0,1.0,159.0,0.9874,0.0063,0.0,0.0063,0.0,0.0,0.0,0.0,0.0,0.1321,0.6525,0.5106,,,,,7023.0,11552.0,0.0,10.0,2.0,1.0,1.0,0.0,0.0,0.0,0.0,0.0,0.0,-1.5852445691274692
25877.0,3.0,3.0,1.0,1.0,1.0,95.0,0.6,0.1579,0.1789,0.0,0.0,0.0,0.0421,0.0,0.0211,0.5263,0.5143,0.5214,,,,,23834.0,26254.0,0.0,1.0,1.0,1.0,0.0,0.0,0.0,0.0,0.0,0.0,0.0,-0.9021704557133802
10424.0,3.0,5.0,1.0,1.0,2.0,210.0,0.5333361904761905,0.4047390476190476,0.009493333333333333,0.009493333333333333,0.004733333333333333,0.0,0.023801904761904764,0.0,0.014267619047619048,0.0,0.3855352380952381,0.5034390476190476,,,,,10331.371428571429,14582.504761904762,0.0,2.0,1.0,1.0,0.0,0.0,0.0,0.0,0.0,0.0,0.0,-1.115189214744883
11715.0,2.0,2.0,1.0,1.0,1.0,60.0,1.0,0.0,0.0,0.0,0.0,0.0,0.0,0.0,0.0,0.0,0.5156,0.8906,,,,,,,,1.0,1.0,1.0,0.0,0.0,0.0,0.0,0.0,0.0,0.0,-1.7887224547572858
3591.0,2.0,6.0,3.0,4.0,1.0,953.0,0.5561,0.1847,0.2193,0.0126,0.0105,0.001,0.0105,0.0042,0.001,0.1123,0.4728,0.6601,0.614,901.0,25019.0,25019.0,18541.0,35747.0,1.0,30.0,2.0,0.0,0.0,1.0,0.0,1.0,0.0,0.0,0.0,-0.5914630263683112
35705.0,2.0,1.0,3.0,3.0,1.0,300.0,0.6033,0.12,0.1833,0.0133,0.0033,0.0167,0.0167,0.0133,0.03,0.1367,0.5126,0.6237,,,10790.0,10790.0,20129.0,24263.0,1.0,1.0,4.0,1.0,1.0,1.0,0.0,1.0,0.0,0.0,0.0,-0.5237813349262066
21283.0,3.0,8.0,1.0,1.0,3.0,506.0,0.21738913043478258,0.08892608695652174,0.531649209486166,0.08103675889328063,0.0039539525691699605,0.001978458498023716,0.013840316205533595,0.013821343873517786,0.04740474308300396,0.0,0.6223458498023715,0.5583887351778656,,,,,21171.361660079052,24692.053359683796,0.0,9.0,2.0,1.0,1.0,0.0,0.0,0.0,0.0,0.0,0.0,-1.5770851942876625
4598.0,1.0,4.0,2.0,2.0,1.0,4823.0,0.7232,0.1312,0.0736,0.0135,0.018,0.0027,0.0006,0.0185,0.0187,0.3031,0.4066,0.5674,,,4560.0,4710.0,10392.0,13844.0,1.0,31.0,2.0,1.0,1.0,0.0,0.0,0.0,0.0,0.0,0.0,-1.3554837560317239
31045.0,3.0,5.0,1.0,1.0,1.0,170.0,0.4353,0.3471,0.0353,0.005899999999999999,0.0,0.0,0.011799999999999998,0.0,0.1647,0.3294,0.3666,0.5852,0.873,,,,23113.0,25537.0,0.0,2.0,2.0,1.0,1.0,0.0,0.0,0.0,0.0,0.0,0.0,-0.7048877360094532
2607.0,2.0,2.0,3.0,4.0,2.0,6229.0,0.38243080751324454,0.1289138706052336,0.27143448386578906,0.04511584524000642,0.0028905923904318505,0.0020727725156525927,0.015849253491732218,0.04895522555787445,0.10223714882003532,0.21976371809279174,0.30517447423342425,0.506663734146733,0.8035237598330389,976.947985230374,36772.246588537484,36772.246588537484,19748.866431208862,47308.82356718575,1.0,66.0,7.0,1.0,1.0,1.0,0.0,1.0,1.0,1.0,1.0,-0.8289534836124312
3273.0,1.0,2.0,2.0,2.0,5.0,18349.0,0.6841,0.1132,0.1025,0.031100000000000003,0.0035000000000000005,0.0021,0.026,0.0198,0.0177,0.6678,0.4372,0.5253,,,5655.0,10695.0,10720.0,14305.0,1.0,86.0,2.0,1.0,1.0,0.0,0.0,0.0,0.0,0.0,0.0,-0.8756353901332208
1857.0,1.0,4.0,2.0,2.0,1.0,924.0,0.8734,0.0574,0.0325,0.0022,0.0022,0.0022,0.0173,0.0108,0.0022,0.1916,0.41,0.4412,,,4800.0,5010.0,8347.0,11800.0,1.0,19.0,2.0,1.0,1.0,0.0,0.0,0.0,0.0,0.0,0.0,-1.2964793059938995
25685.0,3.0,4.0,1.0,1.0,1.0,156.0,0.6923,0.2692,0.0192,0.0192,0.0,0.0,0.0,0.0,0.0,0.2179,0.549,0.6013,,,,,11107.0,15174.0,0.0,1.0,1.0,1.0,0.0,0.0,0.0,0.0,0.0,0.0,0.0,-1.2419032660698752
2988.0,1.0,4.0,2.0,3.0,1.0,3212.0,0.8733,0.0314,0.024000000000000004,0.005600000000000001,0.0168,0.0009,0.0274,0.0019,0.0187,0.2874,0.2029,0.3516,,,3520.0,8200.0,8668.0,11574.0,1.0,35.0,3.0,1.0,1.0,1.0,0.0,0.0,0.0,0.0,0.0,-1.548888073219799
4861.0,2.0,3.0,2.0,4.0,1.0,4034.0,0.6706,0.034,0.0235,0.0025,0.0037,0.0015,0.0007,0.0233,0.2402,0.1006,0.4812,0.7607,,,9725.0,9725.0,17531.0,20747.0,1.0,20.0,4.0,1.0,1.0,1.0,0.0,1.0,0.0,0.0,0.0,-1.0930556318349671
38214.0,3.0,4.0,1.0,2.0,1.0,14.0,0.5714,0.1429,0.2857,0.0,0.0,0.0,0.0,0.0,0.0,0.0,0.4828,0.931,,,15390.0,15390.0,22963.0,25786.0,1.0,1.0,2.0,1.0,1.0,0.0,0.0,0.0,0.0,0.0,0.0,-0.6701671107524005
32833.0,2.0,8.0,1.0,1.0,1.0,39.0,0.8718,0.0,0.051300000000000005,0.0,0.0256,0.0,0.0,0.0,0.051300000000000005,0.0,0.7674,0.8837,,,,,8400.0,12384.0,0.0,1.0,1.0,1.0,0.0,0.0,0.0,0.0,0.0,0.0,0.0,-1.8521941865328613
6438.0,2.0,2.0,2.0,2.0,1.0,278.0,0.4317,0.2482,0.1223,0.1259,0.0,0.0683,0.0,0.0035999999999999995,0.0,0.8993,0.2491,0.5502,0.1818,,22280.0,22280.0,37455.0,41260.0,1.0,2.0,2.0,0.0,1.0,1.0,0.0,0.0,0.0,0.0,0.0,-1.5913512803300753
3073.0,2.0,3.0,3.0,4.0,1.0,1336.0,0.7283,0.0501,0.0269,0.0112,0.0015,0.0,0.0232,0.116,0.0427,0.0397,0.2853,0.7655,0.6946,1105.0,33140.0,33140.0,22779.0,43634.0,1.0,40.0,3.0,0.0,1.0,1.0,0.0,1.0,0.0,0.0,0.0,-0.7503673208898366
39143.0,3.0,3.0,1.0,1.0,1.0,174.0,0.4483,0.4885,0.0172,0.0172,0.0,0.0,0.023,0.0,0.0057,0.9253000000000001,0.6509,0.4497,,,,,,,,6.0,1.0,1.0,0.0,0.0,0.0,0.0,0.0,0.0,0.0,-1.2171903298612567
12500.0,2.0,4.0,1.0,3.0,1.0,1851.0,0.7099,0.2258,0.0205,0.004900000000000001,0.0043,0.0027,0.0119,0.0,0.02,0.342,0.4897,0.7158,,,14457.0,14457.0,17399.0,22451.0,1.0,17.0,3.0,1.0,1.0,1.0,0.0,0.0,0.0,0.0,0.0,-1.5396411464819901
1322.0,2.0,8.0,3.0,4.0,1.0,3710.0,0.46900000000000003,0.0434,0.2668,0.0539,0.0067,0.0043,0.0375,0.0102,0.1081,0.2175,0.3123,0.6568,0.7309,1110.0,43186.0,43186.0,27538.0,57347.0,1.0,51.0,5.0,1.0,0.0,1.0,0.0,1.0,1.0,0.0,1.0,-1.028107285475062
8304.0,1.0,6.0,2.0,2.0,1.0,7335.0,0.5856999999999999,0.0543,0.1749,0.024,0.0543,0.0034,0.0247,0.0125,0.0663,0.6090000000000001,0.2072,0.1574,,,2046.0,7830.0,8320.0,12461.0,1.0,41.0,2.0,1.0,1.0,0.0,0.0,0.0,0.0,0.0,0.0,-1.7897783414230009
1804.0,2.0,3.0,3.0,4.0,1.0,4136.0,0.669,0.0941,0.0401,0.0118,0.0012,0.0015,0.0242,0.0834,0.0747,0.1867,0.3638,0.6441,0.6648,1018.0,25414.0,25414.0,22159.0,37238.0,1.0,59.0,5.0,0.0,1.0,1.0,0.0,1.0,1.0,1.0,0.0,-0.6909485175042612
2194.0,2.0,1.0,3.0,4.0,1.0,389.0,0.4036,0.015400000000000002,0.0437,0.1054,0.0,0.0,0.0437,0.3368,0.05140000000000001,0.0334,0.1578,0.4362,0.2914,,41405.0,41405.0,40060.0,55870.0,1.0,1.0,6.0,1.0,0.0,1.0,1.0,1.0,1.0,0.0,1.0,-0.2446295829668341
1409.0,2.0,1.0,3.0,4.0,1.0,930.0,0.5366,0.157,0.1538,0.0247,0.0022,0.0022,0.0108,0.0022,0.1108,0.1817,0.3375,0.7626,0.7997,969.0,34755.0,34755.0,24792.0,46088.0,1.0,40.0,6.0,1.0,0.0,1.0,1.0,1.0,0.0,1.0,1.0,-0.79697318612582
1636.0,1.0,3.0,1.0,2.0,1.0,9287.0,0.6366,0.2177,0.0433,0.0087,0.0024,0.0018,0.0515,0.0002,0.0378,0.5269,0.3815,0.24479999999999996,,,3330.0,13800.0,9530.0,13533.0,1.0,50.0,2.0,1.0,1.0,0.0,0.0,0.0,0.0,0.0,0.0,-1.6750976923924628
39213.0,3.0,7.0,1.0,1.0,1.0,284.0,0.6796,0.0106,0.2782,0.0246,0.0035,0.0,0.0035,0.0,0.0,0.6232,0.4242,0.382,,,,,19106.0,23869.0,0.0,1.0,1.0,1.0,0.0,0.0,0.0,0.0,0.0,0.0,0.0,-1.772298601707168
7764.0,1.0,4.0,2.0,2.0,1.0,2218.0,0.8377,0.037,0.0374,0.0149,0.018,0.0009,0.0212,0.0,0.0329,0.303,0.4714,0.7723,,,4728.0,4728.0,13644.0,16254.0,1.0,38.0,2.0,1.0,1.0,0.0,0.0,0.0,0.0,0.0,0.0,-1.3590302158049181
9047.0,3.0,5.0,2.0,2.0,1.0,642.0,0.785,0.1464,0.0062,0.0016,0.0016,0.0,0.0498,0.0,0.0093,0.0607,0.8934000000000001,0.8452999999999999,,,7800.0,7800.0,8251.0,13026.0,1.0,9.0,1.0,0.0,1.0,0.0,0.0,0.0,0.0,0.0,0.0,-0.008251366335574755
1545.0,2.0,5.0,2.0,2.0,1.0,295.0,0.3864,0.4746,0.0746,0.0068,0.0,0.0,0.030500000000000003,0.0271,0.0,0.0034,0.6139,0.8544,0.46309999999999996,798.0,14226.0,14226.0,16979.0,28486.0,1.0,34.0,2.0,0.0,1.0,1.0,0.0,0.0,0.0,0.0,0.0,-1.1216435140955578
41304.0,3.0,5.0,1.0,1.0,1.0,53.0,0.0943,0.2264,0.6792,0.0,0.0,0.0,0.0,0.0,0.0,0.4906,0.6905,0.6369000000000001,,,,,18052.0,21532.0,0.0,1.0,1.0,1.0,0.0,0.0,0.0,0.0,0.0,0.0,0.0,-0.9002007241680265
23614.0,1.0,6.0,2.0,2.0,1.0,24532.0,0.5063,0.1313,0.19369999999999998,0.0858,0.0045,0.0029,0.0326,0.0354,0.007499999999999999,0.5982,0.2175,0.16880000000000003,,,1174.0,4144.0,6210.0,9980.0,1.0,33.0,2.0,1.0,1.0,0.0,0.0,0.0,0.0,0.0,0.0,-1.8707965432163656
1579.0,1.0,5.0,3.0,4.0,1.0,5030.0,0.5535,0.2563,0.0551,0.041,0.0038,0.0042,0.05269999999999999,0.0115,0.0221,0.1944,0.434,0.5458,0.7654,1030.0,7326.0,21130.0,8042.0,13741.0,1.0,57.0,8.0,1.0,1.0,1.0,1.0,1.0,1.0,1.0,1.0,-0.8605614254983254
37513.0,3.0,9.0,1.0,1.0,1.0,938.0,0.0,0.0,1.0,0.0,0.0,0.0,0.0,0.0,0.0,0.0,0.8736,0.0801,,,10350.0,10350.0,11285.0,15140.0,1.0,1.0,1.0,1.0,0.0,0.0,0.0,0.0,0.0,0.0,0.0,-1.7847828078720334
38893.0,3.0,8.0,1.0,3.0,1.0,1073.0,0.2833,0.0373,0.3038,0.2675,0.0056,0.0,0.0,0.0,0.1025,0.0,0.5423,0.7908,0.6983,,,,17405.0,28605.0,0.0,9.0,4.0,1.0,1.0,1.0,0.0,1.0,0.0,0.0,0.0,-1.1337219991148688
2394.0,1.0,4.0,3.0,4.0,1.0,7944.0,0.8751,0.0225,0.0242,0.0191,0.0009,0.0006,0.0208,0.0257,0.0111,0.1055,0.2634,0.6299,0.6304,1050.0,8750.0,14250.0,17620.0,20574.0,1.0,57.0,5.0,0.0,1.0,1.0,0.0,1.0,1.0,0.0,1.0,-1.001520678096563
3198.0,2.0,8.0,3.0,3.0,3.0,2377.0,0.6499559108119479,0.018115565839293225,0.10225826672275978,0.0601450567942785,0.009247370635254524,0.004639671855279765,0.08837139251156921,0.026067143458140516,0.041199621371476654,0.16236827934371056,0.2717037442153976,0.6788474968447623,0.9377,1083.0,37416.0,37416.0,24865.0,48058.0,1.0,54.0,4.0,1.0,0.0,1.0,1.0,0.0,0.0,0.0,1.0,-1.1459792182973536
30274.0,3.0,7.0,1.0,1.0,1.0,62.0,0.7903,0.0161,0.11290000000000001,0.0161,0.0,0.0,0.0645,0.0,0.0,0.0,0.5578,0.5714,,,,,15856.0,17569.0,0.0,1.0,1.0,1.0,0.0,0.0,0.0,0.0,0.0,0.0,0.0,-1.3476136158658494
23385.0,3.0,8.0,1.0,1.0,2.0,629.0,0.18918823529411766,0.19394594594594594,0.4212941176470589,0.09221669316375197,0.0,0.02224658187599364,0.0,0.0,0.08111844197138314,0.0,0.8525977742448331,0.8074597774244833,1.0,,,,20786.72496025437,25318.29411764706,0.0,9.0,2.0,1.0,1.0,0.0,0.0,0.0,0.0,0.0,0.0,-1.4737267021233145
1821.0,2.0,3.0,3.0,4.0,2.0,1999.0,0.7304,0.1346,0.0495,0.012,0.0015,0.002,0.0255,0.0105,0.034,0.1506,0.27960000000000007,0.7099,0.5644,1036.0,29400.0,29400.0,19367.0,39937.0,1.0,38.0,6.0,1.0,1.0,1.0,0.0,1.0,1.0,1.0,0.0,-0.7776074667766829
5313.0,1.0,3.0,2.0,2.0,1.0,2242.0,0.8238,0.0553,0.0241,0.0085,0.0031,0.0004,0.0183,0.0008999999999999999,0.0656,0.7128,0.4851,0.4932,,,3591.0,7181.0,5488.0,8902.0,1.0,44.0,2.0,1.0,1.0,0.0,0.0,0.0,0.0,0.0,0.0,-1.5312798390961135
1602.0,1.0,5.0,3.0,4.0,1.0,5827.0,0.8462,0.0523,0.0506,0.013700000000000002,0.0019000000000000002,0.0009,0.023899999999999998,0.0079,0.0026,0.0594,0.2189,0.4715,0.7624,1132.0,8960.0,27308.0,16941.0,23731.0,1.0,42.0,5.0,0.0,0.0,1.0,0.0,1.0,1.0,1.0,1.0,-0.9605118865184806
4007.0,1.0,3.0,1.0,4.0,1.0,12617.0,0.7321,0.0697,0.0845,0.0421,0.005799999999999999,0.0006999999999999999,0.039,0.0165,0.0096,0.6223,0.3259000000000001,0.3565,,,4133.0,6022.0,8715.0,12184.0,1.0,80.0,5.0,1.0,1.0,1.0,1.0,0.0,0.0,0.0,1.0,-1.1724645212886105
5304.0,1.0,3.0,1.0,2.0,1.0,4505.0,0.869,0.014,0.0211,0.0382,0.006,0.0018,0.0171,0.0,0.0329,0.5063,0.439,0.5174,,,3963.0,5259.0,10111.0,13680.0,1.0,50.0,2.0,1.0,1.0,0.0,0.0,0.0,0.0,0.0,0.0,-1.3986607235489326
1975.0,2.0,5.0,3.0,4.0,1.0,1038.0,0.7746,0.0838,0.0395,0.0058,0.001,0.0019,0.0173,0.0077,0.0684,0.2457,0.51,0.7097,0.5822,,22300.0,22300.0,17947.0,34189.0,1.0,23.0,3.0,0.0,1.0,1.0,0.0,1.0,0.0,0.0,0.0,-0.7310109519176475
7305.0,3.0,1.0,1.0,1.0,1.0,286.0,0.507,0.1364,0.2552,0.014000000000000002,0.007000000000000001,0.0,0.0804,0.0,0.0,0.3671,0.6846,0.8188,,,17220.0,17220.0,24124.0,28543.0,1.0,9.0,1.0,1.0,0.0,0.0,0.0,0.0,0.0,0.0,0.0,-1.2455420499489032
2712.0,2.0,2.0,3.0,4.0,1.0,1796.0,0.7433,0.078,0.0473,0.0278,0.0061,0.0006,0.02,0.05680000000000001,0.02,0.1631,0.3421,0.6598999999999999,0.6879,1035.0,23562.0,23562.0,17971.0,33178.0,1.0,29.0,6.0,0.0,0.0,1.0,1.0,1.0,1.0,1.0,1.0,-0.984950747970897
25568.0,3.0,7.0,1.0,1.0,3.0,492.0,0.7459276422764227,0.020314024390243903,0.14837134146341463,0.008130081300813009,0.0060989837398373985,0.004053861788617886,0.04268577235772358,0.0040650406504065045,0.020329471544715445,0.365865243902439,0.5326971544715446,0.5324359756097561,,,,,15758.447154471545,18961.416666666668,0.0,1.0,1.0,1.0,0.0,0.0,0.0,0.0,0.0,0.0,0.0,-1.0405742310890789
41190.0,1.0,5.0,2.0,2.0,1.0,526.0,0.9601,0.0152,0.0019,0.0,0.0,0.0,0.0228,0.0,0.0,0.4544,0.4827,0.2627,,,2940.0,6876.0,3027.0,8626.0,1.0,14.0,2.0,1.0,1.0,0.0,0.0,0.0,0.0,0.0,0.0,-1.3142295491609
2985.0,2.0,5.0,3.0,4.0,1.0,1941.0,0.6368,0.1499,0.0314,0.0222,0.0067,0.0015,0.0464,0.0417,0.0634,0.0268,0.3838,0.6939,0.7506,1001.0,26300.0,26300.0,16915.0,36669.0,1.0,35.0,5.0,0.0,0.0,1.0,0.0,1.0,1.0,1.0,1.0,-0.7447714201790812
1422.0,2.0,1.0,3.0,4.0,1.0,4956.0,0.5819,0.1493,0.1031,0.0321,0.003,0.0008,0.0258,0.0573,0.0466,0.1031,0.2769,0.6877,0.7213,1000.0,35444.0,35444.0,27156.0,47114.0,1.0,72.0,7.0,1.0,1.0,1.0,0.0,1.0,1.0,1.0,1.0,-0.8121311409080532
8597.0,1.0,8.0,2.0,2.0,1.0,1543.0,0.5554,0.1393,0.175,0.0298,0.0227,0.0123,0.0032000000000000006,0.025899999999999996,0.0363,0.5237,0.2646,0.16810000000000003,,,1446.0,7266.0,9262.0,14478.0,1.0,34.0,2.0,1.0,1.0,0.0,0.0,0.0,0.0,0.0,0.0,-1.266410282608655
41671.0,3.0,7.0,1.0,1.0,1.0,440.0,0.6955,0.0295,0.1841,0.020499999999999997,0.0091,0.0045,0.0273,0.0,0.0295,0.0,0.3367,0.434,,,,,9931.0,13051.0,0.0,2.0,1.0,1.0,0.0,0.0,0.0,0.0,0.0,0.0,0.0,-1.3527751374757908
2143.0,2.0,1.0,3.0,4.0,1.0,2843.0,0.6862,0.09040000000000001,0.05240000000000001,0.0169,0.0035,0.0,0.0183,0.0137,0.1185,0.261,0.2587,0.6406,0.8688,948.0,35725.0,35725.0,30309.0,48778.0,1.0,22.0,2.0,0.0,0.0,1.0,0.0,1.0,0.0,0.0,0.0,-0.7774883289936962
13088.0,3.0,3.0,1.0,1.0,2.0,144.0,0.6527944444444445,0.28475277777777774,0.04858888888888888,0.0,0.0,0.0,0.006963888888888888,0.0,0.006963888888888888,0.1944138888888889,0.6171888888888889,0.6476666666666667,,,,,20811.305555555555,23836.583333333332,0.0,1.0,1.0,1.0,0.0,0.0,0.0,0.0,0.0,0.0,0.0,-1.002807054312905
10997.0,1.0,5.0,2.0,3.0,1.0,2847.0,0.4654,0.44610000000000005,0.0383,0.0098,0.0021,0.0004,0.025999999999999995,0.0028,0.0091,0.2027,0.6621,0.62,,,4284.0,11692.0,8216.0,11975.0,1.0,2.0,2.0,0.0,1.0,1.0,0.0,0.0,0.0,0.0,0.0,-1.1517563515959932
3536.0,2.0,5.0,3.0,4.0,1.0,1124.0,0.8648,0.0525,0.0231,0.0036000000000000003,0.0009000000000000001,0.0009000000000000001,0.0214,0.0249,0.008,0.1343,0.37,0.52,0.4842,1065.0,22200.0,22200.0,15239.0,30569.0,1.0,26.0,3.0,0.0,1.0,1.0,0.0,1.0,0.0,0.0,0.0,-0.8614947427015894
4938.0,3.0,5.0,3.0,4.0,1.0,695.0,0.8331000000000001,0.1022,0.0216,0.014399999999999998,0.0014,0.0,0.0187,0.0,0.0086,0.0,0.6634,0.7859,,,19475.0,19475.0,29488.0,35078.0,1.0,22.0,7.0,1.0,1.0,1.0,1.0,1.0,0.0,1.0,1.0,-0.6743842953814835
1480.0,1.0,5.0,3.0,4.0,1.0,7995.0,0.0329,0.9368,0.0121,0.0078,0.0013,0.0001,0.0019,0.0071,0.0,0.1011,0.6091,0.6897,0.4895,948.0,5785.0,17725.0,12327.0,19395.0,1.0,56.0,6.0,0.0,1.0,1.0,0.0,1.0,1.0,1.0,1.0,-0.6330492694210476
9936.0,1.0,1.0,2.0,2.0,1.0,8429.0,0.5869,0.0724,0.1839,0.114,0.0024,0.0006,0.0202,0.0139,0.0058,0.5875,0.3439,0.1498,,,4394.0,9338.0,4611.0,8813.0,1.0,39.0,2.0,1.0,1.0,0.0,0.0,0.0,0.0,0.0,0.0,-1.9383182630121258
3007.0,1.0,4.0,2.0,2.0,1.0,575.0,0.7061,0.0696,0.060899999999999996,0.0139,0.0209,0.0017,0.0417,0.0678,0.0174,0.2835,0.1848,0.2684,,,4445.0,4833.0,10153.0,15243.0,1.0,18.0,2.0,1.0,1.0,0.0,0.0,0.0,0.0,0.0,0.0,-1.4721395138909947
1206.0,1.0,8.0,1.0,2.0,1.0,11466.0,0.3108,0.0201,0.3143,0.2718,0.0030999999999999995,0.0051,0.0447,0.018,0.0121,0.6238,0.2733,0.0236,,,1176.0,5472.0,8342.0,14857.0,1.0,55.0,2.0,1.0,1.0,0.0,0.0,0.0,0.0,0.0,0.0,-1.793406438365925
8848.0,2.0,5.0,3.0,4.0,1.0,1011.0,0.3788,0.4115,0.1365,0.0059,0.003,0.002,0.0227,0.0188,0.0208,0.1286,0.6529,0.8265,0.26,863.0,18966.0,18966.0,15235.0,29323.0,1.0,20.0,4.0,1.0,1.0,1.0,0.0,1.0,0.0,0.0,0.0,-0.7281672076323507
3268.0,2.0,2.0,3.0,3.0,1.0,2437.0,0.8002,0.0357,0.0464,0.0185,0.0004,0.0,0.028700000000000003,0.0378,0.0324,0.0053,0.1296,0.5357,0.4542999999999999,,47480.0,47480.0,27424.0,58320.0,1.0,34.0,1.0,0.0,0.0,1.0,0.0,0.0,0.0,0.0,0.0,-0.9741353553953588
2950.0,1.0,5.0,3.0,4.0,1.0,5554.0,0.0623,0.8279000000000001,0.0286,0.0095,0.0043,0.0004,0.0371,0.0041,0.025699999999999997,0.11429999999999998,0.6498,0.8241,0.4322,886.0,5526.0,16941.0,10464.0,18354.0,1.0,49.0,5.0,0.0,0.0,1.0,0.0,1.0,1.0,1.0,1.0,-0.4193621950107082
41641.0,3.0,7.0,1.0,1.0,1.0,87.0,0.8506,0.0345,0.023,0.023,0.023,0.023,0.023,0.0,0.0,0.046,0.3618,0.3224,,,,,11387.0,15283.0,0.0,2.0,1.0,1.0,0.0,0.0,0.0,0.0,0.0,0.0,0.0,-1.076053910081398
1883.0,2.0,4.0,3.0,3.0,1.0,1113.0,0.8356,0.014400000000000001,0.0512,0.0117,0.0018000000000000002,0.0009000000000000001,0.0216,0.0314,0.0314,0.0252,0.2944,0.6894,0.7783,1103.0,27860.0,27860.0,20832.0,39236.0,1.0,41.0,3.0,0.0,0.0,1.0,0.0,1.0,0.0,0.0,1.0,-0.7617930235110724
41491.0,3.0,3.0,1.0,1.0,2.0,329.0,0.6352504559270518,0.2340626139817629,0.02129756838905775,0.0030714285714285713,0.0030714285714285713,0.06382613981762918,0.021311246200607904,0.0,0.01823981762917933,0.24621762917933132,0.5881173252279636,0.6789288753799392,,,,,10347.364741641337,13051.993920972644,0.0,1.0,1.0,1.0,0.0,0.0,0.0,0.0,0.0,0.0,0.0,-0.819356834553732
2310.0,1.0,3.0,2.0,2.0,1.0,3164.0,0.8714,0.0354,0.0345,0.0037999999999999996,0.012,0.0018999999999999998,0.0095,0.0025,0.0291,0.5503,0.373,0.2278,,,3546.0,9188.0,5964.0,10350.0,1.0,37.0,2.0,1.0,1.0,0.0,0.0,0.0,0.0,0.0,0.0,-1.2294414519971781
2316.0,2.0,3.0,3.0,4.0,1.0,2254.0,0.6735,0.12379999999999998,0.0426,0.0115,0.0049,0.0022,0.0226,0.029699999999999997,0.0892,0.4494,0.4113,0.6832,0.7424,1025.0,22740.0,22740.0,17596.0,33484.0,1.0,87.0,3.0,0.0,1.0,1.0,0.0,1.0,0.0,0.0,0.0,-1.1210954160723539
23485.0,1.0,6.0,2.0,2.0,1.0,1286.0,0.3289,0.3398,0.2403,0.0661,0.0054,0.0,0.014,0.0031,0.0023,0.5552,0.2929,0.3591,,,5295.0,16155.0,8823.0,14915.0,1.0,27.0,4.0,1.0,1.0,1.0,1.0,0.0,0.0,0.0,0.0,-1.0301583554857685
3306.0,2.0,2.0,3.0,4.0,1.0,711.0,0.5752,0.1547,0.1392,0.0098,0.0042,0.0014,0.0281,0.0028,0.0844,0.1674,0.4098,0.6722,0.9304,941.0,20394.0,20394.0,21842.0,30612.0,1.0,20.0,3.0,0.0,1.0,1.0,0.0,1.0,0.0,0.0,0.0,-0.36813495240342237
2854.0,1.0,2.0,2.0,3.0,1.0,3607.0,0.7957,0.0915,0.061,0.010299999999999998,0.0022,0.0008,0.0191,0.0128,0.0067,0.0779,0.4765,0.6557,0.5424,982.0,7646.0,14256.0,15293.0,21952.0,1.0,51.0,3.0,1.0,1.0,1.0,0.0,0.0,0.0,0.0,0.0,-1.2998448097477624
41529.0,3.0,6.0,1.0,1.0,1.0,332.0,0.4669,0.1145,0.3283,0.009,0.0301,0.003,0.0392,0.0,0.009,0.0,0.5855,0.6218,,,,,12947.0,16567.0,0.0,1.0,2.0,1.0,1.0,0.0,0.0,0.0,0.0,0.0,0.0,-1.4753230717991461
6443.0,2.0,2.0,2.0,2.0,1.0,93.0,0.45160000000000006,0.1398,0.2581,0.086,0.0,0.0,0.043,0.0,0.0215,0.871,0.35440000000000005,0.8101,,,,,,,,1.0,1.0,0.0,1.0,0.0,0.0,0.0,0.0,0.0,0.0,-1.623383530795319
6977.0,1.0,8.0,1.0,4.0,1.0,2095.0,0.6788,0.0148,0.1718,0.0143,0.0406,0.0081,0.0239,0.0019,0.0458,0.5804,0.2181,0.1037,,,2700.0,9345.0,9777.0,14521.0,1.0,43.0,4.0,1.0,1.0,1.0,1.0,0.0,0.0,0.0,0.0,-0.9141042162059267
2638.0,2.0,2.0,3.0,4.0,1.0,2409.0,0.1997,0.2669,0.3271,0.0722,0.0070999999999999995,0.0054,0.022,0.0212,0.0785,0.1021,0.5443,0.6167,0.569,899.0,33232.0,33232.0,14295.0,43111.0,1.0,51.0,5.0,0.0,1.0,1.0,0.0,1.0,1.0,0.0,1.0,-1.0368233714365627
1086.0,1.0,5.0,3.0,4.0,1.0,2391.0,0.0431,0.9281,0.0146,0.0033,0.0013,0.0,0.0004,0.007100000000000001,0.0021,0.0849,0.7231,0.7422,0.3868,886.0,6178.0,11908.0,8134.0,15409.0,1.0,35.0,5.0,1.0,1.0,1.0,0.0,1.0,1.0,0.0,0.0,-0.38450488187338916
9194.0,1.0,3.0,1.0,2.0,1.0,2296.0,0.8619,0.0131,0.0253,0.0571,0.003,0.0013,0.0283,0.0,0.01,0.6664,0.3188,0.3055,,,3984.0,5872.0,9723.0,12443.0,1.0,45.0,2.0,1.0,1.0,0.0,0.0,0.0,0.0,0.0,0.0,-1.9066388223762911
3778.0,2.0,8.0,3.0,4.0,1.0,4754.0,0.7316,0.0101,0.0915,0.045,0.0055,0.0023,0.054099999999999995,0.028,0.032,0.0128,0.1832,0.5155,0.6751,1207.0,36535.0,36535.0,28669.0,48357.0,1.0,53.0,4.0,0.0,0.0,1.0,0.0,1.0,1.0,1.0,0.0,-1.1712860268192586
1013.0,1.0,5.0,2.0,2.0,1.0,9380.0,0.6528,0.194,0.0435,0.0257,0.0182,0.0006,0.0428,0.0062,0.0162,0.5795,0.3933,0.3024,,,4260.0,7650.0,5686.0,10052.0,1.0,24.0,2.0,1.0,1.0,0.0,0.0,0.0,0.0,0.0,0.0,-1.157719419808474
20988.0,3.0,6.0,3.0,4.0,38.0,202148.0,0.27946350000989373,0.16837353028474195,0.09928080218453803,0.011734061182895697,0.00406478570156519,0.007137835645170865,0.09942502720778834,0.013242575241901972,0.3173359187328096,0.0,0.5914726581514533,0.5835981112848013,,,9925.101405538047,9925.101405538047,15522.849004695718,20818.149634585032,1.0,48.0,6.0,1.0,1.0,1.0,0.0,1.0,1.0,0.0,1.0,-0.17936978279412902
3089.0,2.0,3.0,3.0,4.0,1.0,2234.0,0.842,0.0367,0.0121,0.0107,0.0009000000000000001,0.0009000000000000001,0.034,0.0421,0.0206,0.0219,0.2269,0.701,0.6859,1180.0,28050.0,28050.0,24341.0,50960.0,1.0,56.0,5.0,1.0,0.0,1.0,0.0,1.0,1.0,1.0,0.0,-1.0977230044832256
3677.0,1.0,7.0,3.0,4.0,1.0,21087.0,0.8084999999999999,0.0095,0.0575,0.0101,0.0209,0.0033999999999999994,0.0184,0.018,0.0536,0.2541,0.3626,0.3317,0.9783,1067.0,6250.0,18250.0,11814.0,16572.0,1.0,109.0,7.0,1.0,1.0,1.0,0.0,1.0,1.0,1.0,1.0,-1.3263385358323434
13232.0,3.0,8.0,1.0,1.0,1.0,45.0,0.2667,0.24440000000000003,0.3333,0.0444,0.0,0.0222,0.0667,0.0,0.0222,0.0,0.5652,0.7283,,,,,12193.0,16956.0,0.0,1.0,2.0,1.0,1.0,0.0,0.0,0.0,0.0,0.0,0.0,-1.348440154263046
3994.0,1.0,5.0,2.0,2.0,1.0,4694.0,0.63,0.23579999999999998,0.0631,0.033,0.0017,0.0009,0.0245,0.0002,0.0109,0.4495,0.5409,0.1414,,,3940.0,7956.0,4838.0,13220.0,1.0,34.0,2.0,1.0,1.0,0.0,0.0,0.0,0.0,0.0,0.0,-1.7417339269085543
2864.0,1.0,2.0,2.0,2.0,1.0,6885.0,0.6003,0.1361,0.1801,0.0182,0.0022,0.0007,0.0446,0.0129,0.0049,0.3312,0.24639999999999998,0.1936,,,3635.0,6835.0,7088.0,11191.0,1.0,37.0,2.0,1.0,1.0,0.0,0.0,0.0,0.0,0.0,0.0,-1.4760971865318404
3511.0,2.0,5.0,3.0,4.0,1.0,880.0,0.8273,0.0466,0.0534,0.0136,0.0034,0.0023,0.020499999999999997,0.0307,0.0023,0.0602,0.3505,0.5838,0.6241,1097.0,28730.0,28730.0,17107.0,37853.0,1.0,39.0,4.0,0.0,0.0,1.0,0.0,1.0,1.0,1.0,0.0,-0.6148823039556433
35233.0,3.0,5.0,1.0,1.0,2.0,682.0,0.2771756598240469,0.48827478005865105,0.12465219941348973,0.04985659824046921,0.004367448680351906,0.0014627565982404693,0.02343782991202346,0.0014938416422287388,0.02929589442815249,0.04835953079178886,0.5856744868035191,0.7480296187683284,,,17897.0,17897.0,24554.41348973607,28332.442815249266,1.0,2.0,1.0,1.0,0.0,0.0,0.0,0.0,0.0,0.0,0.0,-0.42518473579854466
3447.0,2.0,5.0,2.0,2.0,1.0,790.0,0.5937,0.3139,0.0633,0.0050999999999999995,0.0013,0.0,0.015199999999999998,0.007599999999999999,0.0,0.0177,0.5098,0.6614,0.6563,870.0,15930.0,15930.0,13210.0,28019.0,1.0,5.0,1.0,0.0,1.0,0.0,0.0,0.0,0.0,0.0,0.0,-1.273848619236928
2050.0,2.0,1.0,3.0,4.0,1.0,2217.0,0.7406,0.0144,0.0014,0.029799999999999997,0.0036,0.0018,0.0081,0.0059,0.1944,0.0122,0.2167,0.6732,0.8568,1073.0,34080.0,34080.0,31378.0,49671.0,1.0,43.0,5.0,0.0,0.0,1.0,0.0,1.0,1.0,1.0,1.0,-0.7951138247338492
21544.0,3.0,8.0,1.0,1.0,2.0,186.0,0.6935225806451614,0.11290322580645161,0.13441290322580643,0.021505376344086023,0.005410752688172043,0.0,0.0,0.005410752688172043,0.026907526881720427,0.0,0.42569462365591404,0.4016387096774194,,,,,11876.0,15046.0,0.0,1.0,1.0,1.0,0.0,0.0,0.0,0.0,0.0,0.0,0.0,-1.030099890823393
6962.0,1.0,5.0,1.0,2.0,1.0,2248.0,0.9670999999999998,0.012,0.007600000000000001,0.0013,0.0022,0.0004,0.0062,0.0004,0.0027,0.306,0.5018,0.2947,,,3624.0,12456.0,5855.0,11478.0,1.0,29.0,3.0,1.0,1.0,1.0,0.0,0.0,0.0,0.0,0.0,-1.0817800601808525
2208.0,2.0,1.0,3.0,4.0,1.0,1611.0,0.6766,0.0602,0.06210000000000001,0.0962,0.0019000000000000002,0.0,0.0317,0.0329,0.0385,0.0807,0.2575,0.7154,0.5216,1170.0,36230.0,36230.0,27525.0,52348.0,1.0,64.0,5.0,0.0,0.0,1.0,0.0,1.0,1.0,1.0,1.0,-0.9384901561801015
1140.0,1.0,8.0,3.0,4.0,1.0,20643.0,0.0757,0.0423,0.6083,0.1581,0.001,0.0024,0.0173,0.056400000000000006,0.0385,0.1422,0.663,0.3605,0.6107,871.0,6348.0,17508.0,3287.0,13479.0,1.0,78.0,7.0,1.0,0.0,1.0,1.0,1.0,1.0,1.0,1.0,-1.5161579779785435
3796.0,1.0,8.0,2.0,2.0,1.0,5171.0,0.47819999999999996,0.0835,0.0897,0.0656,0.0079,0.0097,0.1038,0.0451,0.1164,0.3595,0.3992,0.2566,,,4194.0,9354.0,5837.0,11950.0,1.0,31.0,2.0,1.0,1.0,0.0,0.0,0.0,0.0,0.0,0.0,-1.2887663391053348
1994.0,1.0,5.0,1.0,2.0,1.0,3053.0,0.605,0.2355,0.0819,0.0151,0.0062,0.005599999999999999,0.0321,0.002,0.0167,0.5146,0.5974,0.36579999999999996,,,3624.0,12456.0,6497.0,11466.0,1.0,26.0,2.0,1.0,1.0,0.0,0.0,0.0,0.0,0.0,0.0,-1.223048883409553
41186.0,3.0,3.0,1.0,1.0,1.0,63.0,0.746,0.0952,0.0476,0.0476,0.0,0.0,0.0476,0.0,0.0159,0.0476,0.6889,0.8111,,,,,9283.0,13405.0,0.0,1.0,1.0,1.0,0.0,0.0,0.0,0.0,0.0,0.0,0.0,-0.9083950764713594
5007.0,3.0,5.0,2.0,2.0,2.0,477.0,0.9119324947589099,0.062920964360587,0.006255765199161425,0.008367085953878407,0.0021113207547169815,0.0021113207547169815,0.006279245283018868,0.0,0.0,0.0,0.7648519916142558,0.9250746331236896,,,13107.442348008386,13107.442348008386,15932.714884696017,21788.733752620545,1.0,12.0,2.0,1.0,1.0,0.0,0.0,0.0,0.0,0.0,0.0,-1.1723683933902798
10813.0,2.0,2.0,2.0,2.0,1.0,424.0,0.5684,0.2264,0.0967,0.0189,0.0094,0.0142,0.0,0.0,0.066,0.7925,0.34069999999999995,0.5613,,,14498.0,14498.0,16804.0,20742.0,1.0,1.0,1.0,0.0,1.0,0.0,0.0,0.0,0.0,0.0,0.0,-0.9501323920794672
25630.0,3.0,3.0,1.0,1.0,1.0,110.0,0.5818,0.2545,0.1182,0.0182,0.0091,0.0,0.0182,0.0,0.0,0.2364,0.1105,0.1105,,,,,9274.0,12950.0,0.0,1.0,1.0,1.0,0.0,0.0,0.0,0.0,0.0,0.0,0.0,-0.9086711098530423
3049.0,2.0,3.0,3.0,4.0,1.0,1217.0,0.682,0.1619,0.037,0.0107,0.0025,0.0025,0.023,0.0288,0.0518,0.1257,0.4396,0.7654,0.6208,1004.0,30290.0,30290.0,21967.0,42650.0,1.0,39.0,2.0,0.0,0.0,1.0,0.0,1.0,0.0,0.0,0.0,-0.6988899186882306
31291.0,1.0,4.0,2.0,2.0,1.0,897.0,0.6254,0.08700000000000001,0.029,0.0045,0.1605,0.0011,0.0792,0.0011,0.012300000000000002,0.3389,0.2883,0.2733,,,5257.0,5257.0,11943.0,15998.0,1.0,18.0,2.0,1.0,1.0,0.0,0.0,0.0,0.0,0.0,0.0,-1.1694290996644332
3669.0,2.0,6.0,3.0,3.0,1.0,1351.0,0.0155,0.8483,0.0659,0.0015,0.0015,0.0007,0.0,0.0666,0.0,0.0681,0.8367999999999999,0.9202,,,11482.0,11482.0,13083.0,21299.0,1.0,18.0,3.0,0.0,1.0,1.0,0.0,0.0,0.0,0.0,1.0,-0.2828784449571313
3065.0,2.0,3.0,3.0,3.0,1.0,1651.0,0.7371,0.0351,0.0606,0.0527,0.0055,0.0,0.0357,0.0442,0.0291,0.0018,0.0968,0.2985,0.2506,1332.0,47330.0,47330.0,29203.0,59960.0,1.0,28.0,1.0,0.0,0.0,1.0,0.0,0.0,0.0,0.0,0.0,-1.3550730885188345
20537.0,3.0,2.0,2.0,2.0,1.0,865.0,0.3572,0.3549,0.1896,0.0636,0.0,0.0231,0.0034999999999999996,0.0,0.0081,0.4775,0.5135,0.6354,0.3103,,17039.0,17039.0,27158.0,31425.0,1.0,5.0,3.0,1.0,1.0,1.0,0.0,0.0,0.0,0.0,0.0,-1.168116234596579
2860.0,1.0,2.0,2.0,2.0,1.0,3535.0,0.8975999999999998,0.0331,0.0337,0.0074,0.0048,0.0006,0.0201,0.002,0.0008,0.2928,0.4395,0.3948,,,4302.0,8172.0,7765.0,12041.0,1.0,23.0,2.0,1.0,1.0,0.0,0.0,0.0,0.0,0.0,0.0,-1.0566616996608613
3931.0,1.0,7.0,2.0,2.0,1.0,1438.0,0.8309999999999998,0.0063,0.0765,0.0049,0.0104,0.0007,0.0229,0.04730000000000001,0.0,0.3074,0.2548,0.1894,,,2749.0,6733.0,5163.0,11380.0,1.0,56.0,2.0,1.0,1.0,0.0,0.0,0.0,0.0,0.0,0.0,-1.3069805544001651
20984.0,1.0,2.0,1.0,1.0,1.0,101.0,0.7227999999999999,0.0792,0.05940000000000001,0.0099,0.0,0.0891,0.0,0.0,0.0396,0.6535,0.784,0.856,,,,,9467.0,15112.0,0.0,1.0,1.0,1.0,0.0,0.0,0.0,0.0,0.0,0.0,0.0,-1.5375678457001973
1502.0,1.0,5.0,2.0,2.0,1.0,3677.0,0.653,0.105,0.0862,0.0367,0.0065,0.003,0.0253,0.0065,0.0778,0.6761,0.319,0.0562,,,3172.0,13276.0,4212.0,9595.0,1.0,23.0,3.0,1.0,1.0,1.0,0.0,0.0,0.0,0.0,0.0,-1.776232134276019
3990.0,1.0,5.0,2.0,2.0,1.0,6165.0,0.4036,0.503,0.018,0.0067,0.0091,0.0003,0.0054,0.0005,0.0535,0.5539,0.6567,0.4191,,,3934.0,6022.0,7065.0,12035.0,1.0,33.0,2.0,1.0,1.0,0.0,0.0,0.0,0.0,0.0,0.0,-0.9833159545234658
1087.0,2.0,5.0,2.0,3.0,1.0,896.0,0.0413,0.942,0.0067,0.0011,0.0,0.0,0.0,0.0089,0.0,0.1127,0.8305999999999999,0.8695,,,8040.0,8040.0,14430.0,19800.0,1.0,10.0,2.0,0.0,1.0,1.0,0.0,0.0,0.0,0.0,0.0,-0.11325830985393216
41624.0,3.0,6.0,1.0,1.0,1.0,126.0,0.3175,0.0079,0.5476,0.0,0.0556,0.0,0.0635,0.0,0.0079,0.0,0.5135,0.6892,,,,,12787.0,16314.0,0.0,1.0,1.0,1.0,0.0,0.0,0.0,0.0,0.0,0.0,0.0,-1.1480518386496366
12948.0,3.0,1.0,1.0,1.0,1.0,61.0,0.7049,0.08199999999999999,0.1967,0.0,0.0,0.0,0.0164,0.0,0.0,0.0,0.5329,0.625,,,,,13879.0,17893.0,0.0,1.0,1.0,1.0,0.0,0.0,0.0,0.0,0.0,0.0,0.0,-1.6234868750412954
21732.0,3.0,2.0,1.0,1.0,10.0,1571.0,0.2743616804583068,0.4589509229789943,0.17123322724379375,0.017186123488224063,0.007620178230426479,0.0019061107574793125,0.047739019732654354,0.0,0.021001845957988544,0.24380623806492677,0.7196683640992998,0.6445970082749841,,,,,14651.051559516232,18875.939528962444,0.0,1.0,1.0,1.0,0.0,0.0,0.0,0.0,0.0,0.0,0.0,-0.8118152134889528
3749.0,1.0,5.0,3.0,4.0,1.0,21678.0,0.4494000000000001,0.10080000000000001,0.1225,0.1845,0.002,0.0042,0.0444,0.0434,0.0488,0.1829,0.2523,0.43490000000000006,0.6665,1152.0,10382.0,29960.0,18738.0,23212.0,1.0,113.0,6.0,0.0,0.0,1.0,1.0,1.0,1.0,1.0,1.0,-1.3648218788531559
3684.0,2.0,1.0,3.0,4.0,1.0,2918.0,0.7206999999999999,0.025699999999999997,0.0418,0.015400000000000002,0.0048,0.0007000000000000001,0.0247,0.0099,0.1563,0.2128,0.255,0.628,0.6417,1150.0,33000.0,33000.0,31992.0,47556.0,1.0,40.0,5.0,1.0,1.0,1.0,0.0,1.0,0.0,0.0,1.0,-0.7781519958885375
35443.0,2.0,9.0,1.0,3.0,1.0,1363.0,0.0,0.0,1.0,0.0,0.0,0.0,0.0,0.0,0.0,0.12030000000000002,0.9644999999999999,0.0,,,6945.0,6945.0,6041.0,11242.0,1.0,7.0,3.0,1.0,1.0,1.0,0.0,0.0,0.0,0.0,0.0,-1.1315751282865196
7303.0,3.0,1.0,1.0,1.0,5.0,3192.0,0.39033389724310774,0.21493370927318295,0.2637869674185464,0.0181812656641604,0.003777130325814536,0.001267669172932331,0.05888402255639098,0.0,0.04887716165413533,0.1829500626566416,0.7106470238095238,0.8210572368421052,,,,,16072.59179197995,19919.719298245614,0.0,11.0,2.0,1.0,1.0,0.0,0.0,0.0,0.0,0.0,0.0,-1.2350320983893393
25183.0,3.0,5.0,1.0,1.0,1.0,33.0,0.697,0.1212,0.0303,0.0606,0.0909,0.0,0.0,0.0,0.0,0.0,0.6792,0.5849,,,,,12572.0,15877.0,0.0,1.0,1.0,1.0,0.0,0.0,0.0,0.0,0.0,0.0,0.0,-1.1975571948189765
3325.0,1.0,2.0,3.0,4.0,1.0,7070.0,0.7673,0.09619999999999998,0.0801,0.023300000000000005,0.0017000000000000001,0.0006,0.0236,0.0033,0.004,0.1048,0.3324,0.6792,0.6871,1012.0,10268.0,23868.0,16438.0,20437.0,1.0,42.0,5.0,0.0,1.0,1.0,1.0,1.0,0.0,0.0,1.0,-0.8544976904515604
3465.0,2.0,4.0,3.0,4.0,1.0,634.0,0.8139000000000001,0.0426,0.0931,0.0095,0.0331,0.0063,0.0,0.0,0.0015999999999999999,0.1688,0.25,0.4448,0.7236,990.0,22892.0,22892.0,20811.0,34249.0,1.0,35.0,6.0,1.0,1.0,1.0,0.0,1.0,0.0,1.0,1.0,-0.6017107579499442
22417.0,3.0,3.0,1.0,1.0,4.0,106.0,0.8679,0.1132,0.0189,0.0,0.0,0.0,0.0,0.0,0.0,0.1132,0.587,0.5652,,,,,11947.0,15600.0,0.0,1.0,1.0,1.0,0.0,0.0,0.0,0.0,0.0,0.0,0.0,-0.9942209059801586
3457.0,2.0,5.0,3.0,3.0,1.0,1654.0,0.7999,0.0756,0.0326,0.027799999999999995,0.0018,0.0018,0.032,0.0236,0.0048,0.006700000000000001,0.187,0.3957,0.7739,1194.0,37120.0,37120.0,22563.0,49150.0,1.0,28.0,1.0,0.0,0.0,1.0,0.0,0.0,0.0,0.0,0.0,-0.9858492757648509
1752.0,1.0,3.0,1.0,2.0,1.0,1704.0,0.7946,0.0411,0.1356,0.0047,0.0017999999999999997,0.0,0.0,0.0006,0.021700000000000004,0.4601,0.3982,0.1414,,,3146.0,9754.0,7133.0,10985.0,1.0,34.0,2.0,1.0,1.0,0.0,0.0,0.0,0.0,0.0,0.0,-1.5900511986339103
31004.0,1.0,6.0,2.0,2.0,1.0,2837.0,0.5619,0.0176,0.1632,0.0074,0.1787,0.006000000000000001,0.0423,0.0,0.022899999999999997,0.6179,0.2723,0.1784,,,2820.0,9495.0,9682.0,14210.0,1.0,31.0,2.0,1.0,1.0,0.0,0.0,0.0,0.0,0.0,0.0,-1.3720470063910577
20682.0,2.0,4.0,3.0,4.0,2.0,744.0,0.9409,0.010799999999999999,0.0215,0.010799999999999999,0.0013,0.0013,0.0094,0.0,0.004,0.5376,0.47600000000000003,0.6755,0.5455,,10150.0,10150.0,16546.0,18972.0,1.0,9.0,6.0,1.0,1.0,1.0,1.0,1.0,0.0,0.0,1.0,-1.0449829344830115
9509.0,1.0,8.0,1.0,1.0,1.0,695.0,0.2,0.2187,0.2058,0.19419999999999998,0.04750000000000001,0.0504,0.0835,0.0,0.0,0.1453,0.8856,0.22180000000000002,,,,,2397.0,9083.0,0.0,12.0,1.0,1.0,0.0,0.0,0.0,0.0,0.0,0.0,0.0,-2.0077902179086937
22110.0,3.0,8.0,1.0,1.0,1.0,27.0,0.1111,0.1111,0.7778,0.0,0.0,0.0,0.0,0.0,0.0,0.0,0.7885,0.6731,,,,,11440.0,16117.0,0.0,1.0,1.0,1.0,0.0,0.0,0.0,0.0,0.0,0.0,0.0,-0.6056614093704521
6867.0,1.0,3.0,1.0,2.0,1.0,12519.0,0.6219,0.2191,0.0431,0.0279,0.0038,0.0011,0.0356,0.0062,0.0414,0.6515,0.3748,0.526,,,3808.0,8430.0,6799.0,10532.0,1.0,74.0,2.0,1.0,1.0,0.0,0.0,0.0,0.0,0.0,0.0,-1.5057143387258267
30107.0,3.0,5.0,1.0,1.0,1.0,71.0,0.4366,0.493,0.028199999999999996,0.0,0.0,0.0,0.0,0.0,0.0423,0.1831,0.4367,0.4177,,,,,13338.0,16802.0,0.0,1.0,1.0,1.0,0.0,0.0,0.0,0.0,0.0,0.0,0.0,-0.6700512281522709
42033.0,3.0,4.0,1.0,1.0,1.0,199.0,0.9045,0.0,0.0302,0.0251,0.005,0.0,0.0151,0.0,0.0201,0.0,0.2903,0.6258,,,,,13871.0,17601.0,0.0,2.0,1.0,1.0,0.0,0.0,0.0,0.0,0.0,0.0,0.0,-1.4517115293452332
10819.0,1.0,9.0,3.0,4.0,1.0,414.0,0.0024,0.0,0.9686,0.0,0.0,0.0,0.0,0.029,0.0,0.3406,0.6395,0.1995,0.6923,,3370.0,3370.0,4945.0,10301.0,1.0,3.0,3.0,0.0,0.0,1.0,0.0,1.0,0.0,0.0,1.0,-0.785841907195085
1993.0,1.0,5.0,1.0,2.0,1.0,1333.0,0.8372000000000002,0.1035,0.0225,0.006,0.0023,0.0015,0.021,0.0015,0.0045,0.5866,0.39189999999999997,0.3217,,,3624.0,12456.0,5371.0,10081.0,1.0,18.0,2.0,1.0,1.0,0.0,0.0,0.0,0.0,0.0,0.0,-1.2257878713044974
37524.0,2.0,8.0,3.0,4.0,1.0,463.0,0.4665,0.1814,0.1685,0.0043,0.0,0.0216,0.0259,0.0022000000000000006,0.1296,0.0713,0.7098,0.9023,,,9320.0,9320.0,21421.0,27001.0,1.0,3.0,4.0,0.0,1.0,1.0,1.0,1.0,0.0,0.0,0.0,-0.2834183945395709
4621.0,3.0,5.0,1.0,1.0,1.0,259.0,0.278,0.6911,0.0154,0.0077,0.0039,0.0,0.0039,0.0,0.0,0.0,0.9108,0.841,,,,,22440.0,26312.0,0.0,7.0,1.0,1.0,0.0,0.0,0.0,0.0,0.0,0.0,0.0,-1.14773656577082
3270.0,2.0,2.0,3.0,4.0,1.0,1941.0,0.5894,0.2416,0.0464,0.0428,0.0052,0.0,0.0,0.0015,0.0732,0.0762,0.3628,0.7483,0.7638,961.0,30460.0,30460.0,24399.0,41758.0,1.0,31.0,5.0,0.0,1.0,1.0,0.0,1.0,1.0,1.0,0.0,-0.9879786351649379
3262.0,2.0,2.0,3.0,4.0,1.0,2095.0,0.856347446300716,0.03912381861575179,0.039655465393794755,0.016251360381861573,0.0038209546539379473,0.001392983293556086,0.013365393794749405,0.030026300715990453,0.0,0.16846167064439138,0.23074315035799525,0.7123545584725536,0.7082,1133.0,39920.0,39920.0,26906.0,49314.0,1.0,52.0,4.0,0.0,1.0,1.0,0.0,1.0,0.0,0.0,1.0,-0.8377123836016153
4480.0,1.0,8.0,2.0,2.0,1.0,20317.0,0.2063,0.0334,0.2547,0.3497,0.0015,0.0038,0.0467,0.0953,0.0087,0.4787,0.1849,0.0415,,,1542.0,8247.0,4019.0,9855.0,1.0,56.0,2.0,1.0,1.0,0.0,0.0,0.0,0.0,0.0,0.0,-2.3087173632432223
3249.0,1.0,2.0,2.0,2.0,1.0,18177.0,0.2043,0.4508,0.1106,0.0503,0.0039,0.0017,0.0277,0.1133,0.0375,0.7362,0.6255,0.4483,,,4920.0,13800.0,7408.0,11728.0,1.0,64.0,2.0,1.0,1.0,0.0,0.0,0.0,0.0,0.0,0.0,-1.3350500251421809
8859.0,2.0,5.0,2.0,2.0,1.0,129.0,0.7442,0.2403,0.0078,0.0,0.0,0.0,0.0078,0.0,0.0,0.4806,0.6435,0.6435,,,10270.0,10270.0,10171.0,16623.0,1.0,1.0,2.0,1.0,1.0,0.0,0.0,0.0,0.0,0.0,0.0,-1.3135701684894203
2403.0,1.0,5.0,3.0,4.0,1.0,2505.0,0.5633,0.376,0.013200000000000002,0.0056,0.0012,0.0016,0.0076,0.027099999999999996,0.0044,0.083,0.4507,0.5732,0.8695999999999999,969.0,6562.0,6562.0,15335.0,18887.0,1.0,40.0,4.0,0.0,0.0,1.0,0.0,1.0,1.0,1.0,0.0,-0.7224107250202546
1531.0,2.0,5.0,3.0,4.0,1.0,2821.0,0.6452,0.0787,0.1446,0.023,0.0046,0.0004,0.0326,0.04959999999999999,0.0213,0.0121,0.3514,0.6116,0.6124,,40040.0,40040.0,23596.0,52355.0,1.0,51.0,3.0,0.0,0.0,1.0,0.0,1.0,0.0,1.0,0.0,-0.7980301628620271
2002.0,1.0,5.0,3.0,4.0,1.0,15388.0,0.7624,0.1049,0.0258,0.0095,0.0022,0.0008,0.0227,0.0628,0.0088,0.1525,0.368,0.5161,0.9332000000000001,1047.0,9140.0,23352.0,11112.0,17493.0,1.0,112.0,7.0,1.0,1.0,1.0,0.0,1.0,1.0,1.0,1.0,-0.6863123806245642
30948.0,3.0,1.0,1.0,1.0,1.0,140.0,0.6714,0.1357,0.1643,0.0071,0.0071,0.0,0.0,0.0,0.014300000000000002,0.0,0.6167,0.7333,,,,,23472.0,28768.0,0.0,4.0,1.0,1.0,0.0,0.0,0.0,0.0,0.0,0.0,0.0,-1.7622764535883177
1269.0,1.0,8.0,2.0,2.0,1.0,13915.0,0.0819,0.0138,0.7978,0.0734,0.0019,0.0011,0.0093,0.0014999999999999998,0.0193,0.7347,0.285,0.0075,,,1356.0,6760.0,4609.0,10902.0,1.0,47.0,2.0,1.0,1.0,0.0,0.0,0.0,0.0,0.0,0.0,-2.1008026686792043
1436.0,2.0,2.0,3.0,4.0,1.0,406.0,0.4507,0.3103,0.1059,0.044300000000000006,0.0025000000000000005,0.0,0.0296,0.044300000000000006,0.0123,0.2537,0.31,0.4706,0.705,1075.0,22896.0,22896.0,20045.0,31864.0,1.0,15.0,6.0,1.0,1.0,1.0,0.0,1.0,1.0,0.0,1.0,-1.4342170237450025
10975.0,1.0,9.0,3.0,3.0,1.0,4823.0,0.0,0.0,1.0,0.0,0.0,0.0,0.0,0.0,0.0,0.1203,0.627,0.0463,0.2591,,2212.0,4323.0,4267.0,9112.0,1.0,15.0,2.0,0.0,1.0,1.0,0.0,0.0,0.0,0.0,0.0,-1.8335700658292915
2377.0,1.0,4.0,3.0,4.0,1.0,10878.0,0.7464,0.0644,0.028999999999999998,0.055799999999999995,0.0041,0.0005,0.030799999999999998,0.0602,0.0089,0.1745,0.295,0.4798,0.8219,1010.0,7553.0,15195.0,14183.0,18142.0,1.0,92.0,7.0,1.0,1.0,1.0,1.0,1.0,1.0,0.0,1.0,-0.9747262817286518
30956.0,1.0,3.0,1.0,1.0,1.0,44.0,1.0,0.0,0.0,0.0,0.0,0.0,0.0,0.0,0.0,0.7955000000000001,0.1743,0.0,,,,,,,,5.0,1.0,1.0,0.0,0.0,0.0,0.0,0.0,0.0,0.0,-1.0396056453575944
1620.0,1.0,7.0,3.0,4.0,1.0,9370.0,0.6851,0.0121,0.0962,0.0117,0.0126,0.0021,0.0232,0.1322,0.0249,0.23470000000000002,0.4315,0.49230000000000007,,,6566.0,19326.0,16014.0,19089.0,1.0,117.0,8.0,1.0,1.0,1.0,1.0,1.0,1.0,1.0,1.0,-0.8224027649572739
4736.0,1.0,2.0,2.0,2.0,1.0,14530.0,0.3192999999999999,0.0643,0.2593,0.0677,0.0014,0.0039,0.0167,0.0666,0.2009,0.3941,0.3157,0.125,,,4218.0,7878.0,6656.0,11776.0,1.0,41.0,2.0,1.0,1.0,0.0,0.0,0.0,0.0,0.0,0.0,-1.357208780224794
7447.0,3.0,2.0,1.0,1.0,1.0,66.0,0.4242,0.5152,0.015200000000000002,0.0,0.0,0.0,0.0303,0.0,0.015200000000000002,0.0,0.7019,0.6346,,,,,22610.0,26488.0,0.0,1.0,1.0,1.0,0.0,0.0,0.0,0.0,0.0,0.0,0.0,-0.43241189162139576
2926.0,1.0,5.0,3.0,4.0,1.0,1763.0,0.1446,0.7402000000000001,0.0136,0.0028,0.0034,0.0006,0.0091,0.0023,0.0834,0.08,0.7072000000000002,0.774,0.49,866.0,4498.0,16173.0,2509.0,12305.0,1.0,30.0,3.0,0.0,0.0,1.0,1.0,1.0,0.0,0.0,0.0,-0.6231987205559057
2918.0,2.0,5.0,3.0,3.0,1.0,1765.0,0.6907,0.0646,0.0663,0.0578,0.0062,0.0,0.0402,0.0567,0.0176,0.0,0.1342,0.2008,0.2167,1337.0,45377.0,45377.0,15757.0,57458.0,1.0,27.0,2.0,1.0,0.0,1.0,0.0,0.0,0.0,0.0,0.0,-1.471493666362678
1639.0,2.0,3.0,3.0,3.0,1.0,578.0,0.8201,0.109,0.0225,0.0121,0.0052,0.0,0.0208,0.0,0.0104,0.0433,0.5064,0.7937,0.651,989.0,19560.0,19560.0,15010.0,25292.0,1.0,38.0,1.0,0.0,0.0,1.0,0.0,0.0,0.0,0.0,0.0,-0.6578392710048999
41576.0,3.0,4.0,1.0,1.0,1.0,89.0,0.8652,0.0225,0.0674,0.0225,0.0112,0.0,0.0,0.0112,0.0,0.0787,0.6412,0.771,,,,,13324.0,16273.0,0.0,1.0,1.0,1.0,0.0,0.0,0.0,0.0,0.0,0.0,0.0,-1.2273394315564836
41417.0,3.0,8.0,1.0,1.0,1.0,281.0,0.5801,0.0214,0.153,0.0427,0.0107,0.0107,0.0605,0.0036000000000000003,0.11740000000000002,0.4306,0.243,0.2318,,,,,20601.0,23872.0,0.0,1.0,1.0,1.0,0.0,0.0,0.0,0.0,0.0,0.0,0.0,-1.3474146603979225
2043.0,2.0,1.0,3.0,4.0,1.0,2292.0,0.8940000000000001,0.0375,0.0161,0.0061,0.0048,0.0022,0.0118,0.0275,0.0,0.1501,0.434,0.7447,0.7195,951.0,16097.0,16097.0,16414.0,25620.0,1.0,39.0,7.0,1.0,1.0,1.0,0.0,1.0,1.0,1.0,1.0,-0.5113810250576907
2502.0,2.0,4.0,3.0,4.0,1.0,2477.0,0.8321,0.0509,0.019,0.0077,0.0089,0.0008,0.017,0.0,0.0638,0.2047,0.4139,0.5611,0.6185,1070.0,20840.0,20840.0,16739.0,29870.0,1.0,51.0,7.0,1.0,1.0,1.0,0.0,1.0,1.0,1.0,1.0,-0.7213286611933897
2104.0,1.0,2.0,3.0,4.0,1.0,786.0,0.5738,0.1578,0.0394,0.1374,0.0013000000000000002,0.0013000000000000002,0.0344,0.0267,0.028,0.2748,0.2038,0.4665,,,,,,,,27.0,6.0,0.0,0.0,1.0,1.0,1.0,1.0,1.0,1.0,-1.7712619338725217
7119.0,1.0,3.0,1.0,2.0,1.0,1836.0,0.9107000000000001,0.0637,0.0109,0.0082,0.0049,0.0011,0.0,0.0,0.0005,0.2691,0.367,0.0,,,3000.0,4650.0,6471.0,11641.0,1.0,46.0,2.0,1.0,1.0,0.0,0.0,0.0,0.0,0.0,0.0,-1.8178408864321192
37404.0,3.0,8.0,1.0,1.0,1.0,109.0,0.0734,0.17429999999999998,0.5688,0.1835,0.0,0.0,0.0,0.0,0.0,0.2661,0.8549,0.6788,,,,,16491.0,21565.0,0.0,2.0,1.0,1.0,0.0,0.0,0.0,0.0,0.0,0.0,0.0,-0.3145960625920699
1938.0,1.0,4.0,2.0,2.0,1.0,915.0,0.6459,0.1148,0.0568,0.0109,0.012,0.0021999999999999997,0.0995,0.0175,0.0404,0.235,0.3089,0.355,,,3040.0,3464.0,6080.0,10793.0,1.0,37.0,2.0,1.0,1.0,0.0,0.0,0.0,0.0,0.0,0.0,-2.0773624588071744
23621.0,3.0,5.0,3.0,4.0,1.0,17205.0,0.4463,0.2245,0.0555,0.0173,0.008,0.0035,0.1095,0.0125,0.12279999999999999,0.0,0.5972,0.6508,,,22796.0,22796.0,30773.0,37072.0,1.0,28.0,5.0,1.0,1.0,1.0,0.0,1.0,0.0,0.0,1.0,-0.3474959081536278
8557.0,1.0,5.0,2.0,2.0,1.0,2823.0,0.475,0.4116000000000001,0.0461,0.0067,0.0191,0.0021,0.0191,0.0092,0.011,0.469,0.4804,0.3341,,,2664.0,8642.0,6950.0,11708.0,1.0,31.0,2.0,1.0,1.0,0.0,0.0,0.0,0.0,0.0,0.0,-1.110483574281456
3272.0,2.0,2.0,2.0,2.0,1.0,1505.0,0.3203,0.497,0.0983,0.023300000000000005,0.002,0.0,0.0,0.008,0.051199999999999996,0.3196,0.6017,0.8193000000000001,0.9375,,21160.0,21160.0,21477.0,34214.0,1.0,19.0,2.0,1.0,1.0,0.0,0.0,0.0,0.0,0.0,0.0,-0.9319377415159381
12930.0,3.0,6.0,1.0,1.0,1.0,19.0,0.7895,0.0,0.2105,0.0,0.0,0.0,0.0,0.0,0.0,0.0,0.5263,0.5614,,,,,15262.0,18384.0,0.0,1.0,1.0,1.0,0.0,0.0,0.0,0.0,0.0,0.0,0.0,-1.0710066654492432
11596.0,3.0,5.0,1.0,1.0,1.0,82.0,0.5976,0.3293,0.061,0.0,0.0,0.0,0.0,0.012199999999999999,0.0,0.0,0.752,0.9440000000000001,,,,,13876.0,17051.0,0.0,1.0,1.0,1.0,0.0,0.0,0.0,0.0,0.0,0.0,0.0,-0.5881374805520949
34263.0,3.0,6.0,1.0,2.0,2.0,412.0,0.2572883495145631,0.2694436893203883,0.4369126213592233,0.021845631067961162,0.0048330097087378645,0.0024349514563106796,0.007267961165048543,0.0,0.0,0.0,0.8148135922330096,0.8313252427184465,,,,,24200.6213592233,28282.233009708736,0.0,5.0,2.0,1.0,1.0,0.0,0.0,0.0,0.0,0.0,0.0,-1.4510898393727334
9419.0,3.0,3.0,1.0,1.0,1.0,49.0,0.8367,0.0408,0.0204,0.10199999999999998,0.0,0.0,0.0,0.0,0.0,0.10199999999999998,0.4494,0.4830999999999999,,,,,11392.0,16073.0,0.0,1.0,1.0,1.0,0.0,0.0,0.0,0.0,0.0,0.0,0.0,-1.6096876136856877
41691.0,3.0,6.0,1.0,1.0,1.0,70.0,0.8,0.1143,0.0429,0.0,0.0429,0.0,0.0,0.0,0.0,0.0,0.6944,0.6944,,,,,10505.0,14267.0,0.0,1.0,1.0,1.0,0.0,0.0,0.0,0.0,0.0,0.0,0.0,-1.2210511358606873
2907.0,1.0,5.0,3.0,4.0,1.0,3425.0,0.821,0.0336,0.0455,0.0169,0.0035,0.0006,0.0342,0.0038,0.040900000000000006,0.0969,0.3365,0.4625,0.7314,1191.0,6392.0,21263.0,12421.0,18574.0,1.0,31.0,2.0,0.0,0.0,1.0,0.0,1.0,0.0,0.0,0.0,-0.7644463336233
39745.0,3.0,8.0,1.0,1.0,1.0,94.0,0.2021,0.1064,0.43620000000000003,0.2553,0.0,0.0,0.0,0.0,0.0,1.0,0.5289,0.9669,,,,,,,,1.0,2.0,1.0,1.0,0.0,0.0,0.0,0.0,0.0,0.0,-0.595244168585369
3395.0,1.0,2.0,2.0,3.0,1.0,5565.0,0.8632999999999998,0.0329,0.0334,0.0084,0.0022,0.0009,0.0181,0.0131,0.0277,0.1432,0.4079,0.6809,,,15450.0,21930.0,23697.0,28216.0,1.0,48.0,3.0,1.0,1.0,1.0,0.0,0.0,0.0,0.0,0.0,-0.7856610378315065
2380.0,2.0,4.0,3.0,4.0,1.0,1859.0,0.5514,0.0441,0.0613,0.0178,0.0043,0.0,0.007,0.0226,0.2916,0.3066,0.3038,0.6144,0.7424,1067.0,30315.0,30315.0,19816.0,39736.0,1.0,78.0,7.0,1.0,0.0,1.0,1.0,1.0,1.0,1.0,1.0,-0.995316822789053
1285.0,1.0,8.0,2.0,2.0,1.0,15826.0,0.4245,0.0342,0.3159,0.0512,0.0034,0.0014,0.048,0.091,0.0303,0.4928,0.2254,0.0994,,,1374.0,6836.0,9804.0,15206.0,1.0,67.0,2.0,1.0,1.0,0.0,0.0,0.0,0.0,0.0,0.0,-1.4659243962432345
4765.0,1.0,2.0,3.0,4.0,1.0,1297.0,0.3593,0.3308,0.2328,0.0702,0.0031,0.0,0.0023,0.0015,0.0,0.7379,0.2316,0.2042,,,6460.0,13270.0,,,,72.0,7.0,1.0,0.0,1.0,1.0,1.0,1.0,1.0,1.0,-1.6570922033357192
30653.0,3.0,3.0,1.0,1.0,1.0,338.0,0.5621,0.1834,0.0888,0.0118,0.0,0.0,0.0118,0.0,0.142,0.22190000000000001,0.38469999999999993,0.5487,,,,,12220.0,14683.0,0.0,1.0,1.0,1.0,0.0,0.0,0.0,0.0,0.0,0.0,0.0,-1.2766018508958248
2417.0,1.0,5.0,2.0,2.0,1.0,9129.0,0.6443,0.24490000000000003,0.0287,0.0234,0.0042,0.0013,0.0275,0.0,0.0256,0.3061,0.5196,0.2525,,,2732.0,4578.0,8327.0,12535.0,1.0,58.0,2.0,1.0,1.0,0.0,0.0,0.0,0.0,0.0,0.0,-1.1944374873425971
2975.0,1.0,5.0,3.0,4.0,1.0,22120.0,0.6048,0.1685,0.0808,0.0547,0.0033,0.0012,0.0354,0.023300000000000005,0.028,0.1419,0.4045,0.5881,0.6409,1079.0,6277.0,19448.0,12479.0,18044.0,1.0,90.0,6.0,1.0,0.0,1.0,0.0,1.0,1.0,1.0,1.0,-0.9800556980812902
3313.0,2.0,2.0,3.0,4.0,3.0,3233.0,0.7039830497989483,0.1301835137643056,0.0461117228580266,0.037767800804206615,0.002820167027528611,0.0012642128054438603,0.02880173213733374,0.03559245283018868,0.013569842251778532,0.11690095886173832,0.272629384472626,0.7136167336838849,0.6501,1023.0,39102.69409217445,39102.69409217445,27064.58923600371,50999.07392514692,1.0,67.0,8.0,1.0,1.0,1.0,1.0,1.0,1.0,1.0,1.0,-0.9657156152016781
3786.0,1.0,8.0,1.0,3.0,1.0,1361.0,0.6157,0.011,0.0661,0.0162,0.036,0.0022,0.0683,0.0735,0.1109,0.3057,0.3651,0.21950000000000003,,,4191.0,4591.0,5157.0,11541.0,1.0,29.0,3.0,1.0,1.0,1.0,0.0,0.0,0.0,0.0,0.0,-0.8539003305241899
12744.0,3.0,5.0,2.0,2.0,1.0,123.0,0.6504,0.1138,0.0325,0.0,0.0,0.0163,0.0,0.0,0.187,0.9106,0.3968,0.873,0.1,,5800.0,5800.0,,,,2.0,1.0,0.0,1.0,0.0,0.0,0.0,0.0,0.0,0.0,-1.6463972449581918
9259.0,1.0,7.0,2.0,2.0,1.0,3170.0,0.7918,0.029,0.1177,0.0151,0.0098,0.0038,0.0054,0.0066,0.0208,0.45549999999999996,0.2626,0.40819999999999995,,,2832.0,6816.0,6851.0,11063.0,1.0,73.0,2.0,1.0,1.0,0.0,0.0,0.0,0.0,0.0,0.0,-1.403933330322064
2951.0,2.0,5.0,3.0,3.0,1.0,1864.0,0.2994,0.4785,0.0204,0.0059,0.0097,0.0,0.0172,0.0408,0.1282,0.1813,0.5974000000000002,0.7971,0.5326,923.0,27400.0,27400.0,21365.0,37812.0,1.0,24.0,1.0,0.0,0.0,1.0,0.0,0.0,0.0,0.0,0.0,-0.6070008838259232
3727.0,1.0,5.0,2.0,2.0,1.0,43869.0,0.3577,0.1905,0.21339999999999998,0.1456,0.0027,0.0054,0.0361,0.028000000000000004,0.0206,0.584,0.2631,0.1748,,,3882.0,8616.0,9488.0,13481.0,1.0,54.0,2.0,1.0,1.0,0.0,0.0,0.0,0.0,0.0,0.0,-1.5828512345066577
2589.0,1.0,1.0,3.0,4.0,3.0,13309.0,0.8090904575850928,0.012158952588473966,0.03141251033135472,0.02148592681644,0.0022514463896611313,9.46051544067924e-05,0.015658561875422645,0.017388271094747915,0.09055926816440003,0.033103764369975204,0.22771360733338342,0.6676472161695094,0.7948375234803516,1098.928845142385,16401.8074986851,29381.8074986851,23174.937861597416,29481.49913592306,1.0,108.0,6.0,0.0,1.0,1.0,0.0,1.0,1.0,1.0,1.0,-0.9079619691367593
3954.0,1.0,5.0,3.0,4.0,1.0,52280.0,0.5519,0.1088,0.2303,0.0559,0.002,0.0023,0.0322,0.009999999999999998,0.0067,0.3043,0.3814,0.45,0.4961,1185.0,6368.0,22467.0,13724.0,19752.0,1.0,84.0,7.0,0.0,1.0,1.0,1.0,1.0,1.0,1.0,1.0,-1.1648673126817355
22884.0,1.0,5.0,1.0,2.0,1.0,6854.0,0.35850000000000004,0.3516,0.12069999999999999,0.0661,0.0019,0.0013,0.025700000000000004,0.012,0.0623,0.7148,0.5365,0.3826,,,2796.0,4932.0,5034.0,10242.0,1.0,56.0,2.0,1.0,1.0,0.0,0.0,0.0,0.0,0.0,0.0,-1.242268533600483
2147.0,2.0,1.0,3.0,4.0,1.0,1967.0,0.7194,0.05290000000000001,0.0696,0.0346,0.0025,0.001,0.03,0.0147,0.07520000000000002,0.0763,0.2224,0.6751,0.693,1093.0,35532.0,35532.0,31767.0,51082.0,1.0,36.0,3.0,0.0,0.0,1.0,0.0,1.0,0.0,0.0,1.0,-0.9272673053038298
5438.0,1.0,4.0,1.0,1.0,1.0,23.0,0.9130000000000001,0.0435,0.0435,0.0,0.0,0.0,0.0,0.0,0.0,0.0,0.6087,0.6087,0.4348,,,,9910.0,17185.0,0.0,1.0,1.0,1.0,0.0,0.0,0.0,0.0,0.0,0.0,0.0,-0.9753247175415665
5335.0,1.0,2.0,1.0,1.0,1.0,243.0,0.9383,0.0206,0.0123,0.0,0.0,0.0247,0.0,0.0,0.0041,0.0782,0.6025,0.5804,,,,,12106.0,15775.0,0.0,16.0,1.0,1.0,0.0,0.0,0.0,0.0,0.0,0.0,0.0,-1.4835114855162301
2972.0,1.0,5.0,3.0,4.0,1.0,22925.0,0.7467,0.065,0.0447,0.0537,0.0042,0.0006,0.0351,0.0327,0.0172,0.0716,0.2221,0.4176000000000001,0.516,1253.0,8296.0,23551.0,14811.0,22046.0,1.0,109.0,8.0,1.0,1.0,1.0,1.0,1.0,1.0,1.0,1.0,-1.2288290476276118
1118.0,1.0,8.0,2.0,2.0,1.0,16982.0,0.2298,0.04,0.6473,0.0377,0.0042,0.0011,0.032,0.0026,0.0052,0.6585,0.3976,0.0328,,,1324.0,7120.0,3849.0,10060.0,1.0,65.0,2.0,1.0,1.0,0.0,0.0,0.0,0.0,0.0,0.0,-1.5010517568752142
1007.0,1.0,5.0,2.0,2.0,1.0,1592.0,0.7255,0.2613,0.0044,0.0025,0.0044,0.0,0.0,0.0,0.0019,0.3882,0.5892,0.39770000000000005,,,3491.0,6576.0,6922.0,12054.0,1.0,14.0,2.0,1.0,1.0,0.0,0.0,0.0,0.0,0.0,0.0,-1.232817561631872
32963.0,3.0,2.0,1.0,1.0,2.0,365.0,0.2328504109589041,0.41095616438356164,0.054750136986301365,0.016394794520547946,0.008242191780821917,0.0,0.024636986301369863,0.0,0.25206931506849317,0.4383298630136987,0.8430468493150686,0.8202189041095891,,,,,19360.950684931508,21335.238356164384,0.0,2.0,1.0,1.0,0.0,0.0,0.0,0.0,0.0,0.0,0.0,-1.3646750557612013
1470.0,1.0,5.0,2.0,2.0,1.0,12454.0,0.6742,0.1254,0.11449999999999999,0.0198,0.005400000000000001,0.0033,0.0353,0.0071,0.014900000000000002,0.5873,0.3916,0.21340000000000003,,,2496.0,9739.0,6787.0,10631.0,1.0,49.0,3.0,1.0,1.0,1.0,0.0,0.0,0.0,0.0,0.0,-1.1106484066525686
2881.0,1.0,2.0,2.0,2.0,1.0,12257.0,0.3137,0.2293,0.335,0.0374,0.0082,0.0028,0.019,0.0122,0.0425,0.3996,0.3514,0.0992,,,4723.0,12213.0,6068.0,12206.0,1.0,46.0,2.0,1.0,1.0,0.0,0.0,0.0,0.0,0.0,0.0,-1.5045473717907993
32553.0,1.0,5.0,3.0,4.0,1.0,13253.0,0.6615000000000001,0.0754,0.1895,0.0156,0.0021,0.0014000000000000002,0.0266,0.0162,0.0117,0.20300000000000004,0.3438,0.4578,0.5888,1059.0,6118.0,25162.0,13624.0,17539.0,1.0,56.0,6.0,0.0,1.0,1.0,0.0,1.0,1.0,1.0,1.0,-1.1301528920906685
3535.0,2.0,5.0,3.0,4.0,1.0,6818.0,0.5826,0.0808,0.0805,0.1009,0.0031,0.0007,0.0485,0.0622,0.0406,0.0063,0.1431,0.1356,0.1309,1481.0,43838.0,43838.0,17135.0,61112.0,1.0,86.0,6.0,1.0,0.0,1.0,0.0,1.0,1.0,1.0,1.0,-1.8779917729776532
3163.0,1.0,6.0,3.0,4.0,1.0,1876.0,0.6418,0.0666,0.0672,0.0069,0.0656,0.0048,0.0053,0.0693,0.0725,0.2457,0.3356,0.402,0.6623,930.0,5843.0,12293.0,8326.0,13055.0,1.0,33.0,4.0,1.0,0.0,1.0,0.0,1.0,1.0,0.0,0.0,-0.9384124264892684
7640.0,1.0,5.0,1.0,2.0,1.0,10598.0,0.3557,0.4436,0.0924,0.0149,0.025299999999999996,0.0046,0.0369,0.007299999999999999,0.0193,0.5471,0.5119,0.20499999999999996,,,2394.0,8538.0,4446.0,9395.0,1.0,49.0,2.0,1.0,1.0,0.0,0.0,0.0,0.0,0.0,0.0,-1.0190356559396494
2527.0,2.0,7.0,3.0,4.0,1.0,1035.0,0.7565,0.0184,0.0889,0.0232,0.0174,0.0048,0.0174,0.0232,0.0502,0.3971,0.3834,0.5315,0.6571,,21556.0,21556.0,19726.0,32581.0,1.0,24.0,4.0,0.0,1.0,1.0,0.0,1.0,0.0,0.0,1.0,-0.9461549890777052
1605.0,2.0,8.0,3.0,4.0,1.0,2017.0,0.1706,0.0555,0.0625,0.2816,0.0099,0.1587,0.1145,0.0169,0.1299,0.1765,0.4641,0.4425,0.8562,958.0,20940.0,20940.0,19277.0,31860.0,1.0,31.0,3.0,0.0,1.0,1.0,0.0,1.0,0.0,0.0,0.0,-0.8115130809652141
3501.0,2.0,5.0,3.0,3.0,1.0,989.0,0.003,0.9808,0.004,0.002,0.0,0.0,0.0,0.0101,0.0,0.1001,0.7625,0.8338,0.5214999999999999,735.0,10680.0,10680.0,9067.0,17053.0,1.0,23.0,2.0,1.0,0.0,1.0,0.0,0.0,0.0,0.0,0.0,-0.23747569395400278
3040.0,1.0,3.0,2.0,2.0,1.0,14466.0,0.5234,0.3075,0.0555,0.0203,0.0066,0.0,0.0291,0.0159,0.0418,0.6183,0.4516,0.2617,,,3136.0,7468.0,5713.0,10508.0,1.0,77.0,2.0,1.0,1.0,0.0,0.0,0.0,0.0,0.0,0.0,-1.4758434152768984
36273.0,1.0,6.0,2.0,2.0,1.0,2563.0,0.4959,0.3012,0.1264,0.0324,0.0059,0.0004,0.0059,0.0,0.032,0.49039999999999995,0.3188,0.2657,,,4220.0,12644.0,9498.0,14295.0,1.0,26.0,2.0,1.0,1.0,0.0,0.0,0.0,0.0,0.0,0.0,-1.0925523614055968
41470.0,3.0,5.0,1.0,1.0,1.0,305.0,0.3279,0.5836,0.0426,0.0131,0.0,0.0033,0.0,0.0098,0.0197,0.0,0.5327,0.6659,,,,,18892.0,22201.0,0.0,1.0,1.0,1.0,0.0,0.0,0.0,0.0,0.0,0.0,0.0,-0.5550338784303112
3612.0,1.0,6.0,3.0,4.0,1.0,13662.0,0.1726,0.24350000000000002,0.4106,0.0924,0.0043,0.0026,0.0112,0.0506,0.0122,0.48380000000000006,0.4655,0.4155,0.8416999999999999,894.0,5516.0,14204.0,7150.0,15912.0,1.0,40.0,3.0,0.0,0.0,1.0,0.0,1.0,0.0,0.0,1.0,-1.0494407184392998
11133.0,1.0,7.0,1.0,2.0,1.0,538.0,0.8086,0.0019,0.1524,0.0112,0.013,0.0056,0.0,0.0,0.0074,0.5037,0.531,0.3959,,,2496.0,8502.0,8827.0,13091.0,1.0,18.0,2.0,1.0,1.0,0.0,0.0,0.0,0.0,0.0,0.0,-1.2541191912665082
1358.0,1.0,7.0,3.0,4.0,1.0,8413.0,0.7177,0.0252,0.1551,0.014,0.0078,0.0064,0.0363,0.0059,0.0315,0.1741,0.3923,0.5498,0.8227,970.0,7116.0,17720.0,15874.0,18169.0,1.0,61.0,7.0,1.0,1.0,1.0,0.0,1.0,1.0,1.0,1.0,-0.7337436951160492
1092.0,1.0,5.0,3.0,4.0,1.0,9232.0,0.6545,0.1969,0.0434,0.0168,0.0048,0.001,0.0336,0.0379,0.0112,0.12289999999999998,0.4101,0.5125,0.9425999999999999,1049.0,7889.0,13806.0,11087.0,18354.0,1.0,66.0,7.0,1.0,1.0,1.0,0.0,1.0,1.0,1.0,1.0,-0.8144083288960062
32533.0,3.0,5.0,1.0,1.0,2.0,169.0,0.5029337278106509,0.4378852071005917,0.035492899408284026,0.0,0.0,0.005902366863905325,0.0,0.005902366863905325,0.01180473372781065,0.0,0.5544627218934911,0.5964579881656805,,,,,10889.591715976332,13973.75147928994,0.0,1.0,1.0,1.0,0.0,0.0,0.0,0.0,0.0,0.0,0.0,-0.9452974459690527
26047.0,3.0,6.0,2.0,4.0,1.0,200.0,0.415,0.26,0.3,0.01,0.005,0.0,0.0,0.0,0.01,0.0,0.6383,0.6426,0.5,,,,18772.0,22431.0,0.0,1.0,3.0,1.0,1.0,0.0,0.0,0.0,0.0,0.0,1.0,-1.7840279031649893
2295.0,1.0,3.0,2.0,2.0,1.0,1496.0,0.8904,0.004,0.0114,0.002,0.006000000000000001,0.0,0.0167,0.0013,0.0682,0.6444,0.5093,0.3776,,,3300.0,8430.0,15754.0,19219.0,1.0,33.0,2.0,1.0,1.0,0.0,0.0,0.0,0.0,0.0,0.0,-0.7661441461639966
25882.0,3.0,3.0,1.0,1.0,1.0,826.0,0.7348999999999999,0.1283,0.0581,0.0182,0.0061,0.0012,0.044800000000000006,0.0012,0.0073,0.0,0.4316,0.6105,,,,,20773.0,23451.0,0.0,2.0,1.0,1.0,0.0,0.0,0.0,0.0,0.0,0.0,0.0,-1.4444545187791489
2430.0,1.0,5.0,2.0,2.0,2.0,4529.0,0.6814,0.2678,0.0199,0.0066,0.0035,0.0,0.0,0.0,0.0208,0.3096,0.5243,0.2033,,,2855.0,5253.0,1563.0,6171.0,1.0,34.0,2.0,1.0,1.0,0.0,0.0,0.0,0.0,0.0,0.0,-1.219815868347682
3588.0,2.0,6.0,3.0,4.0,1.0,3039.0,0.5742,0.1441,0.1823,0.0145,0.0056,0.0033000000000000004,0.025300000000000003,0.024000000000000004,0.0267,0.0675,0.4176,0.6703,0.7991,1064.0,25650.0,25650.0,22622.0,36180.0,1.0,53.0,5.0,0.0,0.0,1.0,0.0,1.0,1.0,1.0,1.0,-0.7696095218674073
3600.0,1.0,6.0,1.0,2.0,1.0,2056.0,0.6089,0.2515,0.0939,0.0054,0.0039,0.0,0.0151,0.0214,0.0,0.3658,0.4406,0.2684,,,1680.0,3576.0,6807.0,12903.0,1.0,23.0,2.0,1.0,1.0,0.0,0.0,0.0,0.0,0.0,0.0,-1.2341416839553054
33273.0,3.0,2.0,1.0,1.0,1.0,21.0,0.0,1.0,0.0,0.0,0.0,0.0,0.0,0.0,0.0,0.2857,1.0,1.0,,,,,11151.0,15964.0,0.0,1.0,1.0,1.0,0.0,0.0,0.0,0.0,0.0,0.0,0.0,-1.9242936017664716
7401.0,3.0,2.0,2.0,2.0,1.0,707.0,0.0212,0.4045000000000001,0.5007,0.0184,0.0014,0.0113,0.0099,0.0,0.0325,0.10470000000000002,0.9066,0.8581,,,13095.0,13095.0,16953.0,24198.0,1.0,5.0,2.0,1.0,1.0,0.0,0.0,0.0,0.0,0.0,0.0,-0.6705947760894337
3392.0,2.0,2.0,3.0,4.0,1.0,1142.0,0.7942,0.0315,0.0096,0.0096,0.0026,0.0,0.0236,0.0026,0.1261,0.0236,0.3237,0.7494,0.9366,1055.0,33410.0,33410.0,21810.0,43709.0,1.0,45.0,2.0,0.0,0.0,1.0,0.0,1.0,0.0,0.0,0.0,-0.7260050821686845
1781.0,2.0,3.0,3.0,4.0,1.0,2402.0,0.7623,0.0233,0.0533,0.0858,0.0012,0.0,0.0483,0.0258,0.0,0.0146,0.2013,0.4925999999999999,0.6915,1311.0,31900.0,31900.0,23900.0,42390.0,1.0,41.0,5.0,0.0,0.0,1.0,0.0,1.0,1.0,1.0,1.0,-1.0087581652234412
25295.0,3.0,3.0,1.0,1.0,1.0,121.0,0.5207,0.3884,0.0,0.0413,0.0083,0.0,0.0413,0.0,0.0,0.0,0.3832,0.45209999999999995,,,,,13394.0,15629.0,0.0,1.0,1.0,1.0,0.0,0.0,0.0,0.0,0.0,0.0,0.0,-2.100853606829038
1353.0,1.0,7.0,3.0,3.0,1.0,3609.0,0.5497,0.0086,0.1047,0.0061,0.238,0.0022,0.0612,0.006700000000000001,0.0227,0.0585,0.3268,0.4839,0.9082,1020.0,7252.0,17780.0,15254.0,21691.0,1.0,35.0,4.0,0.0,1.0,1.0,0.0,1.0,0.0,0.0,1.0,-0.9244470570473737
3577.0,2.0,6.0,3.0,4.0,1.0,972.0,0.037,0.6996,0.1934,0.0051,0.001,0.0,0.0082,0.0442,0.0113,0.0473,0.703,0.8521,0.597,814.0,13544.0,13544.0,18397.0,27133.0,1.0,19.0,4.0,0.0,1.0,1.0,0.0,1.0,0.0,0.0,1.0,-0.3338439308296341
31021.0,3.0,5.0,1.0,1.0,1.0,67.0,0.9104,0.0597,0.0149,0.0149,0.0,0.0,0.0,0.0,0.0,0.0,0.5,0.8019,,,,,13880.0,15929.0,0.0,2.0,1.0,1.0,0.0,0.0,0.0,0.0,0.0,0.0,0.0,-1.2506284959667355
7206.0,1.0,9.0,3.0,3.0,1.0,3686.0,0.0,0.0,1.0,0.0,0.0,0.0,0.0,0.0,0.0,0.0689,0.7081,0.0265,0.8262,1147.0,2212.0,4233.0,5570.0,10757.0,1.0,19.0,1.0,0.0,0.0,1.0,0.0,0.0,0.0,0.0,0.0,-1.8231935347175854
21000.0,2.0,9.0,3.0,4.0,3.0,3887.0,0.0018350913300746075,0.0008046822742474916,0.9963618986364806,0.00029012091587342424,0.0,0.0,0.0,0.0,0.0008049138152817082,0.536691793156676,0.611025881142269,0.4138422176485722,,,7917.997170054026,7917.997170054026,14599.871108824285,19671.000771803447,1.0,23.0,3.0,0.0,1.0,1.0,0.0,1.0,0.0,0.0,0.0,-0.7452157460543183
4692.0,3.0,3.0,1.0,1.0,10.0,1966.0,0.32960406917599194,0.5539253814852493,0.05087939979654119,0.009163987792472022,0.004579399796541201,0.0005053916581892167,0.04680645981688709,0.0,0.0045751271617497456,0.0,0.9068672939979653,0.851695981688708,,,19220.752797558493,19220.752797558493,25369.296032553408,30460.491861648017,1.0,15.0,1.0,1.0,0.0,0.0,0.0,0.0,0.0,0.0,0.0,-0.8157731710112331
6574.0,2.0,2.0,1.0,1.0,1.0,103.0,0.8738,0.0,0.0971,0.0291,0.0,0.0,0.0,0.0,0.0,0.0,0.4245,0.8273,,,,,,,,2.0,1.0,1.0,0.0,0.0,0.0,0.0,0.0,0.0,0.0,-1.7460146632445832
23528.0,1.0,3.0,1.0,1.0,1.0,248.0,0.7097,0.125,0.1048,0.0363,0.0242,0.0,0.0,0.0,0.0,0.0,0.5864,0.779,,,,,8581.0,10958.0,0.0,14.0,2.0,1.0,1.0,0.0,0.0,0.0,0.0,0.0,0.0,-1.8054903761723877
38373.0,3.0,3.0,1.0,1.0,1.0,226.0,0.9469,0.0044,0.0,0.0,0.0,0.0044,0.031,0.0,0.0133,0.0,0.3356,0.5,,,,,15817.0,18323.0,0.0,1.0,1.0,1.0,0.0,0.0,0.0,0.0,0.0,0.0,0.0,-1.347664606321245
41327.0,3.0,8.0,1.0,1.0,1.0,136.0,0.0515,0.3529,0.4853,0.0588,0.0,0.0147,0.0,0.0,0.0368,0.0,0.8538,0.8443,,,,,18257.0,23208.0,0.0,5.0,2.0,1.0,1.0,0.0,0.0,0.0,0.0,0.0,0.0,-1.2334191832834778
5448.0,1.0,5.0,1.0,2.0,1.0,4769.0,0.308,0.4611,0.1126,0.0451,0.0048,0.0019,0.0182,0.0025,0.0457,0.6905,0.4495,0.1796,,,2039.0,7577.0,5832.0,11389.0,1.0,37.0,2.0,1.0,1.0,0.0,0.0,0.0,0.0,0.0,0.0,-0.8962125411901434
2496.0,1.0,4.0,3.0,4.0,1.0,5222.0,0.811,0.0676,0.0316,0.0061,0.0027,0.0013,0.029499999999999995,0.0349,0.0153,0.054599999999999996,0.3537,0.6047,0.7658,1051.0,6525.0,11526.0,10570.0,17376.0,1.0,68.0,5.0,1.0,1.0,1.0,0.0,1.0,0.0,0.0,1.0,-0.8007493678399655
21728.0,1.0,2.0,1.0,1.0,1.0,155.0,0.49029999999999996,0.3419,0.0774,0.0258,0.0,0.006500000000000001,0.0581,0.0,0.0,0.7548,0.5294,0.6275,0.4918,,,,18331.0,22500.0,0.0,1.0,1.0,1.0,0.0,0.0,0.0,0.0,0.0,0.0,0.0,-1.923865168135186
22579.0,3.0,5.0,1.0,1.0,1.0,265.0,0.5396,0.3321,0.083,0.0075,0.0075,0.0,0.0037999999999999996,0.0075,0.0189,0.5925,0.5642,0.5789,,,,,16322.0,19117.0,0.0,2.0,1.0,1.0,0.0,0.0,0.0,0.0,0.0,0.0,0.0,-0.91788097869749
1987.0,2.0,5.0,3.0,3.0,1.0,1014.0,0.8028,0.0306,0.0454,0.0197,0.001,0.001,0.0296,0.0355,0.0345,0.0039,0.2689,0.5961,0.8262000000000002,1230.0,33360.0,33360.0,21813.0,43304.0,1.0,34.0,1.0,0.0,0.0,1.0,0.0,0.0,0.0,0.0,0.0,-0.7061182469244242
3654.0,2.0,6.0,3.0,4.0,1.0,1563.0,0.2917,0.0653,0.3794,0.1158,0.0026,0.0026,0.0262,0.10040000000000002,0.016,0.1926,0.33910000000000007,0.4218,0.7899,1111.0,29440.0,29440.0,19131.0,38726.0,1.0,40.0,4.0,1.0,0.0,1.0,0.0,1.0,1.0,0.0,0.0,-1.089201087180918
2332.0,1.0,4.0,2.0,2.0,2.0,6185.0,0.7639000000000001,0.08419999999999998,0.0454,0.04410000000000001,0.0042,0.0016,0.0437,0.0049,0.0079,0.6141,0.3193,0.3642,,,5004.0,5004.0,12992.0,15819.0,1.0,32.0,2.0,1.0,1.0,0.0,0.0,0.0,0.0,0.0,0.0,-1.27561106257873
2413.0,1.0,5.0,2.0,2.0,1.0,3255.0,0.4504,0.40979999999999994,0.0092,0.0086,0.0276,0.0,0.0,0.0052,0.08909999999999998,0.2366,0.4754,0.1441,,,2430.0,3830.0,6723.0,11272.0,1.0,40.0,2.0,1.0,1.0,0.0,0.0,0.0,0.0,0.0,0.0,-1.725492715231195
3809.0,1.0,5.0,3.0,3.0,1.0,1529.0,0.8437,0.102,0.0111,0.0013,0.0026,0.0,0.0111,0.0203,0.0078,0.1844,0.5633,0.5987,0.3834,927.0,5832.0,11064.0,8908.0,14965.0,1.0,18.0,2.0,0.0,1.0,1.0,0.0,0.0,0.0,0.0,0.0,-0.739115362767259
1050.0,2.0,5.0,3.0,4.0,1.0,2588.0,0.0035,0.7736,0.0035,0.0015,0.0004000000000000001,0.0,0.0,0.0027,0.2148,0.0383,0.63,0.7639,0.4922000000000001,978.0,19570.0,19570.0,29242.0,32853.0,1.0,58.0,4.0,0.0,0.0,1.0,0.0,1.0,1.0,1.0,0.0,-0.6089802391734879
5760.0,1.0,1.0,2.0,2.0,1.0,759.0,0.8801,0.0171,0.0184,0.004,0.0264,0.0026,0.0092,0.0211,0.0211,0.2912,0.4797,0.4015000000000001,,,3368.0,6068.0,10680.0,15374.0,1.0,22.0,2.0,1.0,1.0,0.0,0.0,0.0,0.0,0.0,0.0,-1.3874022921721954
39573.0,1.0,5.0,2.0,2.0,1.0,2138.0,0.79,0.1038,0.0552,0.0075,0.0033,0.0,0.0365,0.0,0.0037,0.4836,0.31,0.2958,,,3432.0,6192.0,7925.0,12461.0,1.0,37.0,2.0,1.0,1.0,0.0,0.0,0.0,0.0,0.0,0.0,-1.1060970285006073
2058.0,1.0,2.0,2.0,2.0,1.0,13067.0,0.5969,0.1795,0.06239999999999999,0.0399,0.0059,0.003,0.0334,0.0096,0.0693,0.663,0.2505,0.2331,,,4350.0,11700.0,14358.0,17491.0,1.0,51.0,2.0,1.0,1.0,0.0,0.0,0.0,0.0,0.0,0.0,-1.7231777686100305
2383.0,2.0,4.0,3.0,4.0,1.0,1032.0,0.7452,0.0659,0.0552,0.061,0.0078,0.0029,0.0165,0.0397,0.0058,0.2209,0.5031,0.7015,0.284,1016.0,23180.0,23180.0,21586.0,34943.0,1.0,33.0,5.0,1.0,1.0,1.0,0.0,1.0,0.0,0.0,1.0,-0.7588724971770816
21958.0,3.0,9.0,1.0,1.0,1.0,1604.0,0.0,0.0,1.0,0.0,0.0,0.0,0.0,0.0,0.0,0.0,0.4953000000000001,0.18960000000000002,,,,,11617.0,17074.0,0.0,9.0,1.0,1.0,0.0,0.0,0.0,0.0,0.0,0.0,0.0,-1.828912968056269
2579.0,2.0,1.0,3.0,4.0,1.0,1700.0,0.5818,0.2241,0.0753,0.0165,0.0047,0.0,0.01,0.0306,0.0571,0.0235,0.5024,0.7689,0.9573,,33900.0,33900.0,27791.0,45772.0,1.0,50.0,7.0,1.0,1.0,1.0,0.0,1.0,1.0,1.0,1.0,-0.48176116085708365
2427.0,1.0,5.0,2.0,2.0,1.0,6863.0,0.6143,0.3576,0.0106,0.0095,0.001,0.0003,0.0031,0.0,0.0035999999999999995,0.15500000000000003,0.5691,0.2166,,,2550.0,4950.0,6244.0,10720.0,1.0,58.0,2.0,1.0,1.0,0.0,0.0,0.0,0.0,0.0,0.0,-1.722656701592853
3239.0,1.0,2.0,2.0,2.0,3.0,8532.0,0.6098,0.0472,0.0551,0.0301,0.0093,0.0007,0.023,0.0018,0.223,0.6456,0.2321,0.172,,,4034.0,10754.0,8998.0,11887.0,1.0,61.0,2.0,1.0,1.0,0.0,0.0,0.0,0.0,0.0,0.0,-1.372110916603416
1063.0,1.0,8.0,3.0,4.0,1.0,5536.0,0.4259,0.021,0.052199999999999996,0.012600000000000002,0.1284,0.0027,0.0401,0.011,0.306,0.3887,0.2263,0.255,,,5246.0,16238.0,9188.0,15340.0,1.0,103.0,7.0,1.0,1.0,1.0,1.0,1.0,1.0,0.0,1.0,-0.8789044201410915
2642.0,1.0,2.0,3.0,4.0,1.0,6407.0,0.6563,0.05179999999999999,0.1202,0.103,0.0023,0.0031,0.0066,0.0017,0.054900000000000004,0.0243,0.1751,0.5198,0.4897,1213.0,15024.0,25637.0,22516.0,29303.0,1.0,42.0,3.0,0.0,0.0,1.0,0.0,1.0,0.0,0.0,1.0,-1.1485692066313586
3326.0,1.0,2.0,3.0,4.0,1.0,6246.0,0.7922000000000001,0.0949,0.04760000000000001,0.0136,0.0013,0.0006,0.0293,0.0045,0.016,0.0498,0.3058,0.6939,0.8313000000000001,981.0,9774.0,18520.0,19514.0,23152.0,1.0,49.0,4.0,1.0,0.0,1.0,0.0,1.0,0.0,0.0,1.0,-0.8127241616890485
1134.0,1.0,8.0,3.0,4.0,1.0,1047.0,0.5435,0.0181,0.171,0.0888,0.0029,0.0038,0.1051,0.0067,0.0602,0.0525,0.3435,0.5895,0.667,,6536.0,17696.0,15472.0,21102.0,1.0,8.0,2.0,0.0,0.0,1.0,0.0,1.0,0.0,0.0,0.0,-1.334125774692761
2503.0,1.0,4.0,3.0,4.0,1.0,16177.0,0.8114,0.0446,0.0338,0.0134,0.0056,0.0015,0.0316,0.0469,0.0113,0.1349,0.329,0.4974,0.8503,1090.0,7008.0,13668.0,14866.0,19251.0,1.0,101.0,6.0,1.0,0.0,1.0,0.0,1.0,1.0,1.0,1.0,-0.8178782549220268
1824.0,2.0,3.0,3.0,4.0,1.0,616.0,0.7273,0.0666,0.0211,0.0016,0.0032,0.0,0.0097,0.0276,0.1429,0.24350000000000002,0.12379999999999998,0.1441,0.5504,960.0,19800.0,19800.0,19179.0,35500.0,1.0,33.0,7.0,1.0,1.0,1.0,1.0,1.0,1.0,1.0,0.0,-0.9488841920262137
3134.0,2.0,3.0,3.0,4.0,1.0,694.0,0.647,0.2637,0.027399999999999997,0.0101,0.0014,0.0,0.027399999999999997,0.0101,0.013000000000000001,0.3012,0.4373,0.8472,0.6551,1014.0,27700.0,27700.0,15098.0,37601.0,1.0,41.0,7.0,1.0,0.0,1.0,1.0,1.0,1.0,1.0,1.0,-0.7732426340951415
25681.0,3.0,6.0,1.0,1.0,6.0,789.0,0.038,0.7934,0.16349999999999998,0.0051,0.0,0.0,0.0,0.0,0.0,0.0,0.715,0.6876,,,,,8501.0,12881.0,0.0,1.0,1.0,1.0,0.0,0.0,0.0,0.0,0.0,0.0,0.0,-0.4919720844048767
10286.0,1.0,2.0,3.0,4.0,1.0,9949.0,0.6269,0.1512,0.1123,0.018,0.0053,0.0029,0.0214,0.0328,0.0292,0.5791,0.3495,0.3576,0.8112,,6665.0,16315.0,12857.0,19533.0,1.0,31.0,5.0,1.0,1.0,1.0,0.0,1.0,0.0,0.0,1.0,-1.0603379152787116
10684.0,1.0,2.0,2.0,2.0,1.0,10624.0,0.6282,0.161,0.065,0.0215,0.007200000000000001,0.0009000000000000001,0.0362,0.0096,0.0703,0.21749999999999997,0.4312,0.2978,,,4888.0,9183.0,4729.0,10062.0,1.0,55.0,2.0,1.0,1.0,0.0,0.0,0.0,0.0,0.0,0.0,-1.4944940856502125
4925.0,1.0,5.0,2.0,2.0,1.0,6533.0,0.6894,0.2235,0.039299999999999995,0.011,0.0034,0.0009,0.0259,0.0021,0.0044,0.5595,0.5665,0.534,,,3854.0,6294.0,6164.0,12264.0,1.0,36.0,2.0,1.0,1.0,0.0,0.0,0.0,0.0,0.0,0.0,-0.9129729534272701
12813.0,1.0,3.0,2.0,2.0,1.0,1577.0,0.8821,0.0476,0.014,0.0044,0.0025,0.0,0.019,0.0,0.030400000000000003,0.4172,0.4966,0.3094,,,4260.0,7560.0,8801.0,12235.0,1.0,38.0,2.0,1.0,1.0,0.0,0.0,0.0,0.0,0.0,0.0,-1.5709950757572095
31153.0,1.0,2.0,1.0,1.0,1.0,100.0,0.75,0.21,0.02,0.0,0.0,0.0,0.01,0.0,0.01,0.0,0.7222,0.9145,,,,,8597.0,12280.0,0.0,1.0,1.0,1.0,0.0,0.0,0.0,0.0,0.0,0.0,0.0,-1.2786877351001444
3992.0,1.0,5.0,2.0,2.0,1.0,4912.0,0.5558,0.4068,0.0039000000000000003,0.0043,0.0067,0.0016,0.0204,0.0,0.0006,0.5812,0.6599,0.41869999999999996,,,3908.0,5660.0,7553.0,13303.0,1.0,35.0,2.0,1.0,1.0,0.0,0.0,0.0,0.0,0.0,0.0,-0.8690034378294694
2814.0,2.0,2.0,3.0,4.0,1.0,2612.0,0.6286,0.0364,0.0846,0.05970000000000001,0.0,0.0007999999999999999,0.0394,0.0838,0.0666,0.0057,0.1431,0.3167,0.3734,1241.0,47464.0,47464.0,27173.0,60900.0,1.0,36.0,2.0,0.0,0.0,1.0,0.0,1.0,0.0,0.0,0.0,-1.2689391185623744
2449.0,2.0,4.0,3.0,4.0,1.0,1321.0,0.6101,0.1893,0.0765,0.0167,0.0083,0.0038,0.028800000000000003,0.0666,0.0,0.1794,0.4226,0.7059,0.5198,1038.0,25700.0,25700.0,19610.0,36178.0,1.0,44.0,3.0,0.0,0.0,1.0,0.0,1.0,0.0,0.0,1.0,-0.7471238714166774
41630.0,3.0,5.0,1.0,1.0,1.0,67.0,0.6418,0.1194,0.209,0.0299,0.0,0.0,0.0,0.0,0.0,0.4179,0.5171,0.5854,,,,,14730.0,18394.0,0.0,1.0,1.0,1.0,0.0,0.0,0.0,0.0,0.0,0.0,0.0,-1.2972138904676451
20995.0,1.0,4.0,1.0,2.0,1.0,4151.0,0.7629,0.0224,0.1831,0.0053,0.0053,0.001,0.0077,0.0,0.0123,0.4981999999999999,0.2747,0.1796,,,2760.0,3960.0,7162.0,10461.0,1.0,32.0,2.0,1.0,1.0,0.0,0.0,0.0,0.0,0.0,0.0,-1.5960605448217284
1619.0,1.0,7.0,2.0,2.0,1.0,4621.0,0.6953,0.0084,0.22460000000000002,0.0093,0.0089,0.0039,0.0145,0.008,0.0271,0.5001,0.3235,0.1947,,,2760.0,6720.0,6067.0,10548.0,1.0,94.0,2.0,1.0,1.0,0.0,0.0,0.0,0.0,0.0,0.0,-1.632079642914925
1346.0,1.0,7.0,1.0,2.0,1.0,8627.0,0.6273,0.03,0.1749,0.0294,0.0067,0.0024,0.0383,0.008,0.0829,0.8204,0.3736,0.3366,,,3392.0,12690.0,9238.0,13599.0,1.0,35.0,2.0,1.0,1.0,0.0,0.0,0.0,0.0,0.0,0.0,-1.4030871042628272
3237.0,2.0,2.0,3.0,4.0,1.0,1303.0,0.3638,0.053,0.0867,0.11589999999999999,0.0015,0.0008,0.0499,0.24099999999999996,0.0875,0.0107,0.1604,0.39830000000000004,0.40470000000000006,1313.0,45540.0,45540.0,27518.0,59760.0,1.0,46.0,4.0,0.0,0.0,1.0,0.0,1.0,1.0,0.0,1.0,-1.1015014443688034
1989.0,1.0,5.0,3.0,4.0,1.0,21725.0,0.7681,0.0768,0.0382,0.0254,0.0017,0.0012,0.0312,0.03,0.0276,0.0558,0.2469,0.44260000000000005,0.7221,1142.0,10616.0,22888.0,14785.0,23162.0,1.0,132.0,6.0,1.0,0.0,1.0,0.0,1.0,1.0,1.0,1.0,-0.9644457737612022
2265.0,2.0,3.0,2.0,3.0,1.0,675.0,0.6563,0.2178,0.04,0.0044,0.0148,0.0015,0.043,0.003,0.0193,0.1867,0.6459,0.8162,0.7143,,12239.0,12239.0,13094.0,20621.0,1.0,13.0,3.0,0.0,1.0,1.0,0.0,1.0,0.0,0.0,0.0,-0.5360554278780534
4076.0,1.0,4.0,2.0,2.0,1.0,9733.0,0.7173,0.0921,0.0477,0.0129,0.0058,0.0015,0.0241,0.0195,0.0791,0.4848,0.3121,0.3855,,,4060.0,4900.0,12394.0,15967.0,1.0,53.0,2.0,1.0,1.0,0.0,0.0,0.0,0.0,0.0,0.0,-1.229055584693399
3155.0,1.0,6.0,2.0,2.0,1.0,1325.0,0.566,0.0747,0.0513,0.0068,0.2664,0.003,0.0181,0.0015,0.0121,0.3502,0.5033,0.256,,,3766.0,7383.0,7534.0,9571.0,1.0,31.0,2.0,1.0,1.0,0.0,0.0,0.0,0.0,0.0,0.0,-1.1782153392670767
1312.0,1.0,8.0,3.0,4.0,1.0,27126.0,0.2758,0.020900000000000002,0.1384,0.3509,0.0016,0.0027,0.0471,0.1373,0.0254,0.0297,0.3143,0.2698,0.1602,1382.0,12972.0,35850.0,13707.0,33020.0,1.0,103.0,6.0,0.0,0.0,1.0,1.0,1.0,1.0,1.0,1.0,-1.9616753328049583
12870.0,1.0,3.0,2.0,2.0,1.0,1952.0,0.9288,0.0154,0.0097,0.0026,0.0046,0.002,0.0128,0.0,0.0241,0.4887,0.733,0.6162,,,4232.0,7938.0,6371.0,10257.0,1.0,33.0,2.0,1.0,1.0,0.0,0.0,0.0,0.0,0.0,0.0,-1.1298890025248607
6537.0,2.0,2.0,1.0,1.0,1.0,242.0,0.9628,0.0207,0.0083,0.0041,0.0,0.0,0.0041,0.0,0.0,0.0868,0.368,0.632,0.9565,,,,11021.0,13877.0,0.0,3.0,1.0,1.0,0.0,0.0,0.0,0.0,0.0,0.0,0.0,-1.700800918448073
5006.0,1.0,8.0,1.0,2.0,1.0,2561.0,0.6326,0.0351,0.198,0.007,0.014099999999999998,0.0055,0.054299999999999994,0.002,0.05149999999999999,0.24479999999999996,0.3329,0.21880000000000002,,,4376.0,5675.0,6422.0,12231.0,1.0,48.0,2.0,1.0,1.0,0.0,0.0,0.0,0.0,0.0,0.0,-1.134301131076617
11864.0,1.0,6.0,1.0,2.0,1.0,4044.0,0.7085,0.0138,0.1946,0.0163,0.0185,0.0057,0.022,0.0,0.0205,0.747,0.4731,0.221,,,2088.0,6888.0,8018.0,12238.0,1.0,51.0,2.0,1.0,1.0,0.0,0.0,0.0,0.0,0.0,0.0,-1.2980263373357979
7032.0,2.0,4.0,3.0,4.0,1.0,1322.0,0.6104,0.1195,0.0666,0.0136,0.0083,0.0076,0.0129,0.0015,0.1596,0.2284,0.3686,0.6516,0.6899,1010.0,24250.0,24250.0,17211.0,33252.0,1.0,41.0,4.0,0.0,1.0,1.0,0.0,1.0,0.0,0.0,1.0,-1.4346399820501725
30353.0,3.0,6.0,1.0,1.0,7.0,3152.0,0.09518283629441625,0.04599238578680203,0.8416827411167511,0.004757868020304569,0.0022350888324873096,0.0003248730964467005,0.0034869923857868018,0.0,0.0063372779187817274,0.0,0.8389913705583757,0.73221836928934,,,,,24586.91687817259,27643.464467005077,0.0,9.0,1.0,1.0,0.0,0.0,0.0,0.0,0.0,0.0,0.0,-1.132890179461667
41260.0,3.0,3.0,1.0,1.0,1.0,176.0,0.5625,0.3693,0.017,0.0057,0.0,0.0,0.0227,0.0,0.0227,0.233,0.5231,0.6846,,,,,14868.0,17462.0,0.0,1.0,1.0,1.0,0.0,0.0,0.0,0.0,0.0,0.0,0.0,-1.150305516631347
21010.0,3.0,8.0,1.0,1.0,6.0,789.0,0.7541266159695817,0.03676425855513308,0.12041520912547528,0.01901571609632446,0.022832446134347276,0.006355893536121674,0.03295893536121673,0.0,0.00759809885931559,0.0,0.7265619771863118,0.8768081115335868,,,,,13905.078580481622,16728.40177439797,0.0,1.0,1.0,1.0,0.0,0.0,0.0,0.0,0.0,0.0,0.0,-1.1720432670888674
21601.0,2.0,2.0,1.0,1.0,1.0,29.0,0.6207,0.3103,0.0345,0.0345,0.0,0.0,0.0,0.0,0.0,0.0,0.7188,0.8438,1.0,,9112.0,9112.0,10180.0,10180.0,1.0,2.0,3.0,1.0,1.0,1.0,0.0,0.0,0.0,0.0,0.0,-1.3173815633007564
2996.0,1.0,4.0,2.0,2.0,1.0,2067.0,0.8316,0.074,0.0189,0.0058,0.0126,0.0015,0.0285,0.0116,0.0155,0.178,0.2415,0.4167,,,4438.0,10850.0,10573.0,13511.0,1.0,37.0,2.0,1.0,1.0,0.0,0.0,0.0,0.0,0.0,0.0,-1.437324079107567
2176.0,1.0,1.0,2.0,2.0,1.0,8232.0,0.744,0.0796,0.0809,0.0188,0.0032,0.0002,0.0491,0.0007,0.0234,0.4874,0.4544,0.2392,,,4178.0,9122.0,7329.0,10981.0,1.0,67.0,2.0,1.0,1.0,0.0,0.0,0.0,0.0,0.0,0.0,-1.5455187150245377
23313.0,3.0,6.0,1.0,2.0,3.0,85.0,0.023529411764705882,0.31762823529411766,0.5882588235294117,0.058823529411764705,0.01176,0.0,0.0,0.0,0.0,0.0,0.6333717647058824,0.4550423529411765,,,,,8584.823529411764,13662.905882352941,0.0,5.0,2.0,1.0,1.0,0.0,0.0,0.0,0.0,0.0,0.0,-1.6248978381219115
2687.0,1.0,2.0,3.0,4.0,1.0,12925.0,0.3484999999999999,0.22170000000000004,0.2028,0.1774,0.002,0.0027,0.0149,0.0299,0.0,0.2409,0.4879,0.2179,0.3533,1085.0,6536.0,13346.0,6399.0,15117.0,1.0,56.0,4.0,1.0,0.0,1.0,0.0,1.0,0.0,0.0,1.0,-1.708904730691076
6951.0,1.0,5.0,3.0,4.0,1.0,5056.0,0.5667,0.2909,0.052,0.0227,0.0022,0.0006,0.0322,0.012699999999999998,0.02,0.176,0.46229999999999993,0.6496,0.4682,947.0,10518.0,20868.0,14659.0,21759.0,1.0,32.0,4.0,0.0,1.0,1.0,0.0,1.0,0.0,0.0,1.0,-0.7783209969683188
12347.0,3.0,8.0,1.0,1.0,1.0,117.0,0.8632,0.0,0.094,0.0,0.0085,0.0,0.0171,0.0,0.0171,0.0,0.7333,0.8143,,,,,8404.0,12675.0,0.0,1.0,1.0,1.0,0.0,0.0,0.0,0.0,0.0,0.0,0.0,-1.0167110216466648
2160.0,2.0,1.0,3.0,4.0,1.0,1727.0,0.6833,0.055,0.08979999999999999,0.0365,0.0023,0.0029,0.0347,0.0197,0.0759,0.2038,0.2705,0.6366,0.7149,1086.0,24375.0,24375.0,32123.0,48818.0,1.0,37.0,7.0,1.0,1.0,1.0,1.0,1.0,1.0,0.0,1.0,-0.8906896114774211
1072.0,1.0,6.0,2.0,2.0,1.0,3759.0,0.4185,0.0492,0.457,0.013,0.0074,0.0067,0.0229,0.004,0.0213,0.5539,0.336,0.0721,,,1800.0,6000.0,5572.0,10243.0,1.0,64.0,2.0,1.0,1.0,0.0,0.0,0.0,0.0,0.0,0.0,-1.7289116990351825
41468.0,3.0,6.0,1.0,1.0,1.0,144.0,0.0,0.0,1.0,0.0,0.0,0.0,0.0,0.0,0.0,0.0,0.6242,0.3356,,,10000.0,10000.0,4210.0,8950.0,1.0,3.0,1.0,1.0,0.0,0.0,0.0,0.0,0.0,0.0,0.0,-2.0783531061982314
41472.0,3.0,3.0,1.0,1.0,1.0,176.0,0.3011,0.3636,0.2955,0.0114,0.0057,0.0,0.017,0.0057,0.0,0.4205,0.5675,0.6548,,,,,14770.0,17876.0,0.0,1.0,1.0,1.0,0.0,0.0,0.0,0.0,0.0,0.0,0.0,-1.2565291572949466
3024.0,2.0,3.0,3.0,4.0,1.0,4807.0,0.5319,0.0443,0.05530000000000001,0.1949,0.0006,0.0,0.0418,0.0919,0.0391,0.0131,0.1867,0.5419,0.3831,1375.0,43158.0,43158.0,26647.0,57405.0,1.0,85.0,6.0,0.0,0.0,1.0,1.0,1.0,1.0,1.0,1.0,-1.2991579763171097
1250.0,1.0,8.0,2.0,2.0,1.0,20496.0,0.3385,0.0155,0.3357,0.1991,0.0024,0.0028,0.0428,0.0458,0.0176,0.5862,0.2355,0.0197,,,1184.0,6584.0,9067.0,15882.0,1.0,78.0,2.0,1.0,1.0,0.0,0.0,0.0,0.0,0.0,0.0,-1.606232781485152
1559.0,2.0,5.0,3.0,4.0,1.0,2567.0,0.0004000000000000001,0.8664000000000001,0.0035,0.0019,0.0035,0.0,0.0,0.013600000000000001,0.11060000000000002,0.0491,0.7185,0.8722,0.8467,860.0,21334.0,21334.0,31787.0,35471.0,1.0,37.0,4.0,0.0,0.0,1.0,0.0,1.0,1.0,0.0,1.0,-0.4586430451935561
1846.0,2.0,4.0,3.0,4.0,1.0,964.0,0.7718,0.0571,0.0934,0.0156,0.0073,0.001,0.0187,0.0353,0.0,0.1971,0.4549,0.7975,0.6169,1005.0,27202.0,27202.0,17894.0,38198.0,1.0,43.0,5.0,0.0,1.0,1.0,0.0,1.0,0.0,1.0,1.0,-0.8514367487973183
34403.0,2.0,5.0,3.0,3.0,1.0,1169.0,0.5158,0.4251,0.0197,0.0188,0.0,0.0,0.0026,0.0,0.018,0.55,0.5653,0.8339,0.5373,1110.0,10412.0,10412.0,9287.0,19085.0,1.0,6.0,2.0,0.0,1.0,1.0,0.0,0.0,0.0,0.0,0.0,-0.8995962185361819
1308.0,1.0,8.0,2.0,2.0,1.0,12900.0,0.2953,0.0256,0.566,0.0704,0.0043,0.0014,0.0275,0.0003,0.0091,0.6059,0.3114,0.015300000000000001,,,1198.0,6838.0,3335.0,9482.0,1.0,55.0,2.0,1.0,1.0,0.0,0.0,0.0,0.0,0.0,0.0,-2.6140941944490157
1927.0,1.0,4.0,3.0,4.0,1.0,3777.0,0.7082,0.0559,0.0646,0.0071,0.0053,0.0011,0.0641,0.0789,0.0148,0.0813,0.3979,0.6347,0.7649,1009.0,5746.0,17896.0,13970.0,16205.0,1.0,48.0,4.0,0.0,0.0,1.0,0.0,1.0,1.0,0.0,1.0,-0.8924393038503611
8677.0,1.0,3.0,2.0,2.0,1.0,1728.0,0.8547000000000001,0.0179,0.0851,0.0046,0.0006,0.0,0.0127,0.0,0.024300000000000002,0.6701,0.34519999999999995,0.33649999999999997,,,3652.0,7090.0,10231.0,13085.0,1.0,47.0,2.0,1.0,1.0,0.0,0.0,0.0,0.0,0.0,0.0,-1.4117121641045138
1827.0,1.0,3.0,3.0,4.0,1.0,7316.0,0.5584,0.1345,0.1847,0.0219,0.0025,0.0025,0.0201,0.05340000000000001,0.0221,0.3621,0.3106,0.41370000000000007,0.5968,965.0,6758.0,15266.0,12009.0,16520.0,1.0,57.0,6.0,1.0,1.0,1.0,0.0,1.0,0.0,1.0,1.0,-0.8224359905915981
3754.0,1.0,5.0,3.0,4.0,1.0,24191.0,0.6967,0.036,0.053,0.0919,0.0015000000000000002,0.0013,0.04290000000000001,0.0451,0.0315,0.0222,0.1737,0.4222,0.7263,1215.0,12017.0,28048.0,19691.0,26165.0,1.0,113.0,6.0,0.0,1.0,1.0,0.0,1.0,1.0,1.0,1.0,-1.3349765866285432
6404.0,2.0,4.0,3.0,4.0,1.0,742.0,0.8598,0.0404,0.0418,0.0135,0.0054,0.0013,0.0202,0.004,0.0135,0.3895,0.3437,0.8369,0.8261,1090.0,13614.0,13614.0,19235.0,24527.0,1.0,10.0,6.0,1.0,1.0,1.0,0.0,1.0,1.0,0.0,1.0,-1.0220167271340903
41836.0,3.0,3.0,1.0,1.0,1.0,89.0,0.618,0.0899,0.1573,0.0112,0.0,0.0,0.12360000000000002,0.0,0.0,0.3146,0.3967,0.3641,,,,,12322.0,15704.0,0.0,1.0,1.0,1.0,0.0,0.0,0.0,0.0,0.0,0.0,0.0,-1.370738978144719
2404.0,1.0,5.0,2.0,2.0,1.0,2255.0,0.5282,0.3796,0.0173,0.0022,0.06080000000000001,0.0027,0.0049,0.0009000000000000001,0.0035,0.1357,0.5828,0.2776,,,2170.0,4270.0,5208.0,10273.0,1.0,21.0,2.0,1.0,1.0,0.0,0.0,0.0,0.0,0.0,0.0,-1.7740582687507132
23285.0,3.0,3.0,1.0,1.0,1.0,78.0,0.2692,0.23080000000000003,0.0,0.5,0.0,0.0,0.0,0.0,0.0,0.4872,0.9016,0.9262,,,,,10243.0,15728.0,0.0,1.0,1.0,1.0,0.0,0.0,0.0,0.0,0.0,0.0,0.0,-1.254797833200766
3438.0,1.0,5.0,3.0,4.0,1.0,293.0,0.744,0.0614,0.0341,0.0444,0.0068,0.0034,0.0205,0.0,0.0853,0.041,0.0927,0.7268,,,,,,,,21.0,6.0,0.0,0.0,1.0,1.0,1.0,1.0,1.0,1.0,-1.774047987295887
2769.0,2.0,2.0,3.0,3.0,1.0,1831.0,0.5756,0.09940000000000002,0.1688,0.0295,0.0087,0.0016,0.0137,0.04970000000000001,0.053,0.112,0.2495,0.6152,0.7350000000000001,1065.0,27636.0,27636.0,34710.0,47464.0,1.0,29.0,2.0,0.0,1.0,1.0,0.0,0.0,0.0,0.0,0.0,-0.6460555730260947
37243.0,3.0,8.0,3.0,4.0,1.0,932.0,0.4174,0.0054,0.0515,0.05360000000000001,0.0,0.0043,0.059,0.1373,0.2715,0.1363,0.3053,0.6007,0.6488,1211.0,27360.0,27360.0,33096.0,39035.0,1.0,6.0,2.0,0.0,0.0,1.0,0.0,1.0,0.0,0.0,0.0,-1.084663604673506
2703.0,2.0,2.0,3.0,4.0,1.0,1671.0,0.2843,0.1508,0.3519,0.10290000000000002,0.0006,0.0,0.05569999999999999,0.0192,0.0347,0.0563,0.5189,0.8094,0.9520999999999998,931.0,31290.0,31290.0,19587.0,40018.0,1.0,31.0,4.0,0.0,1.0,1.0,0.0,1.0,0.0,0.0,1.0,-0.9670750967790633
10364.0,1.0,8.0,2.0,2.0,1.0,2852.0,0.6445,0.0109,0.0954,0.0319,0.006000000000000001,0.0046,0.0536,0.0691,0.0842,0.4162,0.2995,0.1471,,,4465.0,9700.0,6918.0,13049.0,1.0,20.0,2.0,1.0,1.0,0.0,0.0,0.0,0.0,0.0,0.0,-1.421375961042162
12064.0,3.0,4.0,1.0,3.0,1.0,153.0,0.732,0.1503,0.0719,0.0065,0.0065,0.0,0.0131,0.0,0.0196,0.0,0.6949,0.8136,,,11625.0,11625.0,15115.0,18600.0,1.0,3.0,3.0,1.0,1.0,1.0,0.0,0.0,0.0,0.0,0.0,-1.3598423068825882
37023.0,3.0,2.0,1.0,1.0,1.0,70.0,0.7714,0.1286,0.0714,0.028600000000000004,0.0,0.0,0.0,0.0,0.0,0.0,0.551,0.4184,,,,,9601.0,13521.0,0.0,2.0,1.0,1.0,0.0,0.0,0.0,0.0,0.0,0.0,0.0,-1.3204601960083102
41429.0,1.0,5.0,3.0,3.0,1.0,10387.0,0.3772,0.3188,0.1519,0.0852,0.0013,0.0009,0.0381,0.0171,0.0094,0.289,0.5289,0.4827,,,5352.0,15048.0,11762.0,16039.0,1.0,14.0,1.0,0.0,0.0,1.0,0.0,0.0,0.0,0.0,0.0,-0.866035059225118
2303.0,1.0,3.0,2.0,2.0,1.0,13670.0,0.5555,0.2923,0.0296,0.0239,0.0042,0.0015,0.028,0.0341,0.0308,0.7048,0.3655,0.2427,,,2565.0,6585.0,4032.0,8798.0,1.0,76.0,2.0,1.0,1.0,0.0,0.0,0.0,0.0,0.0,0.0,-1.4127132924640597
34685.0,3.0,3.0,1.0,1.0,1.0,459.0,0.07190000000000002,0.8606,0.0458,0.0131,0.0022,0.0,0.0022,0.0,0.0044,0.4357,0.9881,0.9921,0.7467,,23162.0,23162.0,36775.0,41131.0,1.0,1.0,1.0,1.0,0.0,0.0,0.0,0.0,0.0,0.0,0.0,-0.812547141905374
2192.0,2.0,1.0,3.0,4.0,1.0,2161.0,0.466,0.0615,0.0773,0.1023,0.0005,0.0005,0.0324,0.24709999999999996,0.0125,0.0079,0.1947,0.4443,0.547,,42656.0,42656.0,27322.0,55454.0,1.0,40.0,3.0,0.0,0.0,1.0,0.0,1.0,0.0,0.0,1.0,-0.936399818531343
3509.0,1.0,5.0,3.0,4.0,1.0,16093.0,0.5058,0.3793,0.0389,0.0275,0.0025,0.0014,0.0329,0.0092,0.0025,0.2343,0.4663,0.6173,0.474,1029.0,8619.0,20331.0,12661.0,21492.0,1.0,78.0,5.0,0.0,0.0,1.0,0.0,1.0,1.0,1.0,1.0,-0.7322440828135823
3110.0,2.0,3.0,3.0,4.0,1.0,2271.0,0.7217,0.0471,0.0159,0.0119,0.0035,0.0004,0.026,0.0088,0.1647,0.0709,0.24409999999999998,0.6729,0.7531,1094.0,31442.0,31442.0,25542.0,43190.0,1.0,60.0,5.0,0.0,0.0,1.0,0.0,1.0,1.0,1.0,1.0,-0.718083665849977
21211.0,3.0,4.0,1.0,2.0,1.0,225.0,0.7333,0.2622,0.0,0.0,0.0,0.0,0.0044,0.0,0.0,0.0,0.383,0.461,,,,,19098.0,23754.0,0.0,7.0,3.0,1.0,1.0,1.0,0.0,0.0,0.0,0.0,0.0,-1.1636112301117723
3583.0,1.0,6.0,1.0,2.0,1.0,6332.0,0.4035,0.1614,0.3844,0.0111,0.0025,0.0,0.0142,0.0098,0.0131,0.7825,0.34829999999999994,0.0892,,,1566.0,3510.0,9057.0,14245.0,1.0,60.0,2.0,1.0,1.0,0.0,0.0,0.0,0.0,0.0,0.0,-1.726995737547308
25590.0,3.0,6.0,3.0,4.0,1.0,784.0,0.5714,0.0791,0.1046,0.021700000000000004,0.0102,0.0038,0.0676,0.0026,0.139,0.0,0.41609999999999997,0.6236,0.8345,,21150.0,21150.0,28267.0,32809.0,1.0,7.0,3.0,0.0,1.0,1.0,0.0,1.0,0.0,0.0,0.0,-0.5655086268191613
1896.0,2.0,4.0,3.0,3.0,1.0,1614.0,0.78,0.0496,0.026,0.0112,0.0006,0.0006,0.022300000000000004,0.0979,0.011800000000000001,0.0161,0.231,0.6844,0.7883,1100.0,36120.0,36120.0,21827.0,45305.0,1.0,40.0,1.0,0.0,0.0,1.0,0.0,0.0,0.0,0.0,0.0,-0.7330976843313183
3420.0,2.0,5.0,3.0,3.0,1.0,2444.0,0.0033000000000000004,0.9885,0.0029,0.0036999999999999997,0.0,0.0,0.0,0.0,0.0016,0.016,0.8288,0.9013,,,18288.0,18288.0,17105.0,30565.0,1.0,36.0,1.0,0.0,0.0,1.0,0.0,0.0,0.0,0.0,0.0,0.018571385585435293
2560.0,1.0,4.0,2.0,2.0,1.0,1363.0,0.6757,0.0257,0.21720000000000003,0.0073,0.0125,0.0044,0.0,0.0382,0.0191,0.3734,0.3561,0.2026,,,2496.0,2808.0,6372.0,11838.0,1.0,41.0,2.0,1.0,1.0,0.0,0.0,0.0,0.0,0.0,0.0,-1.4593640960791554
41840.0,3.0,3.0,1.0,1.0,1.0,167.0,0.8922,0.0419,0.0359,0.0,0.0,0.0,0.0,0.0,0.0299,0.2635,0.48929999999999996,0.6094,,,,,16419.0,18960.0,0.0,1.0,1.0,1.0,0.0,0.0,0.0,0.0,0.0,0.0,0.0,-1.301567454080329
3599.0,1.0,6.0,3.0,4.0,1.0,17811.0,0.0308,0.0058,0.9101,0.0143,0.0005,0.0008,0.0034,0.0193,0.014999999999999998,0.2447,0.6297,0.3816,0.628,953.0,5173.0,14023.0,2840.0,11963.0,1.0,78.0,5.0,0.0,0.0,1.0,1.0,1.0,1.0,0.0,1.0,-1.3432981901181082
26002.0,3.0,6.0,1.0,1.0,1.0,298.0,0.4966,0.1879,0.1913,0.0235,0.0134,0.0067,0.0805,0.0,0.0,0.0,0.6201,0.722,,,,,24092.0,28199.0,0.0,2.0,1.0,1.0,0.0,0.0,0.0,0.0,0.0,0.0,0.0,-1.727903755859865
3247.0,2.0,2.0,3.0,4.0,1.0,2407.0,0.9298000000000001,0.0166,0.029900000000000003,0.0112,0.0017,0.0008,0.0079,0.0017,0.0004,0.2634,0.2871,0.7203,0.7146,1074.0,29010.0,29010.0,24849.0,40111.0,1.0,34.0,7.0,1.0,0.0,1.0,1.0,1.0,1.0,1.0,1.0,-0.868925422431688
2325.0,1.0,3.0,3.0,4.0,1.0,28217.0,0.6196000000000002,0.0411,0.0426,0.1262,0.0016,0.0004,0.0317,0.066,0.0707,0.0326,0.1569,0.34199999999999997,0.32239999999999996,1380.0,13486.0,41906.0,15787.0,26143.0,1.0,122.0,6.0,0.0,0.0,1.0,1.0,1.0,1.0,1.0,1.0,-1.4562030524320557
5276.0,1.0,1.0,2.0,2.0,1.0,2497.0,0.8486,0.05689999999999999,0.0244,0.0112,0.0084,0.0016,0.0168,0.0096,0.0224,0.4501,0.5207,0.42040000000000005,,,3750.0,6450.0,8966.0,13006.0,1.0,24.0,2.0,1.0,1.0,0.0,0.0,0.0,0.0,0.0,0.0,-1.2633731476073835
41564.0,3.0,5.0,1.0,1.0,1.0,209.0,0.2871,0.1627,0.44980000000000003,0.0239,0.0048,0.0,0.0718,0.0,0.0,0.0048,0.5821,0.6642,,,17997.0,17997.0,21348.0,26639.0,1.0,2.0,1.0,1.0,0.0,0.0,0.0,0.0,0.0,0.0,0.0,-0.533055220317134
38565.0,2.0,5.0,1.0,1.0,1.0,49.0,0.8367,0.12239999999999998,0.0408,0.0,0.0,0.0,0.0,0.0,0.0,1.0,0.5128,0.9487,,,,,,,,1.0,1.0,1.0,0.0,0.0,0.0,0.0,0.0,0.0,0.0,-0.02084084617605791
1380.0,1.0,1.0,3.0,4.0,1.0,5206.0,0.6473,0.11990000000000002,0.1612,0.0346,0.0017,0.0017,0.0117,0.0021,0.0198,0.1621,0.3092,0.5612,0.4003,981.0,9077.0,20812.0,17269.0,22558.0,1.0,45.0,6.0,0.0,1.0,1.0,0.0,1.0,1.0,1.0,1.0,-0.8953245505353702
1638.0,1.0,3.0,2.0,2.0,1.0,4250.0,0.6793,0.1108,0.1306,0.0195,0.0016,0.0014,0.0348,0.0047,0.0172,0.48189999999999994,0.3251,0.1113,,,3600.0,7050.0,6028.0,10893.0,1.0,45.0,2.0,1.0,1.0,0.0,0.0,0.0,0.0,0.0,0.0,-1.492481400784267
5761.0,1.0,5.0,1.0,2.0,1.0,1642.0,0.6381999999999999,0.2089,0.0408,0.0128,0.0371,0.0012,0.0231,0.0024,0.0353,0.31,0.4964,0.0,,,3596.0,6806.0,9305.0,14034.0,1.0,16.0,2.0,1.0,1.0,0.0,0.0,0.0,0.0,0.0,0.0,-1.1626600793217812
11505.0,3.0,3.0,1.0,1.0,1.0,223.0,0.4664,0.2735,0.2152,0.0,0.009,0.0,0.0359,0.0,0.0,0.3587,0.6781,0.7534,,,,,15548.0,19715.0,0.0,1.0,1.0,1.0,0.0,0.0,0.0,0.0,0.0,0.0,0.0,-1.119066777615658
1484.0,1.0,5.0,2.0,3.0,1.0,22539.0,0.4862,0.2609,0.0696,0.0346,0.0032,0.0054,0.022,0.0085,0.10980000000000001,0.6757,0.3859,0.4961999999999999,,,2830.0,9944.0,7546.0,11793.0,1.0,69.0,3.0,1.0,1.0,1.0,0.0,0.0,0.0,0.0,0.0,-1.1361905676225776
2899.0,2.0,2.0,3.0,4.0,1.0,1813.0,0.6702,0.0645,0.0971,0.0298,0.0011,0.0006,0.0193,0.0347,0.08270000000000001,0.028100000000000003,0.1906,0.6124,0.7218,,40750.0,40750.0,28711.0,51751.0,1.0,39.0,5.0,0.0,0.0,1.0,0.0,1.0,1.0,1.0,1.0,-1.0900423379850426
1155.0,1.0,8.0,3.0,4.0,1.0,26528.0,0.2098,0.0342,0.2488,0.35669999999999996,0.0014,0.0078,0.052,0.0526,0.0366,0.1979,0.4162,0.3501,0.5985,1038.0,7323.0,18483.0,12862.0,21112.0,1.0,107.0,4.0,0.0,0.0,1.0,0.0,1.0,1.0,0.0,1.0,-1.6612457410928532
11117.0,2.0,8.0,1.0,4.0,6.0,236.0,0.2161,0.1102,0.3263,0.0212,0.0,0.0,0.0254,0.2458,0.0551,0.2161,0.1232,0.1592,0.3855,,16350.0,16350.0,18078.0,30066.0,1.0,24.0,7.0,1.0,0.0,1.0,1.0,1.0,1.0,1.0,1.0,-1.644174648713935
1341.0,2.0,8.0,3.0,3.0,1.0,1297.0,0.6515,0.0146,0.1349,0.0709,0.0015,0.0015,0.0771,0.0162,0.0316,0.0015,0.20409999999999998,0.5443,0.7936,1175.0,39990.0,39990.0,30370.0,53670.0,1.0,26.0,2.0,1.0,0.0,1.0,0.0,0.0,0.0,0.0,0.0,-1.0246609075067559
30682.0,3.0,3.0,1.0,1.0,3.0,380.0,0.46838078947368417,0.3789592105263158,0.06577447368421052,0.0026239473684210525,0.005241842105263158,0.0,0.060513157894736845,0.0026239473684210525,0.015782631578947368,0.0,0.7502407894736842,0.9066542105263159,,,15557.0,15557.0,18012.878947368423,23930.0,1.0,5.0,1.0,1.0,0.0,0.0,0.0,0.0,0.0,0.0,0.0,-1.3709936900574569
3575.0,2.0,6.0,3.0,4.0,1.0,1037.0,0.6297,0.0839,0.2189,0.0039,0.0029,0.001,0.0309,0.0,0.0289,0.0887,0.4527,0.6845,0.8212,976.0,24600.0,24600.0,18245.0,32965.0,1.0,59.0,4.0,1.0,1.0,1.0,0.0,1.0,0.0,0.0,0.0,-0.590863163601053
2292.0,1.0,3.0,3.0,4.0,1.0,5576.0,0.8538,0.012900000000000002,0.0178,0.0099,0.0056,0.0013,0.0249,0.0475,0.0264,0.060099999999999994,0.2558,0.5886,0.755,1244.0,14040.0,29520.0,14336.0,25360.0,1.0,79.0,6.0,1.0,1.0,1.0,0.0,1.0,1.0,0.0,1.0,-1.1407683269297766
2609.0,1.0,2.0,3.0,4.0,1.0,11692.0,0.7123,0.091,0.0943,0.0389,0.0022,0.001,0.0245,0.0074,0.028400000000000005,0.1033,0.2974,0.5673,0.7862000000000001,1074.0,12616.0,20570.0,19747.0,25341.0,1.0,71.0,6.0,1.0,0.0,1.0,0.0,1.0,1.0,1.0,1.0,-1.073719656075071
25034.0,2.0,5.0,3.0,4.0,1.0,291.0,0.299,0.4192,0.006899999999999999,0.0034,0.0,0.0,0.0,0.0,0.2715,0.4536,0.6801,0.7795,,,6900.0,6900.0,12992.0,16370.0,1.0,13.0,4.0,0.0,1.0,1.0,0.0,1.0,1.0,0.0,0.0,-0.1559376258452629
2923.0,1.0,5.0,3.0,4.0,1.0,21207.0,0.6898,0.1625,0.0613,0.0273,0.006,0.0011,0.0311,0.004,0.0169,0.11370000000000001,0.3357,0.5681,0.7727999999999999,1036.0,6143.0,21340.0,14981.0,20710.0,1.0,98.0,5.0,0.0,0.0,1.0,0.0,1.0,1.0,1.0,1.0,-0.8854190682070681
1623.0,1.0,7.0,2.0,2.0,1.0,4749.0,0.817,0.0122,0.0489,0.012,0.0339,0.0059,0.0,0.0,0.0701,0.44750000000000006,0.449,0.4763,,,3022.0,7702.0,7945.0,12266.0,1.0,82.0,2.0,1.0,1.0,0.0,0.0,0.0,0.0,0.0,0.0,-1.4936778292289417
12496.0,3.0,8.0,1.0,1.0,1.0,35.0,0.5143,0.0571,0.1714,0.0571,0.0,0.0,0.0,0.0,0.2,0.0,0.5862,0.5172,,,,,14362.0,18650.0,0.0,1.0,1.0,1.0,0.0,0.0,0.0,0.0,0.0,0.0,0.0,-1.1882391153837009
1348.0,1.0,7.0,3.0,4.0,1.0,4383.0,0.7525,0.0096,0.076,0.0454,0.0023,0.0005,0.0493,0.05,0.0146,0.0399,0.1718,0.4544,0.3647,1333.0,16918.0,33598.0,25777.0,30154.0,1.0,24.0,4.0,0.0,0.0,1.0,0.0,1.0,1.0,0.0,1.0,-1.4426644208120918
20797.0,3.0,4.0,1.0,1.0,2.0,210.0,0.80002,0.09523333333333335,0.07142666666666667,0.00952,0.009506666666666667,0.0,0.009546666666666667,0.0,0.004746666666666666,0.0,0.58516,0.7613733333333332,,,,,10973.466666666667,15349.333333333334,0.0,1.0,1.0,1.0,0.0,0.0,0.0,0.0,0.0,0.0,0.0,-0.8606370676833205
9185.0,1.0,6.0,2.0,2.0,1.0,6067.0,0.5573,0.17209999999999998,0.0552,0.0213,0.0486,0.0025,0.0926,0.0025,0.048,0.5652,0.3676,0.2543,,,3225.0,9602.0,7854.0,12479.0,1.0,48.0,2.0,1.0,1.0,0.0,0.0,0.0,0.0,0.0,0.0,-1.278917506587405
2006.0,1.0,5.0,3.0,4.0,1.0,3520.0,0.0148,0.9068,0.0094,0.002,0.0037,0.0006,0.015299999999999998,0.039200000000000006,0.0082,0.0733,0.7824,0.897,0.4395,868.0,6525.0,15744.0,14656.0,21692.0,1.0,42.0,5.0,0.0,1.0,1.0,0.0,1.0,1.0,0.0,1.0,-0.11891481504372782
1329.0,2.0,8.0,3.0,4.0,1.0,3802.0,0.2985,0.025,0.1817,0.3306,0.0058,0.006,0.0466,0.0665,0.0392,0.0245,0.3988,0.5920000000000001,0.549,1185.0,41342.0,41342.0,30202.0,54032.0,1.0,63.0,4.0,0.0,0.0,1.0,0.0,1.0,1.0,1.0,0.0,-1.3919832767152176
1379.0,2.0,1.0,3.0,4.0,1.0,1875.0,0.7189,0.0325,0.0869,0.0347,0.0,0.0,0.0277,0.0533,0.0459,0.0021,0.1436,0.4131,0.376,,47740.0,47740.0,27345.0,60682.0,1.0,38.0,2.0,0.0,0.0,1.0,0.0,1.0,0.0,0.0,0.0,-1.1605010256306425
3815.0,1.0,5.0,3.0,4.0,1.0,8871.0,0.8521,0.068,0.02,0.0079,0.0038,0.001,0.025,0.0119,0.0103,0.0923,0.4321,0.593,0.7653,1021.0,6526.0,15026.0,9149.0,16981.0,1.0,83.0,7.0,1.0,1.0,1.0,0.0,1.0,1.0,1.0,1.0,-0.6900024561470025
2991.0,1.0,4.0,2.0,2.0,1.0,662.0,0.7538,0.0514,0.0393,0.0091,0.0347,0.003,0.028700000000000003,0.0634,0.0166,0.2326,0.1517,0.1776,,,4074.0,4074.0,8432.0,12737.0,1.0,17.0,2.0,1.0,1.0,0.0,0.0,0.0,0.0,0.0,0.0,-1.570549020254405
20923.0,3.0,2.0,1.0,1.0,1.0,321.0,0.2991,0.2243,0.4206,0.0125,0.0031,0.0062,0.0,0.0,0.0343,0.4174,0.6321,0.7358,0.4614,,15413.0,15413.0,22294.0,27213.0,1.0,12.0,2.0,1.0,1.0,0.0,0.0,0.0,0.0,0.0,0.0,-1.2911901049101484
12984.0,3.0,8.0,1.0,1.0,1.0,120.0,0.0,0.0,0.9667,0.0,0.0083,0.0,0.0,0.025,0.0,0.0,0.8757,0.4,,,,,13140.0,17240.0,0.0,1.0,1.0,1.0,0.0,0.0,0.0,0.0,0.0,0.0,0.0,-1.727539309789078
1780.0,1.0,3.0,3.0,4.0,1.0,9645.0,0.6308,0.1853,0.0947,0.0094,0.0013,0.0008,0.0233,0.022,0.0323,0.10759999999999999,0.4444,0.703,0.6964,970.0,12217.0,16533.0,17988.0,25074.0,1.0,79.0,4.0,0.0,0.0,1.0,0.0,1.0,1.0,0.0,1.0,-0.7631322596052137
41919.0,3.0,8.0,1.0,1.0,1.0,224.0,0.8795,0.0045,0.0179,0.0045,0.0179,0.0134,0.058,0.0,0.0045,0.3304,0.5169,0.5113,,,,,12950.0,15733.0,0.0,1.0,1.0,1.0,0.0,0.0,0.0,0.0,0.0,0.0,0.0,-0.9468533822843217
3691.0,2.0,1.0,3.0,4.0,2.0,2520.0,0.648392380952381,0.029342301587301587,0.08891801587301587,0.06750619047619047,0.0027755555555555554,0.0,0.04797873015873016,0.0992261111111111,0.015861587301587304,0.009913253968253969,0.1155842857142857,0.2391974603174603,0.1717,1379.0,46044.0,46044.0,22114.0,59470.0,1.0,43.0,4.0,0.0,0.0,1.0,0.0,1.0,1.0,0.0,1.0,-1.7060134711849637
41174.0,3.0,3.0,1.0,1.0,1.0,92.0,0.4891,0.35869999999999996,0.087,0.0326,0.0,0.0,0.0326,0.0,0.0,0.0,0.8034,0.9157,0.8823999999999999,,,,18892.0,21041.0,0.0,4.0,2.0,1.0,1.0,0.0,0.0,0.0,0.0,0.0,0.0,-1.3923433015469453
1528.0,1.0,5.0,2.0,3.0,1.0,28003.0,0.643,0.1497,0.1139,0.0322,0.0037,0.0027,0.0229,0.0072,0.024599999999999997,0.7039,0.4285,0.3662000000000001,,,3292.0,11524.0,7773.0,12727.0,1.0,55.0,4.0,1.0,1.0,1.0,1.0,0.0,0.0,0.0,0.0,-0.9254260179428243
21890.0,1.0,3.0,1.0,1.0,1.0,305.0,0.9443,0.0164,0.0,0.0033,0.0033,0.0,0.0262,0.0,0.0066,0.3902,0.3712,0.49909999999999993,,,,,9013.0,13961.0,0.0,11.0,1.0,1.0,0.0,0.0,0.0,0.0,0.0,0.0,0.0,-1.6710774988757953
3664.0,1.0,6.0,2.0,2.0,1.0,5418.0,0.756,0.0327,0.1489,0.007,0.0078,0.0017,0.0231,0.0059,0.017,0.598,0.3328,0.1507,,,2400.0,5280.0,6303.0,11554.0,1.0,22.0,2.0,1.0,1.0,0.0,0.0,0.0,0.0,0.0,0.0,-1.4497060790765397
10256.0,2.0,4.0,3.0,4.0,1.0,1836.0,0.787,0.037,0.0566,0.010300000000000002,0.0038,0.0038,0.0419,0.031,0.0283,0.006,0.2073,0.5367,0.9778,1120.0,25100.0,25100.0,21951.0,37663.0,1.0,46.0,4.0,1.0,1.0,1.0,0.0,1.0,0.0,0.0,0.0,-0.770882569380738
3280.0,2.0,2.0,3.0,4.0,1.0,1431.0,0.7581999999999999,0.0601,0.0657,0.0077,0.0028,0.0021,0.0126,0.0049,0.086,0.1405,0.5858,0.8304,0.9205,921.0,21900.0,21900.0,16938.0,32907.0,1.0,31.0,5.0,1.0,1.0,1.0,1.0,1.0,0.0,0.0,0.0,-0.5480324761426941
3154.0,1.0,6.0,3.0,4.0,1.0,3636.0,0.5803,0.0393,0.0495,0.0047,0.1416,0.0014,0.1009,0.0619,0.0204,0.1826,0.4647,0.4099,0.9719,1005.0,5599.0,13512.0,6100.0,12295.0,1.0,46.0,4.0,1.0,0.0,1.0,0.0,1.0,0.0,0.0,1.0,-0.933892810755899
6551.0,2.0,2.0,1.0,1.0,1.0,203.0,0.9606,0.0246,0.0049,0.0049,0.0,0.0,0.0,0.0,0.0049,0.2463,0.47279999999999994,0.6902,0.8512,1008.0,14620.0,14620.0,24449.0,28340.0,1.0,1.0,1.0,1.0,0.0,0.0,0.0,0.0,0.0,0.0,0.0,-1.458004755491941
35844.0,3.0,7.0,1.0,2.0,1.0,175.0,0.8286,0.0171,0.12,0.0057,0.0057,0.0,0.0,0.0114,0.0114,0.42289999999999994,0.5327,0.809,,,13200.0,13200.0,21752.0,24864.0,1.0,1.0,2.0,1.0,1.0,0.0,0.0,0.0,0.0,0.0,0.0,-1.4817241509955261
40165.0,3.0,5.0,1.0,1.0,1.0,50.0,0.52,0.42,0.02,0.02,0.02,0.0,0.0,0.0,0.0,0.2,0.86,0.8640000000000001,,,,,12987.0,17512.0,0.0,1.0,1.0,1.0,0.0,0.0,0.0,0.0,0.0,0.0,0.0,-1.1683382633011274
41188.0,3.0,8.0,1.0,4.0,1.0,1453.0,0.3173,0.0661,0.0764,0.159,0.0172,0.0021,0.0,0.0,0.362,0.0,0.108,0.1398,,,,,46701.0,59646.0,0.0,6.0,4.0,1.0,1.0,1.0,0.0,1.0,0.0,0.0,0.0,-0.6162998829547762
2290.0,1.0,3.0,3.0,4.0,1.0,38395.0,0.6813,0.0675,0.0384,0.0434,0.0021,0.0008,0.026800000000000004,0.1301,0.0096,0.0874,0.22700000000000004,0.46319999999999995,0.6609,1158.0,13200.0,34965.0,16382.0,24323.0,1.0,143.0,6.0,1.0,0.0,1.0,0.0,1.0,1.0,1.0,1.0,-1.0621564951190292
10906.0,2.0,3.0,2.0,3.0,1.0,85.0,0.9059,0.0941,0.0,0.0,0.0,0.0,0.0,0.0,0.0,0.0,0.5062,0.8765,,,,,,,,1.0,2.0,0.0,1.0,1.0,0.0,0.0,0.0,0.0,0.0,-1.3118401751949431
34793.0,3.0,8.0,1.0,1.0,1.0,94.0,0.2021,0.117,0.5851,0.04259999999999999,0.0106,0.0,0.0,0.0106,0.0319,0.0,0.7724,0.6345,,,,,23538.0,28940.0,0.0,4.0,2.0,1.0,1.0,0.0,0.0,0.0,0.0,0.0,0.0,-0.7228299494236355
11460.0,2.0,8.0,3.0,4.0,1.0,9451.0,0.3948,0.1046,0.2631,0.1061,0.0068000000000000005,0.0181,0.0455,0.0113,0.0496,0.5991,0.3726,0.4092,,,12384.0,12384.0,23998.0,26862.0,1.0,102.0,5.0,1.0,1.0,1.0,0.0,1.0,0.0,0.0,1.0,-0.9939626314016891
1445.0,2.0,2.0,3.0,4.0,1.0,7211.0,0.5813,0.061799999999999994,0.0784,0.096,0.0007,0.0004,0.0413,0.1186,0.0215,0.0291,0.1298,0.2723,0.1735,1414.0,46744.0,46744.0,27506.0,62179.0,1.0,76.0,7.0,1.0,0.0,1.0,1.0,1.0,1.0,1.0,1.0,-1.898673616085346
21415.0,2.0,5.0,3.0,4.0,1.0,8846.0,0.5588,0.1111,0.0857,0.0506,0.0058,0.0028,0.0016,0.134,0.0496,0.1652,0.2663,0.5142,0.6655,1081.0,34295.0,34295.0,37132.0,50774.0,1.0,20.0,4.0,1.0,0.0,1.0,0.0,1.0,0.0,0.0,1.0,-0.6028625256346968
2329.0,1.0,3.0,3.0,4.0,1.0,17242.0,0.5501,0.2072,0.0429,0.0784,0.0032,0.0014,0.0295,0.0244,0.0629,0.3167,0.479,0.601,0.7733,1070.0,11449.0,24472.0,12476.0,21021.0,1.0,127.0,7.0,1.0,0.0,1.0,1.0,1.0,1.0,1.0,1.0,-0.9231939088495934
23048.0,3.0,3.0,1.0,1.0,1.0,63.0,0.746,0.0794,0.0476,0.0,0.0,0.0159,0.0952,0.0,0.0159,0.4921,0.4886,0.4432,,,,,12422.0,15600.0,0.0,1.0,1.0,1.0,0.0,0.0,0.0,0.0,0.0,0.0,0.0,-0.893933435666024
1293.0,2.0,8.0,3.0,4.0,1.0,1941.0,0.458,0.0417,0.3617,0.0402,0.0031,0.0077,0.0505,0.0067,0.0304,0.2257,0.3858,0.8094,0.58,970.0,30050.0,30050.0,23952.0,42756.0,1.0,35.0,4.0,1.0,1.0,1.0,0.0,1.0,0.0,0.0,0.0,-0.9956226975199154
10573.0,3.0,5.0,2.0,2.0,2.0,350.0,0.8571759999999999,0.11428857142857142,0.0028697142857142858,0.008562857142857143,0.0028697142857142858,0.0,0.014279428571428571,0.0,0.0,0.11998514285714285,0.8717497142857142,0.9568062857142857,,,12625.0,12625.0,12516.594285714285,18831.062857142857,1.0,11.0,2.0,1.0,1.0,0.0,0.0,0.0,0.0,0.0,0.0,-1.2005327951195197
1965.0,2.0,5.0,3.0,4.0,1.0,547.0,0.6344,0.0987,0.0128,0.0073,0.0018,0.0,0.0073,0.0201,0.2176,0.12070000000000002,0.4865999999999999,0.7657,0.47739999999999994,966.0,16830.0,16830.0,19499.0,29825.0,1.0,17.0,2.0,0.0,0.0,1.0,0.0,1.0,0.0,0.0,0.0,-0.6442165570883652
6771.0,2.0,3.0,3.0,4.0,1.0,1376.0,0.585,0.0887,0.0392,0.0422,0.0022,0.0029,0.0385,0.0654,0.1359,0.18820000000000003,0.3448,0.6764,0.4561,1010.0,37092.0,37092.0,33002.0,48413.0,1.0,7.0,4.0,0.0,0.0,1.0,1.0,1.0,0.0,0.0,1.0,-0.5454499910705801
2610.0,2.0,2.0,3.0,4.0,1.0,1629.0,0.3481000000000001,0.2038,0.2615,0.0663,0.0049,0.0049,0.006100000000000001,0.0252,0.0792,0.1467,0.4843,0.6891,0.8416,870.0,30605.0,30605.0,16081.0,42675.0,1.0,35.0,8.0,1.0,1.0,1.0,1.0,1.0,1.0,1.0,1.0,-0.8346814644530647
41390.0,3.0,3.0,1.0,1.0,1.0,85.0,0.047099999999999996,0.7529,0.11760000000000001,0.0,0.0,0.0,0.0235,0.0,0.058800000000000005,0.0,0.877,0.9464,,,,,14914.0,18414.0,0.0,7.0,2.0,1.0,1.0,0.0,0.0,0.0,0.0,0.0,0.0,-1.5777484014771177
7871.0,1.0,5.0,2.0,2.0,1.0,4920.0,0.863,0.0612,0.0362,0.0065,0.0089,0.0,0.0,0.0059,0.0183,0.42030000000000006,0.5026,0.41919999999999996,,,4260.0,7650.0,7817.0,11703.0,1.0,35.0,2.0,1.0,1.0,0.0,0.0,0.0,0.0,0.0,0.0,-1.2870263594612217
3996.0,1.0,5.0,2.0,2.0,1.0,4747.0,0.5705,0.2475,0.0535,0.0114,0.007,0.0002,0.1007,0.0002,0.0091,0.4803,0.5811,0.22189999999999996,,,4241.0,9137.0,7249.0,13617.0,1.0,36.0,2.0,1.0,1.0,0.0,0.0,0.0,0.0,0.0,0.0,-1.671929697578692
1805.0,2.0,3.0,3.0,4.0,1.0,6397.0,0.40470000000000006,0.3938,0.037,0.0048,0.0037999999999999996,0.0013000000000000002,0.0216,0.0128,0.1202,0.36890000000000006,0.6482,0.8513,0.7057,965.0,24860.0,24860.0,23757.0,36187.0,1.0,31.0,5.0,0.0,1.0,1.0,0.0,1.0,1.0,1.0,0.0,-0.5840579142252069
2590.0,1.0,1.0,3.0,4.0,1.0,4662.0,0.8492,0.0099,0.0324,0.012,0.0024,0.0004,0.0204,0.0004,0.0729,0.0242,0.2389,0.7282,0.7859,965.0,12864.0,20784.0,19475.0,24692.0,1.0,54.0,4.0,0.0,1.0,1.0,0.0,1.0,0.0,0.0,1.0,-0.747379954085329
31104.0,3.0,7.0,1.0,1.0,1.0,56.0,0.9107,0.0179,0.0536,0.0,0.0179,0.0,0.0,0.0,0.0,0.3929,0.7778,0.0,,,,,6175.0,10847.0,0.0,1.0,1.0,1.0,0.0,0.0,0.0,0.0,0.0,0.0,0.0,-1.2820226802797947
6858.0,2.0,1.0,3.0,3.0,1.0,585.0,0.9043,0.0103,0.0239,0.0017,0.0171,0.0017,0.041,0.0,0.0,0.0034,0.43940000000000007,0.8698,0.9309999999999999,,25820.0,25820.0,21556.0,35580.0,1.0,15.0,3.0,0.0,1.0,1.0,0.0,1.0,0.0,0.0,0.0,-0.41480799377778554
41572.0,3.0,5.0,1.0,1.0,1.0,25.0,0.88,0.12,0.0,0.0,0.0,0.0,0.0,0.0,0.0,0.12,0.6835,0.5316,,,,,7536.0,10927.0,0.0,1.0,1.0,1.0,0.0,0.0,0.0,0.0,0.0,0.0,0.0,-0.8244656933259378
6445.0,2.0,2.0,2.0,2.0,1.0,345.0,0.8261000000000001,0.0377,0.0145,0.0232,0.0,0.0,0.0232,0.0,0.0754,0.6493,0.3373,0.5828,0.2542,,10287.0,16550.0,15667.0,17018.0,1.0,2.0,1.0,0.0,1.0,0.0,0.0,0.0,0.0,0.0,0.0,-1.7059039068886552
38163.0,3.0,5.0,1.0,1.0,2.0,391.0,0.29664168797953966,0.48084961636828644,0.2225086956521739,0.0,0.0,0.0,0.0,0.0,0.0,0.6444601023017903,0.6961928388746804,0.5441580562659846,,,,,11608.38874680307,14913.585677749361,0.0,1.0,1.0,1.0,0.0,0.0,0.0,0.0,0.0,0.0,0.0,-1.196269118882948
22385.0,3.0,6.0,1.0,1.0,1.0,136.0,0.4338,0.3603,0.0956,0.0073999999999999995,0.0368,0.0,0.0662,0.0,0.0,0.375,0.8646,0.7817,,,,,13543.0,17751.0,0.0,3.0,1.0,1.0,0.0,0.0,0.0,0.0,0.0,0.0,0.0,-0.9899056592124422
2693.0,1.0,2.0,3.0,4.0,1.0,12758.0,0.2028,0.17940000000000003,0.4553,0.1093,0.0022,0.0064,0.015400000000000002,0.029199999999999997,0.0,0.199,0.553,0.2067,0.3731,970.0,6359.0,13169.0,5672.0,13734.0,1.0,28.0,6.0,1.0,1.0,1.0,1.0,1.0,0.0,0.0,1.0,-1.6309325121718599
25875.0,2.0,9.0,3.0,4.0,1.0,11529.0,0.0,0.0,1.0,0.0,0.0,0.0,0.0,0.0,0.0,0.2123,0.8601,0.4295,,,5580.0,5580.0,9077.0,14371.0,1.0,46.0,7.0,1.0,1.0,1.0,1.0,1.0,1.0,0.0,1.0,-0.5415079642494168
1363.0,2.0,7.0,3.0,4.0,1.0,4914.0,0.5895,0.0507,0.1803,0.0409,0.0055,0.002,0.028100000000000003,0.0092,0.0938,0.49190000000000006,0.2672,0.559,0.9604,1108.0,33060.0,33060.0,23564.0,44191.0,1.0,68.0,7.0,1.0,0.0,1.0,1.0,1.0,1.0,1.0,1.0,-1.0592475651458328
2057.0,1.0,2.0,2.0,2.0,1.0,2585.0,0.8008,0.1308,0.017,0.0031000000000000003,0.0015,0.0004,0.0132,0.0143,0.019,0.359,0.47819999999999996,0.4525,,,3540.0,7650.0,9211.0,13964.0,1.0,30.0,2.0,1.0,1.0,0.0,0.0,0.0,0.0,0.0,0.0,-1.032492862709662
1170.0,2.0,8.0,3.0,4.0,1.0,1293.0,0.4277,0.0418,0.11830000000000002,0.1021,0.0008,0.0008,0.0773,0.1671,0.0642,0.0008,0.1178,0.0935,0.1077,1419.0,47395.0,47395.0,18545.0,62010.0,1.0,48.0,2.0,0.0,0.0,1.0,0.0,1.0,0.0,0.0,0.0,-2.048753212874386
24947.0,3.0,2.0,1.0,1.0,1.0,62.0,0.0,0.9839,0.0161,0.0,0.0,0.0,0.0,0.0,0.0,0.3226,0.9908,1.0,,,,,10811.0,15243.0,0.0,1.0,2.0,1.0,1.0,0.0,0.0,0.0,0.0,0.0,0.0,-0.8640205741355594
3998.0,1.0,5.0,2.0,2.0,1.0,7575.0,0.737,0.1707,0.036,0.013299999999999998,0.0038,0.0007,0.0238,0.0032,0.0115,0.542,0.4582,0.3971,,,3853.0,14917.0,8118.0,13001.0,1.0,48.0,2.0,1.0,1.0,0.0,0.0,0.0,0.0,0.0,0.0,-1.283319795061723
7950.0,1.0,3.0,2.0,2.0,1.0,1002.0,0.8234,0.013,0.0838,0.004,0.025,0.0,0.0269,0.003,0.021,0.5788,0.4882,0.1984,,,2416.0,5326.0,3706.0,7934.0,1.0,21.0,2.0,1.0,1.0,0.0,0.0,0.0,0.0,0.0,0.0,-1.3796434003661766
6871.0,1.0,5.0,2.0,2.0,1.0,8921.0,0.453,0.3893,0.0624,0.026,0.0044,0.0039,0.0512,0.0009,0.0089,0.6439,0.4093,0.23109999999999997,,,4169.0,10007.0,7276.0,11208.0,1.0,34.0,2.0,1.0,1.0,0.0,0.0,0.0,0.0,0.0,0.0,-1.3861890924214408
41714.0,3.0,8.0,1.0,1.0,1.0,361.0,0.7174999999999999,0.030500000000000003,0.0831,0.013900000000000001,0.0111,0.0111,0.0637,0.0,0.0693,0.4183,0.47,0.6915,,,,,14211.0,18122.0,0.0,1.0,1.0,1.0,0.0,0.0,0.0,0.0,0.0,0.0,0.0,-1.575859615940893
2239.0,2.0,3.0,3.0,4.0,1.0,1734.0,0.8449,0.0283,0.0571,0.011,0.0052,0.0,0.0179,0.0092,0.0265,0.0946,0.3269,0.6581,0.7201,1090.0,27906.0,27906.0,17465.0,36965.0,1.0,52.0,3.0,0.0,1.0,1.0,0.0,1.0,0.0,0.0,0.0,-0.7681739851162427
4004.0,1.0,5.0,2.0,2.0,1.0,6403.0,0.5405,0.2922,0.0818,0.029,0.0056,0.0017,0.0375,0.0023,0.0092,0.6061,0.2851,0.1302,,,4150.0,9988.0,7096.0,10684.0,1.0,35.0,2.0,1.0,1.0,0.0,0.0,0.0,0.0,0.0,0.0,-1.467704554411252
21102.0,2.0,8.0,3.0,3.0,1.0,307.0,0.43650000000000005,0.1889,0.20850000000000002,0.0326,0.0,0.0,0.0554,0.0619,0.0163,0.1205,0.5191,0.7229,0.7849,,18975.0,18975.0,25921.0,31434.0,1.0,8.0,3.0,1.0,1.0,1.0,0.0,0.0,0.0,0.0,0.0,-0.519127071205288
22612.0,3.0,3.0,1.0,1.0,1.0,239.0,0.5397,0.0753,0.272,0.0837,0.0167,0.0042,0.0084,0.0,0.0,0.6527,0.3857,0.5086,,,,,24379.0,25598.0,0.0,1.0,1.0,1.0,0.0,0.0,0.0,0.0,0.0,0.0,0.0,-1.522624612376476
4882.0,1.0,8.0,3.0,4.0,1.0,847.0,0.7816,0.0071,0.0708,0.0413,0.0012,0.0024,0.0531,0.0012,0.0413,0.7615,0.3125,0.7332,,,,,,,,22.0,5.0,0.0,0.0,1.0,0.0,1.0,1.0,1.0,1.0,-1.8044901196016094
4072.0,2.0,3.0,3.0,4.0,3.0,3754.0,0.5431885189131593,0.1153496537027171,0.07403140649973362,0.008547602557272244,0.0034276238678742675,0.003440809802876931,0.013067021843367074,0.0708621736814065,0.168095631326585,0.33029144912093766,0.35030303676078844,0.6937004528502929,0.641438359083644,987.6453839516824,23132.0,23132.0,19445.46084176878,34322.38412360149,1.0,14.0,3.0,0.0,1.0,1.0,0.0,1.0,0.0,0.0,0.0,-1.1073543129568857
20997.0,3.0,3.0,1.0,1.0,7.0,1184.0,0.6739643581081081,0.22802947635135135,0.052357685810810815,0.00845,0.004232179054054054,0.0,0.023642905405405406,0.0,0.009300675675675676,0.0,0.6793023648648648,0.5390045608108107,,,,,18072.86570945946,21793.733108108107,0.0,4.0,2.0,1.0,1.0,0.0,0.0,0.0,0.0,0.0,0.0,-1.1519035857183333
3892.0,2.0,3.0,3.0,4.0,1.0,2052.0,0.9001,0.0073,0.0288,0.0136,0.007799999999999999,0.0005,0.0185,0.0219,0.0015,0.0122,0.2097,0.663,0.8171,1125.0,33023.0,33023.0,22222.0,41736.0,1.0,47.0,4.0,1.0,0.0,1.0,0.0,1.0,0.0,0.0,1.0,-0.7808581868057862
1606.0,2.0,8.0,3.0,3.0,1.0,2522.0,0.3739,0.0044,0.0539,0.0389,0.0048,0.0801,0.0817,0.3616,0.0008000000000000001,0.0523,0.2415,0.1749,0.3486,1110.0,4940.0,4940.0,11695.0,16128.0,1.0,45.0,4.0,1.0,1.0,1.0,0.0,0.0,0.0,0.0,1.0,-1.7103820184715441
25849.0,3.0,3.0,1.0,1.0,1.0,286.0,0.6399,0.021,0.3147,0.0035000000000000005,0.0105,0.0035000000000000005,0.0035000000000000005,0.0,0.0035000000000000005,0.0,0.6469,0.7335,,,,,13138.0,16485.0,0.0,3.0,1.0,1.0,0.0,0.0,0.0,0.0,0.0,0.0,0.0,-1.3376568168823917
7572.0,2.0,2.0,1.0,3.0,1.0,1735.0,0.411,0.1654,0.1833,0.0173,0.0098,0.0035,0.0905,0.05530000000000001,0.064,0.0,0.3795,0.6799,0.2308,,32620.0,32620.0,34714.0,45059.0,1.0,2.0,2.0,1.0,0.0,1.0,0.0,0.0,0.0,0.0,0.0,-0.5703310080907777
2624.0,1.0,2.0,2.0,2.0,1.0,8086.0,0.7513,0.0613,0.1013,0.0181,0.0028,0.002,0.016,0.0075,0.0397,0.3962,0.2825,0.1842,,,3306.0,5970.0,10098.0,14126.0,1.0,31.0,2.0,1.0,1.0,0.0,0.0,0.0,0.0,0.0,0.0,-1.399878803400386
30258.0,3.0,2.0,1.0,1.0,1.0,226.0,0.292,0.5088,0.1062,0.0133,0.0,0.0,0.0796,0.0,0.0,0.0,0.6677,0.7505,,,,,19460.0,23181.0,0.0,8.0,1.0,1.0,0.0,0.0,0.0,0.0,0.0,0.0,0.0,-1.1641043024554731
25454.0,3.0,2.0,1.0,1.0,1.0,558.0,0.3548,0.6272,0.0054,0.0054,0.0,0.0,0.0072,0.0,0.0,0.0,0.9415999999999999,0.9481,,,,,17692.0,22070.0,0.0,8.0,1.0,1.0,0.0,0.0,0.0,0.0,0.0,0.0,0.0,-1.689694447172669
21178.0,3.0,5.0,1.0,1.0,1.0,91.0,0.9451,0.0549,0.0,0.0,0.0,0.0,0.0,0.0,0.0,0.0,0.7511,0.8597000000000001,,,,,13648.0,16650.0,0.0,1.0,2.0,1.0,1.0,0.0,0.0,0.0,0.0,0.0,0.0,-1.1051597812100875
1374.0,2.0,1.0,3.0,4.0,1.0,1249.0,0.4107,0.3467,0.1529,0.0048,0.0024,0.0016,0.0128,0.0088,0.05920000000000001,0.0825,0.442,0.8002,,,28930.0,28930.0,22893.0,42641.0,1.0,35.0,6.0,1.0,1.0,1.0,0.0,1.0,1.0,0.0,1.0,-0.6639164474793553
3445.0,2.0,5.0,3.0,4.0,1.0,1032.0,0.8062,0.1211,0.0194,0.0145,0.0029,0.0,0.0165,0.0136,0.0058,0.0058,0.2529,0.5085,0.5372,1090.0,34828.0,34828.0,16876.0,46378.0,1.0,32.0,3.0,0.0,0.0,1.0,0.0,0.0,1.0,1.0,0.0,-0.8394761415520443
3631.0,1.0,6.0,3.0,4.0,1.0,10214.0,0.7081,0.0775,0.1581,0.0098,0.0058,0.0008,0.0295,0.0038,0.006600000000000001,0.2116,0.4143,0.5521,0.5254,961.0,6516.0,15204.0,15210.0,17964.0,1.0,76.0,4.0,0.0,1.0,1.0,0.0,1.0,1.0,0.0,0.0,-0.9952107040380727
1694.0,1.0,3.0,3.0,4.0,1.0,3874.0,0.0232,0.7367,0.0746,0.0054,0.0013,0.0003,0.0,0.0392,0.1193,0.3562,0.7118,0.8703,0.2996,870.0,9846.0,16806.0,11125.0,19120.0,1.0,42.0,6.0,0.0,0.0,1.0,1.0,1.0,1.0,1.0,1.0,-0.3342072828783756
3753.0,1.0,5.0,3.0,3.0,1.0,1700.0,0.8141,0.0506,0.0482,0.0441,0.0035,0.0076,0.0165,0.0147,0.0006000000000000001,0.0,0.1463,0.4579,0.44399999999999995,1162.0,15518.0,37574.0,17296.0,25642.0,1.0,16.0,1.0,0.0,0.0,1.0,0.0,0.0,0.0,0.0,0.0,-1.213265895810497
1809.0,1.0,3.0,3.0,4.0,1.0,32252.0,0.7207,0.0399,0.0476,0.0418,0.0011,0.0005,0.0343,0.1096,0.0045,0.0338,0.1643,0.3183,0.7609,1198.0,10388.0,33241.0,14370.0,23716.0,1.0,97.0,7.0,1.0,1.0,1.0,0.0,1.0,1.0,1.0,1.0,-1.1839677884127793
1915.0,1.0,4.0,3.0,4.0,1.0,11298.0,0.5593,0.0364,0.0651,0.0089,0.0042,0.001,0.02,0.2939,0.0112,0.5116,0.2846,0.40540000000000004,0.8789,,4469.0,13159.0,11603.0,15567.0,1.0,54.0,4.0,0.0,1.0,1.0,0.0,1.0,0.0,0.0,1.0,-0.8458273920232288
37663.0,3.0,2.0,1.0,1.0,2.0,232.0,0.48709568965517247,0.2887534482758621,0.11639051724137932,0.03450258620689655,0.0,0.0,0.012932758620689655,0.0,0.060325000000000004,0.44393103448275856,0.6844443965517242,0.938998275862069,,,9884.0,9884.0,21018.366379310344,22983.0,1.0,1.0,1.0,1.0,0.0,0.0,0.0,0.0,0.0,0.0,0.0,-1.3079932499658153
3492.0,2.0,5.0,3.0,4.0,1.0,1310.0,0.8588,0.0511,0.0244,0.0061,0.0023,0.0,0.0191,0.0221,0.016,0.029,0.3249,0.5704,0.9339,1117.0,20468.0,20468.0,16834.0,32282.0,1.0,40.0,4.0,0.0,0.0,1.0,0.0,1.0,1.0,0.0,1.0,-0.7923609365612987
9987.0,2.0,3.0,3.0,4.0,2.0,232.0,0.7845,0.056,0.0776,0.047400000000000005,0.0,0.0043,0.0129,0.0,0.0172,0.3491,0.3939,0.7273,,,,,,,,1.0,4.0,0.0,0.0,1.0,0.0,1.0,1.0,0.0,1.0,-1.357238807227651
11167.0,1.0,1.0,2.0,2.0,1.0,4045.0,0.8351,0.0183,0.0274,0.0119,0.0079,0.0002,0.048,0.0262,0.025,0.7948,0.4157,0.267,,,5886.0,11622.0,10856.0,14946.0,1.0,28.0,3.0,1.0,1.0,1.0,0.0,0.0,0.0,0.0,0.0,-1.2394801578044705
25434.0,3.0,8.0,1.0,1.0,1.0,46.0,0.1739,0.0652,0.5435,0.1957,0.0,0.0,0.0,0.0,0.0217,0.0,0.8076999999999999,0.8013,,,,,21769.0,26820.0,0.0,2.0,1.0,1.0,0.0,0.0,0.0,0.0,0.0,0.0,0.0,-1.979432180100596
6942.0,2.0,6.0,3.0,4.0,1.0,2044.0,0.5528,0.271,0.0714,0.0029,0.0362,0.0044,0.0391,0.0044,0.0176,0.2319,0.064,0.0735,,,16230.0,16230.0,21495.0,27355.0,1.0,26.0,4.0,1.0,1.0,1.0,0.0,1.0,0.0,0.0,0.0,-0.5580232497760694
6753.0,1.0,3.0,2.0,2.0,1.0,7934.0,0.7494,0.1206,0.0412,0.0154,0.0029,0.0016,0.0258,0.0,0.043,0.557,0.2826,0.1127,,,3750.0,9300.0,8729.0,13090.0,1.0,51.0,2.0,1.0,1.0,0.0,0.0,0.0,0.0,0.0,0.0,-1.4347099232995515
9401.0,2.0,7.0,3.0,4.0,1.0,3657.0,0.6918000000000001,0.0922,0.1165,0.0139,0.0066,0.0022,0.0386,0.0014,0.03690000000000001,0.5835,0.3087,0.5214,0.9432,,26430.0,26430.0,23698.0,38130.0,1.0,35.0,6.0,1.0,1.0,1.0,1.0,1.0,0.0,0.0,1.0,-0.5770228419717565
3125.0,1.0,3.0,3.0,4.0,3.0,31401.0,0.7398099487277475,0.08984122161714596,0.025856982261711407,0.027934986146937995,0.002244903028565969,0.000991955670201586,0.025385863507531605,0.03489530906659024,0.053011496449157675,0.189260762396102,0.29748709276774626,0.5404808923282698,0.7578000000000001,1165.0,9729.077290532148,23339.480207636698,19838.878570746154,23928.335212254387,1.0,158.0,8.0,1.0,1.0,1.0,1.0,1.0,1.0,1.0,1.0,-0.9475157636875992
10779.0,3.0,1.0,1.0,1.0,8.0,2378.0,0.5017,0.1543,0.2401,0.0168,0.0071,0.0004,0.0551,0.0004,0.024,0.3339,0.5962,0.7232,,,17220.0,17220.0,23754.0,29057.0,1.0,10.0,1.0,1.0,0.0,0.0,0.0,0.0,0.0,0.0,0.0,-1.2429050143277234
30425.0,3.0,8.0,1.0,2.0,2.0,611.0,0.7495725040916531,0.024552209492635025,0.11618657937806873,0.026223731587561375,0.026224877250409163,0.009844353518821604,0.03271227495908347,0.0,0.014767103109656298,0.004909983633387889,0.6434787234042554,0.47490572831423905,0.9760808510638298,,,,21712.0,25057.0,0.0,8.0,2.0,1.0,1.0,0.0,0.0,0.0,0.0,0.0,0.0,-1.371254446163824
2189.0,1.0,1.0,3.0,4.0,1.0,5429.0,0.7849,0.0429,0.0829,0.0116,0.0024,0.0006,0.0416,0.0033,0.0298,0.1035,0.3352,0.6244,0.7456,997.0,8682.0,14762.0,16861.0,20536.0,1.0,35.0,4.0,0.0,0.0,1.0,1.0,1.0,0.0,0.0,1.0,-0.9375007243800072
33394.0,2.0,7.0,3.0,4.0,1.0,44499.0,0.7284,0.0882,0.0776,0.0359,0.0062,0.0053,0.0303,0.0011,0.0268,0.0,0.3717,0.5943,,,6070.0,6070.0,10431.0,13270.0,1.0,25.0,4.0,0.0,0.0,1.0,1.0,1.0,0.0,0.0,1.0,-1.6961568753182894
3127.0,2.0,3.0,3.0,4.0,1.0,8305.0,0.7894,0.0283,0.0315,0.0138,0.001,0.0002,0.0135,0.1117,0.0105,0.0508,0.1159,0.4905,0.5901,1194.0,37230.0,37230.0,33236.0,49540.0,1.0,90.0,6.0,1.0,0.0,1.0,0.0,1.0,1.0,1.0,1.0,-1.1783174704035446
6612.0,2.0,6.0,1.0,1.0,1.0,327.0,0.5688,0.0367,0.2691,0.0183,0.0031000000000000003,0.0031000000000000003,0.0306,0.0,0.0703,0.0,0.3699,0.7241,0.5,,4675.0,4675.0,,,,2.0,3.0,1.0,1.0,1.0,0.0,0.0,0.0,0.0,0.0,-1.8033861701075866
39803.0,1.0,8.0,3.0,4.0,1.0,5649.0,0.3452,0.0281,0.4572,0.0542,0.0044,0.0012,0.0462,0.0023,0.0611,0.1501,0.4556,0.41670000000000007,0.7241,,6521.0,17681.0,14586.0,22555.0,1.0,31.0,3.0,0.0,0.0,1.0,0.0,1.0,0.0,0.0,1.0,-1.4215327965459097
1799.0,2.0,3.0,3.0,4.0,1.0,746.0,0.6769,0.0402,0.13,0.0174,0.0,0.0,0.0335,0.09520000000000002,0.006699999999999999,0.060300000000000006,0.308,0.599,0.54,1109.0,29700.0,29700.0,17869.0,38153.0,1.0,40.0,2.0,0.0,0.0,1.0,0.0,1.0,0.0,0.0,0.0,-0.8157838217960435
2128.0,2.0,1.0,3.0,4.0,1.0,9483.0,0.6075,0.0401,0.1014,0.0952,0.0006,0.0001,0.0303,0.05500000000000001,0.0697,0.014599999999999998,0.1335,0.3903,0.3391,1380.0,47436.0,47436.0,33464.0,60690.0,1.0,62.0,5.0,0.0,0.0,1.0,0.0,1.0,1.0,1.0,1.0,-1.6993459671918518
9704.0,1.0,8.0,2.0,2.0,1.0,2983.0,0.40830000000000005,0.0647,0.0677,0.1016,0.0064,0.002,0.0758,0.1385,0.1351,0.5018,0.1293,0.0203,,,3862.0,9052.0,4604.0,11256.0,1.0,28.0,3.0,1.0,1.0,1.0,0.0,0.0,0.0,0.0,0.0,-1.1273915590877135
3411.0,2.0,1.0,3.0,4.0,1.0,2081.0,0.7823,0.0187,0.0687,0.013,0.0024,0.0,0.0197,0.0159,0.0793,0.0586,0.196,0.7631,0.7099,,35690.0,35690.0,30950.0,49636.0,1.0,43.0,5.0,0.0,0.0,1.0,1.0,1.0,1.0,0.0,1.0,-0.9942800507358494
31152.0,3.0,1.0,1.0,1.0,2.0,328.0,0.719533536585366,0.04269634146341464,0.1677219512195122,0.03656951219512195,0.006110975609756099,0.0,0.0,0.0,0.02745914634146341,0.1554682926829268,0.7718780487804878,0.775169512195122,0.7804359756097561,,,,11733.737804878048,17607.15243902439,0.0,10.0,1.0,1.0,0.0,0.0,0.0,0.0,0.0,0.0,0.0,-1.6257463099186906
2713.0,2.0,2.0,3.0,4.0,1.0,1483.0,0.3338,0.1625,0.267,0.0816,0.0007,0.0,0.0054,0.0121,0.1369,0.1443,0.42760000000000004,0.8788,0.6281,872.0,25702.0,25702.0,20126.0,37205.0,1.0,27.0,5.0,0.0,1.0,1.0,0.0,1.0,1.0,1.0,0.0,-0.8947973961355967
31085.0,2.0,5.0,3.0,4.0,3.0,1284.0,0.588,0.169,0.1503,0.0202,0.006999999999999999,0.0031,0.0498,0.0008,0.0117,0.0,0.6965,0.9822000000000001,0.8588,,16000.0,16000.0,33863.0,38384.0,1.0,15.0,2.0,0.0,0.0,1.0,0.0,1.0,0.0,0.0,0.0,-0.19931065727409325
38743.0,3.0,8.0,1.0,2.0,2.0,237.0,0.32909367088607594,0.05065189873417721,0.5147835443037975,0.046416455696202535,0.021118987341772155,0.0,0.004226582278481013,0.0,0.03377594936708861,0.0,0.6654139240506328,0.5119582278481013,0.8536632911392404,,,,19875.632911392404,24048.493670886077,0.0,4.0,2.0,1.0,1.0,0.0,0.0,0.0,0.0,0.0,0.0,-1.2996465543942184
9618.0,3.0,6.0,1.0,2.0,4.0,2129.0,0.4697307656176609,0.1921189760450916,0.09392865194927195,0.006577970878346642,0.08970930014091122,0.001845514325974636,0.03194142790042273,0.0013947393142320337,0.11272170032879285,0.0,0.5359819633630813,0.5740840770314701,,,,,22844.31892907468,27008.66651009864,0.0,5.0,2.0,1.0,1.0,0.0,0.0,0.0,0.0,0.0,0.0,-1.4639130806749898
2760.0,2.0,2.0,3.0,4.0,1.0,1754.0,0.2822,0.0792,0.1306,0.0108,0.0011,0.0006,0.0171,0.0867,0.3917,0.0268,0.3374,0.6556,0.7386,,36220.0,36220.0,23162.0,49126.0,1.0,48.0,4.0,0.0,0.0,1.0,0.0,1.0,1.0,0.0,1.0,-0.8558100996907155
41492.0,3.0,5.0,1.0,1.0,1.0,174.0,0.7701,0.19540000000000002,0.023,0.0057,0.0,0.0,0.0,0.0057,0.0,0.0,0.636,0.7281,,,,,16740.0,20876.0,0.0,1.0,1.0,1.0,0.0,0.0,0.0,0.0,0.0,0.0,0.0,-0.907485682086596
41707.0,3.0,4.0,1.0,1.0,1.0,169.0,0.6095,0.3077,0.0178,0.0178,0.0,0.0,0.0355,0.0,0.0118,0.0059,0.4462,0.5981,,,,,15287.0,17964.0,0.0,1.0,1.0,1.0,0.0,0.0,0.0,0.0,0.0,0.0,0.0,-1.2147555069379985
2233.0,2.0,1.0,3.0,4.0,1.0,4123.0,0.6216,0.0235,0.0791,0.0473,0.001,0.0,0.0303,0.1307,0.0665,0.0223,0.1471,0.5793,0.4378,,44222.0,44222.0,35187.0,57637.0,1.0,46.0,3.0,0.0,0.0,1.0,0.0,1.0,1.0,0.0,0.0,-1.34344484961253
9841.0,1.0,5.0,3.0,4.0,1.0,13884.0,0.6937,0.0957,0.0965,0.0427,0.0012,0.0006,0.0521,0.0148,0.0026,0.2933,0.3212,0.4,0.6057,1133.0,6385.0,20789.0,11870.0,20102.0,1.0,54.0,5.0,0.0,1.0,1.0,0.0,1.0,1.0,1.0,0.0,-1.288619982579036
2808.0,2.0,2.0,3.0,4.0,1.0,1965.0,0.7354,0.1191,0.0595,0.0198,0.0036,0.002,0.0071,0.0076,0.0458,0.1471,0.3536,0.6746,0.549,,24990.0,24990.0,16663.0,34193.0,1.0,41.0,7.0,1.0,0.0,1.0,1.0,1.0,1.0,1.0,1.0,-1.0288625201638777
2360.0,1.0,4.0,3.0,4.0,1.0,12332.0,0.7797,0.05,0.0358,0.0354,0.0022,0.0005,0.0246,0.05360000000000001,0.0184,0.1101,0.2869,0.5862,0.6658,1010.0,7574.0,15053.0,13898.0,17355.0,1.0,96.0,8.0,1.0,1.0,1.0,1.0,1.0,1.0,1.0,1.0,-0.9921245493898962
37303.0,1.0,5.0,1.0,2.0,1.0,6895.0,0.4039,0.42539999999999994,0.0323,0.0204,0.0029,0.0017,0.0206,0.0218,0.0709,0.40830000000000005,0.4123,0.32570000000000005,,,3693.0,7771.0,7625.0,12100.0,1.0,33.0,2.0,1.0,1.0,0.0,0.0,0.0,0.0,0.0,0.0,-1.0215837753762687
41833.0,3.0,3.0,1.0,1.0,1.0,136.0,0.0515,0.9411999999999999,0.0,0.0,0.0,0.0,0.0,0.0,0.0073999999999999995,0.0882,0.919,0.881,,,,,15510.0,18237.0,0.0,1.0,1.0,1.0,0.0,0.0,0.0,0.0,0.0,0.0,0.0,-1.1582099425967927
3827.0,1.0,5.0,3.0,4.0,3.0,24370.0,0.8066567090685268,0.0548701066885515,0.03595459581452606,0.014909068526877308,0.002165387771850636,0.0008440295445219533,0.03172687730816578,0.04920851456709069,0.0036700861715223635,0.053097455888387365,0.2784479277800575,0.5210066064833813,0.8463583477883782,1064.8417172593236,6731.207221994256,19431.150184653263,10059.93270414444,17238.25256462864,1.0,107.0,5.0,0.0,1.0,1.0,0.0,1.0,1.0,1.0,0.0,-0.9107465021076249
2668.0,2.0,2.0,3.0,4.0,1.0,1842.0,0.6911,0.0787,0.0706,0.0212,0.0016,0.0,0.0266,0.0185,0.0917,0.0179,0.3929,0.7872,0.6944,1064.0,26026.0,26026.0,19791.0,39758.0,1.0,40.0,4.0,0.0,0.0,1.0,0.0,1.0,1.0,0.0,1.0,-0.7473621641921778
2957.0,2.0,5.0,3.0,4.0,1.0,1621.0,0.5521,0.17640000000000003,0.0617,0.0265,0.0043,0.0006,0.0142,0.0654,0.0987,0.16219999999999998,0.308,0.6505,0.7844999999999999,1051.0,30910.0,30910.0,24290.0,43239.0,1.0,44.0,3.0,0.0,0.0,1.0,0.0,1.0,0.0,0.0,1.0,-0.8359133015205655
2218.0,2.0,1.0,3.0,4.0,1.0,5274.0,0.3917,0.0559,0.11469999999999998,0.0794,0.0013,0.00019999999999999998,0.0207,0.21690000000000004,0.11909999999999998,0.0497,0.2955,0.5815,0.8390999999999998,1049.0,32660.0,32660.0,27209.0,46152.0,1.0,89.0,8.0,1.0,1.0,1.0,1.0,1.0,1.0,1.0,1.0,-0.9204992017736555
1728.0,1.0,3.0,2.0,2.0,1.0,2747.0,0.0899,0.0309,0.8329,0.0091,0.0004,0.0017999999999999997,0.0004,0.0,0.0346,0.5734,0.5778,0.0422,,,3508.0,9652.0,3746.0,8673.0,1.0,26.0,2.0,1.0,1.0,0.0,0.0,0.0,0.0,0.0,0.0,-1.667848319980523
33674.0,3.0,6.0,1.0,2.0,3.0,1156.0,0.5173164359861592,0.20240795847750867,0.0614060553633218,0.016441176470588237,0.13321262975778547,0.0008719723183391004,0.03112629757785467,0.0,0.03717785467128028,0.0,0.7520183391003461,0.717281141868512,,,,,19851.910034602075,23175.382352941175,0.0,18.0,2.0,1.0,1.0,0.0,0.0,0.0,0.0,0.0,0.0,-1.179881831348002
1359.0,1.0,7.0,2.0,2.0,1.0,670.0,0.7209,0.0448,0.11040000000000001,0.0045,0.0119,0.0030000000000000005,0.0463,0.009,0.0493,0.2746,0.23199999999999998,0.254,,,3718.0,5917.0,10603.0,16462.0,1.0,15.0,2.0,1.0,1.0,0.0,0.0,0.0,0.0,0.0,0.0,-1.288451810903875
25395.0,1.0,8.0,1.0,2.0,2.0,11622.0,0.3486,0.0219,0.2471,0.2476,0.0007000000000000001,0.002,0.048600000000000004,0.0661,0.0174,0.6088,0.1422,0.014,,,1326.0,6030.0,10944.0,17407.0,1.0,59.0,2.0,1.0,1.0,0.0,0.0,0.0,0.0,0.0,0.0,-2.023196737520759
23142.0,3.0,2.0,1.0,1.0,1.0,31.0,0.4194,0.22580000000000003,0.2581,0.0,0.0,0.0,0.0323,0.0,0.0645,0.0,0.4225,0.493,,,,,15822.0,18698.0,0.0,1.0,1.0,1.0,0.0,0.0,0.0,0.0,0.0,0.0,0.0,-1.4491244508782823
2498.0,2.0,4.0,3.0,4.0,1.0,9750.0,0.6031,0.1917,0.1309,0.0215,0.0073,0.0043,0.030199999999999998,0.0111,0.0,0.879,0.3334,0.465,0.6663,,11170.0,11170.0,9723.0,19322.0,1.0,67.0,6.0,1.0,1.0,1.0,1.0,1.0,0.0,0.0,1.0,-0.9542336029864872
21816.0,3.0,1.0,1.0,1.0,2.0,176.0,0.6705,0.0966,0.22730000000000003,0.0057,0.0,0.0,0.0,0.0,0.0,0.0,0.5286,0.6027,,,,,15760.0,19237.0,0.0,1.0,1.0,1.0,0.0,0.0,0.0,0.0,0.0,0.0,0.0,-1.1546959924441702
7600.0,3.0,5.0,1.0,1.0,1.0,87.0,0.5862,0.2529,0.0,0.1609,0.0,0.0,0.0,0.0,0.0,0.0,0.9615000000000001,0.9615000000000001,,,,,15668.0,19325.0,0.0,2.0,1.0,1.0,0.0,0.0,0.0,0.0,0.0,0.0,0.0,-1.0937052744688993
41166.0,3.0,5.0,2.0,2.0,1.0,150.0,0.6333,0.2,0.10669999999999999,0.006700000000000001,0.0,0.02,0.02,0.0,0.0133,0.0,0.6728,0.9031999999999999,,,14224.0,14224.0,20060.0,24358.0,1.0,3.0,2.0,1.0,1.0,0.0,0.0,0.0,0.0,0.0,0.0,-0.8318485192859756
3072.0,2.0,3.0,3.0,4.0,1.0,1496.0,0.8409,0.0842,0.0247,0.0074,0.0013,0.002,0.0247,0.013400000000000002,0.0013,0.113,0.407,0.7434,0.7174000000000001,1045.0,26416.0,26416.0,19475.0,36369.0,1.0,45.0,2.0,0.0,0.0,1.0,0.0,1.0,0.0,0.0,0.0,-0.6208108278838037
2758.0,2.0,2.0,3.0,4.0,1.0,3471.0,0.5621,0.0375,0.191,0.04,0.002,0.0,0.0199,0.0268,0.1207,0.0562,0.2871,0.6242,0.6654,1097.0,37188.0,37188.0,28117.0,48454.0,1.0,52.0,3.0,0.0,0.0,1.0,0.0,1.0,0.0,0.0,1.0,-1.1999184426517375
3402.0,2.0,1.0,3.0,4.0,1.0,3302.0,0.7283,0.0421,0.0654,0.0421,0.0036,0.0015,0.0109,0.0812,0.0248,0.021199999999999997,0.16640000000000002,0.6027,0.7508,,38574.0,38574.0,39908.0,52507.0,1.0,30.0,3.0,0.0,0.0,1.0,0.0,1.0,0.0,0.0,1.0,-1.2096699789553287
22512.0,1.0,2.0,1.0,1.0,1.0,84.0,0.9762,0.0,0.0238,0.0,0.0,0.0,0.0,0.0,0.0,0.0238,0.5701,0.8318,,,,,11468.0,15154.0,0.0,2.0,1.0,1.0,0.0,0.0,0.0,0.0,0.0,0.0,0.0,-1.1686186489476658
30215.0,3.0,6.0,1.0,1.0,4.0,59.0,0.1017,0.06779999999999999,0.8304999999999999,0.0,0.0,0.0,0.0,0.0,0.0,0.0,0.95,0.6875,,,,,10832.0,15995.0,0.0,2.0,1.0,1.0,0.0,0.0,0.0,0.0,0.0,0.0,0.0,-1.491585291851772
1906.0,1.0,4.0,2.0,2.0,1.0,7218.0,0.62,0.0995,0.1226,0.0398,0.0136,0.0,0.0,0.0159,0.08869999999999999,0.4909,0.3472,0.2937,,,2964.0,5034.0,9061.0,12154.0,1.0,52.0,2.0,1.0,1.0,0.0,0.0,0.0,0.0,0.0,0.0,-1.3672086196567896
3216.0,1.0,8.0,3.0,4.0,1.0,19662.0,0.6014,0.0348,0.11110000000000002,0.0768,0.014399999999999998,0.0073,0.0553,0.052,0.047,0.2923,0.4065,0.5142,0.6933,1030.0,7794.0,23319.0,13992.0,20318.0,1.0,101.0,5.0,0.0,0.0,1.0,1.0,1.0,1.0,0.0,1.0,-1.0383961200086915
2170.0,1.0,1.0,2.0,2.0,1.0,6234.0,0.6039,0.0632,0.23310000000000003,0.0196,0.0053,0.0003,0.0294,0.0047,0.0406,0.521,0.5237,0.2803,,,3838.0,8782.0,6807.0,11001.0,1.0,43.0,2.0,1.0,1.0,0.0,0.0,0.0,0.0,0.0,0.0,-1.508163314129743
3485.0,2.0,5.0,3.0,4.0,1.0,1167.0,0.6504,0.1243,0.0317,0.0086,0.0026,0.0,0.0,0.0343,0.1482,0.1568,0.368,0.6438,0.4642,1044.0,20200.0,20200.0,18316.0,33764.0,1.0,35.0,3.0,0.0,1.0,1.0,0.0,1.0,0.0,0.0,0.0,-1.167330315496274
1185.0,1.0,8.0,2.0,2.0,1.0,2635.0,0.5772,0.0228,0.1609,0.0334,0.0694,0.0076,0.0717,0.0,0.0569,0.5442,0.4060000000000001,0.0404,,,1182.0,6846.0,4991.0,11425.0,1.0,41.0,2.0,1.0,1.0,0.0,0.0,0.0,0.0,0.0,0.0,-1.5008543866725326
21758.0,2.0,5.0,2.0,2.0,1.0,151.0,0.8477,0.1391,0.0066,0.0,0.0,0.0066,0.0,0.0,0.0,0.8013,0.4792,0.7778,,,,,,,,2.0,2.0,1.0,1.0,0.0,0.0,0.0,0.0,0.0,0.0,-1.3717963280777594
1951.0,2.0,5.0,3.0,3.0,1.0,657.0,0.9696,0.0060999999999999995,0.003,0.0,0.003,0.0046,0.0015,0.0015,0.0107,0.0457,0.5737,0.6815,0.3617,1008.0,10980.0,10980.0,11724.0,21391.0,1.0,15.0,1.0,0.0,0.0,1.0,0.0,0.0,0.0,0.0,0.0,-0.7276242762234562
30071.0,3.0,5.0,1.0,1.0,1.0,43.0,0.7907,0.093,0.093,0.0233,0.0,0.0,0.0,0.0,0.0,0.0,0.8635999999999999,0.75,,,,,11398.0,14344.0,0.0,1.0,1.0,1.0,0.0,0.0,0.0,0.0,0.0,0.0,0.0,-0.7988529974191915
2650.0,2.0,6.0,3.0,4.0,1.0,366.0,0.1639,0.123,0.4372,0.0055,0.0109,0.0082,0.0,0.0055,0.24590000000000004,0.3497,0.4182,0.5472,,,14616.0,14616.0,14024.0,25380.0,1.0,29.0,3.0,0.0,0.0,1.0,0.0,1.0,0.0,0.0,1.0,-0.7564218770731918
3606.0,1.0,6.0,3.0,4.0,1.0,16819.0,0.54,0.1875,0.1888,0.0128,0.0046,0.0017,0.0299,0.0128,0.0219,0.1942,0.4279,0.5782,0.7367,1000.0,7294.0,15982.0,12237.0,19721.0,1.0,77.0,4.0,0.0,0.0,1.0,0.0,1.0,1.0,0.0,1.0,-0.9026144125051638
21250.0,3.0,8.0,1.0,1.0,1.0,157.0,0.5287,0.0255,0.2994,0.11460000000000001,0.0,0.0127,0.0,0.0,0.0191,0.5414,0.5836,0.5563,,,,,13513.0,17980.0,0.0,1.0,1.0,1.0,0.0,0.0,0.0,0.0,0.0,0.0,0.0,-1.3492188268705754
1102.0,2.0,5.0,3.0,3.0,1.0,1455.0,0.8426,0.079,0.0399,0.0089,0.0069,0.0007,0.0,0.022,0.0,0.0082,0.289,0.5431,0.7061,1112.0,23320.0,23320.0,18488.0,32560.0,1.0,46.0,2.0,0.0,1.0,1.0,0.0,0.0,0.0,0.0,0.0,-0.8980348412555145
3576.0,2.0,6.0,3.0,4.0,1.0,2279.0,0.2826,0.2018,0.2694,0.1303,0.0044,0.0031,0.0483,0.036,0.0241,0.0627,0.4896,0.5749,0.3573,1054.0,28800.0,28800.0,20075.0,36782.0,1.0,50.0,2.0,0.0,0.0,1.0,0.0,1.0,0.0,0.0,0.0,-0.9043479572157546
9284.0,3.0,2.0,1.0,1.0,2.0,306.0,0.356178431372549,0.16994771241830064,0.4542575163398693,0.003248366013071896,0.003248366013071896,0.0,0.009818954248366015,0.0,0.003254901960784314,0.33985098039215683,0.6517326797385621,0.7607869281045752,,,,,16685.679738562092,21125.666666666668,0.0,1.0,1.0,1.0,0.0,0.0,0.0,0.0,0.0,0.0,0.0,-1.0855796820834918
40386.0,1.0,5.0,2.0,0.0,1.0,1887.0,0.8967,0.0753,0.0042,0.006900000000000001,0.015399999999999999,0.0,0.0,0.0,0.0016,0.389,,,,,4188.0,9374.0,,,,51.0,2.0,1.0,1.0,0.0,0.0,0.0,0.0,0.0,0.0,-1.3101103097368914
21173.0,1.0,3.0,1.0,1.0,1.0,230.0,0.7783,0.1652,0.0174,0.0,0.0043,0.0043,0.0304,0.0,0.0,0.0,0.5109,0.6253,,,,,17041.0,21867.0,0.0,13.0,1.0,1.0,0.0,0.0,0.0,0.0,0.0,0.0,0.0,-2.305544346444872
20788.0,3.0,7.0,1.0,1.0,1.0,63.0,0.7778,0.0794,0.0952,0.0159,0.0,0.0317,0.0,0.0,0.0,0.0,1.0,0.8333,,,,,11761.0,16574.0,0.0,1.0,1.0,1.0,0.0,0.0,0.0,0.0,0.0,0.0,0.0,-1.0235697097113474
3461.0,2.0,4.0,3.0,4.0,1.0,765.0,0.9007,0.017,0.0288,0.0026,0.0118,0.0,0.0209,0.0157,0.0026,0.1176,0.38770000000000004,0.7815,0.7342999999999998,1044.0,23650.0,23650.0,17186.0,32693.0,1.0,44.0,3.0,0.0,1.0,1.0,0.0,1.0,0.0,0.0,0.0,-0.6880974148908013
1061.0,2.0,8.0,3.0,4.0,1.0,275.0,0.5309,0.029099999999999997,0.0364,0.0255,0.1855,0.0109,0.0945,0.0,0.0873,0.3745,0.3152,0.5297,0.4207,1054.0,19610.0,19610.0,25616.0,42640.0,1.0,20.0,8.0,1.0,1.0,1.0,1.0,1.0,1.0,1.0,1.0,-0.836989593142022
3496.0,2.0,5.0,3.0,4.0,1.0,2344.0,0.8084,0.061000000000000006,0.0201,0.0043,0.0026,0.0009,0.0196,0.028199999999999996,0.05499999999999999,0.0337,0.4595,0.6876,0.5668,1042.0,25708.0,25708.0,17708.0,36619.0,1.0,43.0,6.0,0.0,1.0,1.0,0.0,1.0,1.0,1.0,1.0,-0.9669587758883686
3470.0,1.0,4.0,3.0,4.0,1.0,2336.0,0.839,0.0197,0.0402,0.0154,0.0171,0.0021,0.0372,0.0223,0.0068,0.12159999999999999,0.2564,0.552,0.8802,1181.0,10040.0,13560.0,17723.0,20994.0,1.0,28.0,5.0,0.0,1.0,1.0,0.0,1.0,1.0,0.0,1.0,-0.984392342108234
23209.0,3.0,5.0,1.0,1.0,1.0,301.0,0.24920000000000003,0.6412,0.0399,0.013299999999999998,0.0,0.0,0.0498,0.0,0.0066,0.2625,0.6,0.6677,,,15401.0,15401.0,22368.0,26795.0,1.0,4.0,1.0,1.0,0.0,0.0,0.0,0.0,0.0,0.0,0.0,-1.2036674945657593
3810.0,1.0,5.0,3.0,4.0,1.0,2234.0,0.8483,0.073,0.013,0.0063,0.004,0.0009000000000000001,0.0,0.0542,0.0004,0.0909,0.4964,0.7187,0.7088,999.0,6580.0,14276.0,7478.0,13861.0,1.0,27.0,4.0,1.0,0.0,1.0,0.0,1.0,0.0,0.0,1.0,-0.815107253312273
26105.0,3.0,4.0,1.0,1.0,1.0,230.0,0.8348,0.0391,0.0696,0.0,0.0043,0.013,0.0348,0.0,0.0043,0.0,0.5411,0.5703,,,,,13512.0,17725.0,0.0,1.0,1.0,1.0,0.0,0.0,0.0,0.0,0.0,0.0,0.0,-1.4389464959545695
2130.0,2.0,1.0,3.0,4.0,1.0,16457.0,0.4564,0.0342,0.0971,0.1341,0.0007,0.001,0.0368,0.1859,0.0537,0.0227,0.1424,0.3981,0.3451,1300.0,46664.0,46664.0,34592.0,61396.0,1.0,146.0,7.0,1.0,0.0,1.0,1.0,1.0,1.0,1.0,1.0,-1.275398842293278
2681.0,2.0,2.0,3.0,4.0,1.0,2736.0,0.7445,0.0705,0.05039999999999999,0.0212,0.0022,0.0007,0.0172,0.0446,0.0486,0.0132,0.2964,0.6715,0.8023,1085.0,34000.0,34000.0,20026.0,45339.0,1.0,59.0,5.0,1.0,1.0,1.0,0.0,1.0,0.0,0.0,1.0,-0.917214016855576
31081.0,3.0,8.0,1.0,1.0,1.0,663.0,0.1584,0.1433,0.4811,0.0543,0.007500000000000001,0.0528,0.0226,0.0,0.0799,0.0,0.9186999999999999,1.0,,,,,21247.0,26660.0,0.0,12.0,1.0,1.0,0.0,0.0,0.0,0.0,0.0,0.0,0.0,-1.6653953129485277
1537.0,1.0,5.0,3.0,4.0,3.0,35798.0,0.5525531035253367,0.1038785518744064,0.19423951338063575,0.05794807810492206,0.0022799877088105483,0.0028742108497681437,0.03561901782222471,0.03636512095647801,0.014242415777417732,0.25006618526174645,0.4176898709425108,0.47565525448349066,0.5034611430806191,1159.3090675456729,6308.146516565172,17222.14651656517,10012.864908654115,18947.03751606235,1.0,107.0,6.0,0.0,1.0,1.0,0.0,1.0,1.0,1.0,1.0,-1.166297261025447
11145.0,1.0,6.0,2.0,2.0,1.0,59920.0,0.3226,0.18919999999999998,0.3527,0.0569,0.0024,0.0,0.0281,0.019,0.0292,0.6862999999999999,0.3405,0.1984,,,1504.0,3544.0,5631.0,9819.0,1.0,47.0,3.0,1.0,1.0,0.0,1.0,0.0,0.0,0.0,0.0,-1.59694155250014
21435.0,2.0,1.0,3.0,3.0,1.0,113.0,0.7257000000000001,0.0265,0.0265,0.0088,0.0,0.0,0.0088,0.0265,0.177,0.0619,0.5086,0.6207,0.9853,,33492.0,33492.0,20101.0,41092.0,1.0,4.0,1.0,0.0,0.0,1.0,0.0,0.0,0.0,0.0,0.0,-0.28462305058551657
2983.0,1.0,5.0,2.0,2.0,1.0,1983.0,0.8946,0.0373,0.0414,0.0055,0.002,0.0,0.0141,0.003,0.002,0.2713,0.5068,0.1649,,,2444.0,8588.0,4985.0,9984.0,1.0,28.0,2.0,1.0,1.0,0.0,0.0,0.0,0.0,0.0,0.0,-1.5161139555038172
23260.0,3.0,6.0,1.0,1.0,1.0,69.0,0.2609,0.1884,0.5072,0.014499999999999999,0.0,0.0,0.028999999999999998,0.0,0.0,0.7246,0.6602,0.5437,,,,,15792.0,21437.0,0.0,1.0,1.0,1.0,0.0,0.0,0.0,0.0,0.0,0.0,0.0,-1.350856158386588
40834.0,3.0,5.0,2.0,2.0,2.0,189.0,0.4868,0.3175,0.127,0.0159,0.0,0.0,0.0529,0.0,0.0,0.0423,0.8694,0.8843,,,,,23714.0,27150.0,0.0,5.0,2.0,1.0,1.0,0.0,0.0,0.0,0.0,0.0,0.0,-0.5991922724361213
12268.0,3.0,6.0,1.0,1.0,2.0,141.0,0.5390127659574468,0.06382765957446809,0.31204680851063826,0.014195744680851063,0.0,0.0,0.0,0.0,0.0709659574468085,0.0,0.5675297872340426,0.0,,,,,9579.808510638299,13682.425531914894,0.0,1.0,2.0,1.0,1.0,0.0,0.0,0.0,0.0,0.0,0.0,-1.2678350581643671
1429.0,2.0,2.0,3.0,4.0,1.0,629.0,0.44830000000000003,0.2925,0.0366,0.0445,0.0063999999999999994,0.0,0.0382,0.1272,0.0063999999999999994,0.2194,0.3755,0.6494,0.5095,,22500.0,22500.0,19000.0,33225.0,1.0,13.0,5.0,1.0,1.0,1.0,0.0,1.0,0.0,0.0,1.0,-1.1533810182098758
1852.0,2.0,4.0,3.0,4.0,1.0,933.0,0.8692,0.0332,0.045,0.0075,0.0011,0.0,0.0171,0.0129,0.013899999999999997,0.1061,0.3867,0.7745,0.7049,1029.0,28900.0,28900.0,23216.0,39916.0,1.0,31.0,5.0,0.0,1.0,1.0,0.0,1.0,1.0,1.0,0.0,-0.7292073220644881
3434.0,2.0,5.0,3.0,4.0,1.0,2796.0,0.7961000000000001,0.0508,0.0383,0.0182,0.0011,0.0,0.0265,0.04789999999999999,0.0211,0.0379,0.1341,0.3132,0.6871,,44668.0,44668.0,29080.0,57276.0,1.0,42.0,3.0,0.0,0.0,1.0,0.0,1.0,0.0,0.0,1.0,-1.0824974766702575
20735.0,1.0,5.0,1.0,2.0,1.0,1067.0,0.8397,0.0356,0.0534,0.0084,0.0112,0.0028,0.0412,0.0028,0.0047,0.298,0.5855,0.2269,,,2262.0,3942.0,1778.0,8037.0,1.0,21.0,2.0,1.0,1.0,0.0,0.0,0.0,0.0,0.0,0.0,-1.1903981574694111
2518.0,1.0,4.0,3.0,4.0,1.0,8127.0,0.5735,0.1561,0.0748,0.0666,0.003,0.0011,0.0394,0.0425,0.0431,0.1872,0.3212,0.4844,0.6426,1129.0,7774.0,18222.0,18802.0,24436.0,1.0,74.0,7.0,1.0,0.0,1.0,1.0,1.0,1.0,1.0,1.0,-1.1570824344040742
5294.0,1.0,3.0,1.0,2.0,1.0,5304.0,0.7839000000000002,0.0865,0.066,0.0215,0.0058,0.0007999999999999999,0.019,0.0007999999999999999,0.015599999999999998,0.69,0.2414,0.2747,,,4200.0,5964.0,10481.0,14119.0,1.0,46.0,2.0,1.0,1.0,0.0,0.0,0.0,0.0,0.0,0.0,-1.3629830857105438
39483.0,2.0,2.0,3.0,4.0,1.0,304.0,0.4276,0.3454,0.0888,0.0428,0.0099,0.0,0.0526,0.013200000000000002,0.0197,0.0691,0.6263,0.7647,,,23900.0,23900.0,11650.0,27300.0,1.0,12.0,2.0,0.0,0.0,1.0,0.0,1.0,0.0,0.0,0.0,-0.6625734189769387
3737.0,2.0,5.0,3.0,4.0,1.0,1875.0,0.6512,0.144,0.056,0.0347,0.0219,0.0053,0.0,0.0539,0.0331,0.0277,0.2223,0.6791,0.8259,994.0,30188.0,30188.0,27360.0,42847.0,1.0,46.0,7.0,1.0,0.0,1.0,1.0,1.0,1.0,1.0,1.0,-0.8490049738680474
6811.0,1.0,2.0,2.0,2.0,1.0,5566.0,0.7471999999999999,0.0469,0.1031,0.0138,0.0022,0.0018000000000000002,0.0088,0.00039999999999999996,0.0758,0.4993000000000001,0.4193,0.3193,,,4590.0,12330.0,7121.0,11020.0,1.0,64.0,2.0,1.0,1.0,0.0,0.0,0.0,0.0,0.0,0.0,-1.3018499346258718
13231.0,1.0,6.0,3.0,4.0,1.0,2991.0,0.3664,0.1622,0.3417,0.0769,0.0023,0.0017,0.0241,0.0164,0.0084,0.4858,0.4344,0.4964,0.5576,,6748.0,17608.0,9383.0,17981.0,1.0,31.0,2.0,0.0,0.0,1.0,0.0,1.0,0.0,0.0,0.0,-1.0545780978081098
1142.0,1.0,8.0,3.0,4.0,1.0,16439.0,0.1588,0.0653,0.5831,0.0605,0.0016,0.0024,0.0259,0.0624,0.04,0.1065,0.6281,0.4476,0.8445,884.0,6550.0,17710.0,6712.0,16206.0,1.0,70.0,6.0,1.0,0.0,1.0,1.0,1.0,1.0,1.0,0.0,-1.4050937737123275
1031.0,1.0,5.0,2.0,2.0,1.0,2225.0,0.867,0.0225,0.0665,0.0054,0.0265,0.0009,0.0054,0.0045,0.0013,0.4117,0.5893,0.0,,,4260.0,7650.0,3049.0,8145.0,1.0,17.0,2.0,1.0,1.0,0.0,0.0,0.0,0.0,0.0,0.0,-1.7445704815075584
9914.0,1.0,5.0,2.0,2.0,1.0,4626.0,0.8994999999999999,0.027,0.0229,0.0084,0.0039,0.0004,0.0244,0.0028,0.0106,0.4981,0.4524,0.2057,0.9873,910.0,3831.0,14895.0,7929.0,13550.0,1.0,26.0,2.0,1.0,1.0,0.0,0.0,0.0,0.0,0.0,0.0,-1.5393037633533566
23411.0,3.0,5.0,1.0,1.0,3.0,352.0,0.42048607954545464,0.5312383522727273,0.036945454545454545,0.0028397727272727272,0.0,0.0056565340909090905,0.002833806818181818,0.0,0.0,0.2869125,0.7580318181818182,0.6407443181818183,,,,,14444.647727272728,18990.457386363636,0.0,1.0,1.0,1.0,0.0,0.0,0.0,0.0,0.0,0.0,0.0,-1.4545813957624556
1773.0,1.0,3.0,2.0,2.0,1.0,9366.0,0.3429,0.1922,0.3451,0.0318,0.0022,0.0016,0.0133,0.0002,0.0706,0.6444,0.2991,0.0495,,,3638.0,11018.0,5345.0,9752.0,1.0,50.0,2.0,1.0,1.0,0.0,0.0,0.0,0.0,0.0,0.0,-1.4890806537391046
2548.0,2.0,4.0,3.0,4.0,1.0,1135.0,0.8326,0.0352,0.0573,0.0141,0.0053,0.0035,0.0273,0.0185,0.0062,0.0115,0.3059,0.644,0.6965,1079.0,26280.0,26280.0,18805.0,36689.0,1.0,44.0,2.0,0.0,0.0,1.0,0.0,1.0,0.0,0.0,0.0,-0.6419123639946974
3069.0,2.0,3.0,3.0,4.0,1.0,1449.0,0.7108,0.1449,0.0669,0.006899999999999999,0.0055,0.0021,0.0297,0.0028,0.0304,0.3043,0.5127,0.814,0.6455,950.0,18353.0,18353.0,19013.0,28789.0,1.0,30.0,5.0,1.0,1.0,1.0,0.0,1.0,0.0,0.0,1.0,-0.5784842722398056
3714.0,2.0,5.0,3.0,4.0,1.0,3456.0,0.0246,0.947,0.0107,0.0061,0.0014,0.0,0.0003,0.0098,0.0,0.0561,0.38,0.7469,0.2906,999.0,21760.0,21760.0,26326.0,33798.0,1.0,65.0,7.0,1.0,1.0,1.0,0.0,1.0,1.0,1.0,1.0,-0.8438273826526679
12203.0,2.0,2.0,2.0,2.0,1.0,131.0,0.9008,0.061099999999999995,0.0305,0.0076,0.0,0.0,0.0,0.0,0.0,0.916,0.3902,0.5935,1.0,,10575.0,10575.0,16895.0,16895.0,1.0,1.0,1.0,0.0,1.0,0.0,0.0,0.0,0.0,0.0,0.0,-1.4456695241725712
1787.0,2.0,3.0,3.0,4.0,1.0,1520.0,0.7704,0.1059,0.0632,0.0072,0.0033,0.005299999999999999,0.0283,0.0132,0.0033,0.1928,0.5106,0.7631,0.7053,1040.0,25830.0,25830.0,17891.0,34378.0,1.0,45.0,3.0,0.0,1.0,1.0,0.0,1.0,0.0,0.0,0.0,-0.6700832409613937
2919.0,1.0,5.0,1.0,2.0,1.0,3478.0,0.6857,0.2004,0.0535,0.0164,0.0069,0.0006,0.0216,0.0,0.014999999999999998,0.5081,0.5966,0.301,,,2438.0,8582.0,8270.0,12826.0,1.0,36.0,2.0,1.0,1.0,0.0,0.0,0.0,0.0,0.0,0.0,-1.2414612487369274
1495.0,2.0,5.0,3.0,4.0,1.0,3164.0,0.5076,0.1533,0.0727,0.015199999999999998,0.0041,0.0022,0.0303,0.03,0.1846,0.33340000000000003,0.2989,0.5061,0.5607,,31370.0,31370.0,21397.0,42630.0,1.0,68.0,5.0,0.0,0.0,1.0,0.0,1.0,1.0,1.0,1.0,-1.1286122998292314
21122.0,3.0,2.0,1.0,2.0,1.0,427.0,0.7611000000000001,0.1148,0.0398,0.0211,0.0023,0.0023,0.0375,0.0,0.0211,0.0,0.7502999999999999,0.84,,,,,12201.0,16844.0,0.0,11.0,2.0,1.0,1.0,0.0,0.0,0.0,0.0,0.0,0.0,-0.9366683572259564
20983.0,3.0,6.0,1.0,2.0,2.0,1519.0,0.16325115207373272,0.05269835418038183,0.7518002633311389,0.009886043449637921,0.003985582620144832,0.005289071757735352,0.000661685319289006,0.000661685319289006,0.011831336405529955,0.23044483212639896,0.792368926925609,0.6947930875576038,,,,,22384.661619486506,26418.232389730085,0.0,9.0,2.0,1.0,1.0,0.0,0.0,0.0,0.0,0.0,0.0,-0.7384667727435195
21686.0,2.0,3.0,3.0,3.0,1.0,555.0,0.0252,0.5946,0.209,0.1189,0.0036,0.0018,0.0234,0.0162,0.0072,0.0072,0.7997,0.8026,,,19545.0,19545.0,29205.0,32738.0,1.0,12.0,3.0,1.0,1.0,1.0,0.0,0.0,0.0,0.0,0.0,-0.10464507413874626
11865.0,3.0,8.0,1.0,1.0,1.0,195.0,0.2462,0.0769,0.5949,0.0359,0.0,0.0,0.0308,0.0,0.0154,0.0,0.5159,0.5446,,,,,15333.0,18423.0,0.0,1.0,1.0,1.0,0.0,0.0,0.0,0.0,0.0,0.0,0.0,-1.1167633111620567
4579.0,3.0,3.0,2.0,3.0,2.0,726.0,0.8071669421487605,0.050963636363636364,0.05785619834710744,0.005515702479338842,0.0027669421487603305,0.001365289256198347,0.04544132231404959,0.001365289256198347,0.0275099173553719,0.0,0.6482479338842976,0.939300826446281,0.6491752066115704,,13880.0,13880.0,16527.867768595042,21999.561983471074,1.0,14.0,3.0,1.0,1.0,1.0,0.0,0.0,0.0,0.0,0.0,-1.1565142531662345
3614.0,1.0,6.0,2.0,2.0,1.0,3999.0,0.0893,0.0118,0.871,0.003,0.0103,0.0003,0.0033,0.0,0.0113,0.5211,0.4638,0.0741,,,2020.0,4012.0,6688.0,12008.0,1.0,21.0,2.0,1.0,1.0,0.0,0.0,0.0,0.0,0.0,0.0,-1.7467564794906207
34096.0,3.0,2.0,1.0,1.0,1.0,311.0,0.0,1.0,0.0,0.0,0.0,0.0,0.0,0.0,0.0,0.46299999999999997,0.9309999999999999,1.0,,,,,7297.0,11649.0,0.0,1.0,1.0,1.0,0.0,0.0,0.0,0.0,0.0,0.0,0.0,-1.2707589161654018
3721.0,1.0,5.0,3.0,4.0,1.0,18697.0,0.7753,0.0419,0.0522,0.0443,0.0016,0.0018000000000000002,0.0357,0.0186,0.0285,0.0389,0.1394,0.3824,0.6573,1153.0,9662.0,24522.0,18412.0,22601.0,1.0,59.0,6.0,1.0,0.0,1.0,0.0,1.0,1.0,1.0,1.0,-1.2474663874767933
8189.0,3.0,2.0,1.0,1.0,2.0,220.0,0.4454409090909091,0.4408931818181818,0.0681909090909091,0.0,0.02727272727272727,0.0,0.018202272727272727,0.0,0.0,0.3772636363636363,0.717690909090909,0.686390909090909,,,,,14704.022727272728,18853.772727272728,0.0,1.0,1.0,1.0,0.0,0.0,0.0,0.0,0.0,0.0,0.0,-1.2540028663062988
1641.0,2.0,3.0,3.0,4.0,1.0,4585.0,0.7014,0.0519,0.0606,0.0301,0.002,0.0011,0.0146,0.0096,0.1287,0.0469,0.2466,0.6966,0.643,1162.0,30844.0,30844.0,26096.0,42090.0,1.0,76.0,6.0,1.0,0.0,1.0,0.0,1.0,1.0,1.0,1.0,-0.9066443548223497
2563.0,2.0,4.0,3.0,4.0,1.0,747.0,0.5957,0.0656,0.162,0.0268,0.008,0.0067,0.0522,0.0736,0.0094,0.045500000000000006,0.35319999999999996,0.7112999999999999,0.5214,1030.0,21080.0,21080.0,19584.0,31910.0,1.0,30.0,3.0,0.0,1.0,1.0,0.0,1.0,0.0,0.0,0.0,-0.7123141665180375
6477.0,2.0,5.0,2.0,3.0,1.0,434.0,0.8594,0.0853,0.027600000000000003,0.0115,0.0,0.0,0.0161,0.0,0.0,0.6014,0.3858,0.7361,0.8913000000000001,970.0,11636.0,11636.0,13990.0,21262.0,1.0,9.0,4.0,1.0,1.0,1.0,0.0,1.0,0.0,0.0,0.0,-1.299987281509171
3647.0,2.0,6.0,3.0,4.0,1.0,2223.0,0.5623,0.0387,0.1804,0.057600000000000005,0.0022,0.0004,0.0472,0.0738,0.0373,0.0099,0.1555,0.3799,0.4842,1281.0,36214.0,36214.0,25202.0,48598.0,1.0,47.0,2.0,0.0,0.0,1.0,0.0,1.0,0.0,0.0,0.0,-1.138552130679175
3854.0,2.0,3.0,3.0,4.0,1.0,2262.0,0.683,0.0544,0.0385,0.0225,0.0111,0.0013,0.0088,0.0239,0.1565,0.5942,0.3402,0.645,0.547,949.0,24090.0,24090.0,20575.0,34385.0,1.0,37.0,4.0,0.0,1.0,1.0,0.0,1.0,0.0,0.0,1.0,-0.8057791946764913
6399.0,2.0,4.0,3.0,4.0,1.0,588.0,0.9133,0.017,0.0238,0.0255,0.0051,0.0,0.0153,0.0,0.0,0.4745,0.3477,0.7049,0.573,1050.0,13592.0,13592.0,21429.0,23203.0,1.0,8.0,4.0,0.0,1.0,1.0,0.0,1.0,1.0,0.0,0.0,-1.0422187472200217
5310.0,2.0,2.0,1.0,2.0,1.0,382.0,0.822,0.0602,0.0209,0.0157,0.0052,0.0105,0.034,0.0,0.0314,0.0,0.4181,0.7486000000000002,,,19125.0,19125.0,28309.0,32451.0,1.0,9.0,2.0,1.0,1.0,0.0,0.0,0.0,0.0,0.0,0.0,-1.695443059713957
3624.0,1.0,6.0,3.0,4.0,1.0,10692.0,0.5666,0.21749999999999997,0.1525,0.0097,0.0053,0.0006,0.027500000000000004,0.0072,0.0131,0.1284,0.41570000000000007,0.5944,0.5851,998.0,8892.0,19752.0,14858.0,22544.0,1.0,74.0,3.0,0.0,0.0,1.0,0.0,1.0,1.0,0.0,0.0,-0.7515555189623587
3590.0,1.0,6.0,2.0,2.0,1.0,6973.0,0.5345,0.1536,0.2663,0.0133,0.0026,0.0006,0.0255,0.0003,0.0033,0.494,0.4735,0.4106,,,2760.0,4560.0,7468.0,13202.0,1.0,49.0,2.0,1.0,1.0,0.0,0.0,0.0,0.0,0.0,0.0,-1.3163571663490028
3946.0,1.0,9.0,3.0,4.0,2.0,1971.0,0.0533,0.725,0.0741,0.0051,0.002,0.0,0.0101,0.0589,0.0715,0.3059,0.5161,0.3224,0.9707,796.0,4794.0,13174.0,11672.0,16540.0,1.0,28.0,4.0,1.0,1.0,1.0,0.0,1.0,0.0,0.0,0.0,-0.8339696369957782
1486.0,2.0,5.0,3.0,4.0,1.0,1478.0,0.0047,0.7233,0.0433,0.002,0.0,0.0,0.0068,0.1252,0.0947,0.044,0.7594,0.7739,0.20540000000000003,,14776.0,14776.0,16531.0,25090.0,1.0,36.0,2.0,0.0,0.0,1.0,0.0,1.0,0.0,0.0,0.0,-0.1974085834659094
22127.0,3.0,2.0,1.0,1.0,1.0,230.0,0.6652,0.0826,0.17830000000000001,0.013,0.0,0.0043,0.0174,0.0,0.0391,0.813,0.2871,0.5314,,,,,10924.0,13454.0,0.0,3.0,1.0,1.0,0.0,0.0,0.0,0.0,0.0,0.0,0.0,-2.2396409217185287
2458.0,2.0,4.0,2.0,3.0,1.0,269.0,0.6431,0.0483,0.1041,0.0037,0.0223,0.0037,0.05949999999999999,0.1152,0.0,0.0074,0.4693,0.6643,0.7063,1019.0,19300.0,19300.0,16910.0,29170.0,1.0,12.0,2.0,0.0,1.0,1.0,0.0,0.0,0.0,0.0,0.0,-0.620633516057761
30611.0,3.0,5.0,1.0,1.0,1.0,202.0,0.8168,0.104,0.0693,0.0099,0.0,0.0,0.0,0.0,0.0,0.0,0.562,0.49599999999999994,,,,,9289.0,12058.0,0.0,4.0,1.0,1.0,0.0,0.0,0.0,0.0,0.0,0.0,0.0,-0.9666636028019637
2461.0,2.0,4.0,3.0,4.0,1.0,3790.0,0.8222000000000002,0.038000000000000006,0.0507,0.0113,0.0098,0.0018,0.0208,0.0454,0.0,0.2731,0.5091,0.576,0.7441,1185.0,23885.0,23885.0,21824.0,33480.0,1.0,64.0,3.0,0.0,1.0,1.0,0.0,1.0,0.0,0.0,0.0,-0.6625587240438716
13240.0,3.0,8.0,1.0,1.0,1.0,132.0,0.7197,0.0303,0.1818,0.0227,0.015200000000000002,0.0,0.0,0.0,0.0303,0.0,0.4369,0.5971,,,,,13752.0,16184.0,0.0,1.0,1.0,1.0,0.0,0.0,0.0,0.0,0.0,0.0,0.0,-0.8522220381527462
1563.0,2.0,5.0,3.0,3.0,1.0,727.0,0.7055999999999999,0.1829,0.0481,0.0083,0.0,0.0028,0.0083,0.044,0.0,0.0248,0.4547,0.5993,0.4912000000000001,960.0,18170.0,18170.0,15308.0,26177.0,1.0,20.0,2.0,0.0,1.0,1.0,0.0,0.0,0.0,0.0,0.0,-0.4515402896980681
10618.0,2.0,3.0,2.0,3.0,1.0,58.0,0.8966000000000001,0.0345,0.0,0.0,0.0,0.0,0.069,0.0,0.0,0.0,0.5556,0.746,,,10550.0,10550.0,18165.0,21357.0,1.0,1.0,3.0,1.0,1.0,1.0,0.0,0.0,0.0,0.0,0.0,-0.9822308264508798
32423.0,3.0,8.0,1.0,1.0,1.0,651.0,0.2688,0.086,0.4194,0.1751,0.012300000000000002,0.0046,0.0046,0.0046,0.024600000000000004,0.0092,0.6351,0.731,,,,,22314.0,28104.0,0.0,5.0,3.0,1.0,1.0,1.0,0.0,0.0,0.0,0.0,0.0,-0.5581309001193593
6577.0,2.0,2.0,1.0,1.0,1.0,265.0,0.8906,0.0453,0.0075,0.0189,0.0,0.0,0.0151,0.0,0.0226,0.1736,0.2919,0.6676,0.871,,14620.0,14620.0,23825.0,26230.0,1.0,1.0,1.0,1.0,0.0,0.0,0.0,0.0,0.0,0.0,0.0,-1.252327023359424
21553.0,2.0,8.0,1.0,4.0,5.0,16.0,0.5,0.1875,0.1875,0.0,0.0,0.0,0.0,0.0,0.125,1.0,,,,,,,,,,9.0,5.0,0.0,0.0,1.0,0.0,1.0,1.0,1.0,1.0,-1.0455454927314145
2460.0,2.0,4.0,3.0,3.0,1.0,931.0,0.739,0.1278,0.0473,0.0043,0.0032,0.0075,0.0172,0.05369999999999999,0.0,0.0419,0.5084,0.8024,0.5772,986.0,24050.0,24050.0,17989.0,34565.0,1.0,33.0,2.0,0.0,0.0,1.0,0.0,1.0,0.0,0.0,0.0,-0.5725428611302861
11519.0,3.0,4.0,1.0,1.0,1.0,229.0,0.7511,0.0349,0.1921,0.0044,0.0044,0.0044,0.0,0.0,0.0087,0.0,0.6471,0.5829,,,,,11366.0,16372.0,0.0,1.0,1.0,1.0,0.0,0.0,0.0,0.0,0.0,0.0,0.0,-0.6519779035218745
37894.0,1.0,5.0,1.0,2.0,1.0,1451.0,0.5644,0.3467,0.0462,0.0048,0.0021,0.0028,0.0159,0.0041,0.013100000000000002,0.4431,0.1952,0.1621,,,3556.0,7284.0,6832.0,11851.0,1.0,10.0,2.0,1.0,1.0,0.0,0.0,0.0,0.0,0.0,0.0,-1.1486714885408467
4988.0,1.0,5.0,1.0,2.0,1.0,2769.0,0.714,0.2019,0.026400000000000003,0.0105,0.0033000000000000004,0.0014,0.0339,0.0029,0.0058,0.5771,0.2689,0.0444,,,4248.0,10068.0,3872.0,8640.0,1.0,36.0,2.0,1.0,1.0,0.0,0.0,0.0,0.0,0.0,0.0,-1.4461207104374045
40063.0,3.0,3.0,1.0,1.0,1.0,114.0,0.6228,0.2895,0.0702,0.0175,0.0,0.0,0.0,0.0,0.0,0.114,0.3857999999999999,0.3937,,,,,7660.0,12507.0,0.0,1.0,1.0,1.0,0.0,0.0,0.0,0.0,0.0,0.0,0.0,-1.1944182133392347
1980.0,2.0,5.0,3.0,4.0,1.0,1329.0,0.8247,0.1196,0.0173,0.0045,0.0038,0.0,0.0,0.0301,0.0,0.0263,0.4890999999999999,0.5362,1.0,966.0,18290.0,18290.0,17759.0,32707.0,1.0,27.0,4.0,0.0,1.0,1.0,0.0,1.0,0.0,1.0,0.0,-0.8468832752773082
26200.0,1.0,3.0,1.0,1.0,1.0,82.0,0.6829,0.23169999999999996,0.012199999999999999,0.012199999999999999,0.0,0.0,0.048799999999999996,0.0,0.012199999999999999,0.1829,0.7195,0.75,,,,,13756.0,16419.0,0.0,8.0,1.0,1.0,0.0,0.0,0.0,0.0,0.0,0.0,0.0,-1.0263559351793823
2415.0,2.0,5.0,3.0,4.0,1.0,2942.0,0.6625,0.1876,0.0258,0.0177,0.0048,0.001,0.011599999999999997,0.0462,0.0428,0.0962,0.359,0.5759,0.6304,1120.0,15458.0,15458.0,16167.0,27468.0,1.0,52.0,5.0,0.0,0.0,1.0,0.0,1.0,1.0,1.0,1.0,-0.7468985624845413
3896.0,1.0,3.0,3.0,4.0,1.0,21577.0,0.6933,0.0863,0.0862,0.0628,0.0046,0.0007,0.0337,0.0308,0.0014999999999999998,0.145,0.3573,0.6305,0.8955,1010.0,9391.0,19120.0,16942.0,20715.0,1.0,109.0,8.0,1.0,1.0,1.0,1.0,1.0,1.0,1.0,1.0,-0.8716571345905737
41455.0,3.0,7.0,1.0,1.0,2.0,97.0,0.8557,0.0,0.0722,0.0206,0.0206,0.0,0.0206,0.0103,0.0,0.5876,0.6296,0.0,,,,,20220.0,23043.0,0.0,1.0,1.0,1.0,0.0,0.0,0.0,0.0,0.0,0.0,0.0,-1.264562132936386
3911.0,2.0,3.0,3.0,4.0,1.0,2019.0,0.9004,0.0158,0.0243,0.0183,0.004,0.0005,0.0188,0.0149,0.003,0.2377,0.3521,0.7412,0.6914,1089.0,23790.0,23790.0,17149.0,34310.0,1.0,50.0,8.0,1.0,1.0,1.0,1.0,1.0,1.0,1.0,1.0,-0.800385931229544
31107.0,3.0,2.0,1.0,1.0,1.0,320.0,0.2844,0.2906,0.20939999999999998,0.028100000000000003,0.0031,0.0,0.1344,0.0,0.05,0.0469,0.5299,0.6727,,,17997.0,17997.0,23983.0,27676.0,1.0,1.0,1.0,1.0,0.0,0.0,0.0,0.0,0.0,0.0,0.0,-0.2781217479512858
5387.0,1.0,3.0,1.0,2.0,1.0,3699.0,0.84,0.0138,0.0216,0.0692,0.0087,0.0022,0.011600000000000001,0.0,0.033,0.5737,0.4615,0.4346,,,4148.0,6036.0,9881.0,14061.0,1.0,52.0,2.0,1.0,1.0,0.0,0.0,0.0,0.0,0.0,0.0,-1.790091412127358
21643.0,3.0,3.0,1.0,1.0,1.0,42.0,0.5714,0.1429,0.21430000000000002,0.0476,0.0,0.0,0.0,0.0,0.0238,0.1429,0.5833,0.5238,,,,,12672.0,15600.0,0.0,2.0,1.0,1.0,0.0,0.0,0.0,0.0,0.0,0.0,0.0,-0.9119698839613926
34283.0,1.0,8.0,2.0,2.0,1.0,920.0,0.7217,0.0152,0.113,0.0185,0.0533,0.0033,0.0,0.0076,0.0674,0.6076,0.5146,0.5867,,,3687.0,6495.0,6727.0,10530.0,1.0,28.0,2.0,1.0,1.0,0.0,0.0,0.0,0.0,0.0,0.0,-0.6757484122503106
6257.0,2.0,3.0,1.0,1.0,1.0,281.0,0.9145999999999999,0.028499999999999998,0.0463,0.0107,0.0,0.0,0.0,0.0,0.0,0.1957,0.5762,0.8996,0.6471,943.0,18710.0,18710.0,26213.0,32375.0,1.0,1.0,1.0,1.0,0.0,0.0,0.0,0.0,0.0,0.0,0.0,-0.911664014893029
3167.0,1.0,6.0,3.0,3.0,1.0,845.0,0.6355,0.0414,0.0651,0.0083,0.1077,0.0,0.0604,0.08050000000000002,0.0012000000000000001,0.0651,0.42789999999999995,0.488,0.6755,1039.0,6270.0,15210.0,6014.0,14731.0,1.0,25.0,1.0,0.0,0.0,1.0,0.0,0.0,0.0,0.0,0.0,-0.6559822838017666
5363.0,1.0,5.0,1.0,2.0,1.0,1668.0,0.0312,0.9604,0.003,0.0006,0.003,0.0,0.0,0.0,0.0017999999999999997,0.1517,0.8377,0.278,,,2734.0,5158.0,6468.0,11502.0,1.0,19.0,2.0,1.0,1.0,0.0,0.0,0.0,0.0,0.0,0.0,-0.5082386739374857
5624.0,1.0,5.0,1.0,2.0,1.0,3177.0,0.4249,0.4614,0.0491,0.012,0.005399999999999999,0.005399999999999999,0.0217,0.0028,0.0173,0.6204,0.6857,0.0,,,2496.0,4440.0,8688.0,14880.0,1.0,46.0,2.0,1.0,1.0,0.0,0.0,0.0,0.0,0.0,0.0,-1.36359695869197
30234.0,3.0,5.0,1.0,1.0,3.0,204.0,0.0441,0.951,0.0049,0.0,0.0,0.0,0.0,0.0,0.0,0.1078,0.7326,0.8062,,,,,17311.0,20049.0,0.0,1.0,1.0,1.0,0.0,0.0,0.0,0.0,0.0,0.0,0.0,0.0177937373764965
20561.0,1.0,4.0,1.0,1.0,1.0,36.0,1.0,0.0,0.0,0.0,0.0,0.0,0.0,0.0,0.0,0.0278,0.5476,0.6667,,,13686.0,13686.0,17364.0,23423.0,1.0,2.0,1.0,1.0,0.0,0.0,0.0,0.0,0.0,0.0,0.0,-1.5123168121554917
26070.0,3.0,3.0,1.0,1.0,1.0,65.0,0.9692,0.0,0.0,0.015400000000000002,0.0,0.0,0.0,0.0,0.015400000000000002,0.0,0.5049,0.534,,,,,8289.0,11732.0,0.0,1.0,1.0,1.0,0.0,0.0,0.0,0.0,0.0,0.0,0.0,-1.3406895521461837
1988.0,2.0,5.0,3.0,4.0,1.0,833.0,0.7623,0.1032,0.0204,0.007200000000000001,0.0048,0.0024,0.0264,0.0672,0.006,0.0612,0.5647,0.7462999999999999,0.7523,970.0,22980.0,22980.0,19088.0,31709.0,1.0,34.0,5.0,1.0,1.0,1.0,0.0,1.0,0.0,0.0,1.0,-0.5493006188137444
38553.0,2.0,5.0,3.0,3.0,1.0,164.0,0.5854,0.122,0.1159,0.012199999999999999,0.0183,0.0,0.0183,0.10369999999999999,0.024399999999999998,0.1707,0.5217,0.6087,0.6429,,15140.0,15140.0,17271.0,26336.0,1.0,10.0,3.0,0.0,1.0,1.0,0.0,1.0,0.0,0.0,0.0,-1.1385890070785596
1865.0,1.0,4.0,2.0,2.0,1.0,3551.0,0.6987,0.1355,0.0696,0.0104,0.0039,0.0028,0.0104,0.0175,0.051300000000000005,0.2112,0.3476,0.4007,,,4710.0,6855.0,7366.0,11132.0,1.0,41.0,2.0,1.0,1.0,0.0,0.0,0.0,0.0,0.0,0.0,-1.3408689842445634
12670.0,3.0,7.0,2.0,2.0,1.0,489.0,0.7239,0.0307,0.1207,0.0164,0.0,0.0,0.0613,0.002,0.045,0.0,0.5347,0.8108,0.8141,,11213.0,11213.0,20440.0,22889.0,1.0,2.0,2.0,1.0,1.0,0.0,0.0,0.0,0.0,0.0,0.0,-0.6622911500834507
6810.0,1.0,2.0,2.0,2.0,1.0,5906.0,0.6346,0.0682,0.1312,0.0195,0.0022,0.0,0.0389,0.0042,0.1011,0.574,0.3346,0.2861,,,3510.0,10050.0,5566.0,9011.0,1.0,55.0,2.0,1.0,1.0,0.0,0.0,0.0,0.0,0.0,0.0,-1.3501017857986546
6807.0,1.0,2.0,2.0,2.0,1.0,1985.0,0.8171,0.0771,0.0252,0.0035,0.0045,0.001,0.0227,0.0,0.0489,0.5199,0.4204,0.4075,,,4590.0,12990.0,8893.0,12779.0,1.0,49.0,2.0,1.0,1.0,0.0,0.0,0.0,0.0,0.0,0.0,-1.105756845483662
2023.0,2.0,5.0,3.0,4.0,1.0,846.0,0.5071,0.24590000000000004,0.0709,0.046099999999999995,0.0047,0.0,0.0201,0.0,0.1052,0.4102,0.5381,0.7219,0.5618,,10310.0,10310.0,10131.0,15775.0,1.0,25.0,5.0,0.0,1.0,1.0,1.0,1.0,1.0,0.0,0.0,-0.6025969083360561
1913.0,1.0,4.0,2.0,2.0,1.0,1187.0,0.4103,0.134,0.4179,0.0101,0.0059,0.0017000000000000001,0.0168,0.0034000000000000002,0.0,0.2511,0.3529,0.1378,,,2250.0,3000.0,6552.0,10879.0,1.0,57.0,2.0,1.0,1.0,0.0,0.0,0.0,0.0,0.0,0.0,-1.641354920447445
1998.0,1.0,5.0,1.0,2.0,1.0,2366.0,0.9446,0.0224,0.0072,0.0025,0.0017,0.0,0.0152,0.0,0.0063,0.2443,0.3727,0.22219999999999998,,,3624.0,12456.0,5699.0,11356.0,1.0,30.0,2.0,1.0,1.0,0.0,0.0,0.0,0.0,0.0,0.0,-1.4495086571084124
4502.0,1.0,8.0,1.0,2.0,1.0,21683.0,0.23169999999999996,0.079,0.2333,0.3421,0.0024,0.007,0.046,0.0398,0.0187,0.6639,0.2443,0.05210000000000001,,,1290.0,7246.0,3731.0,9829.0,1.0,86.0,3.0,1.0,1.0,0.0,1.0,0.0,0.0,0.0,0.0,-1.7180663850059539
1317.0,1.0,8.0,3.0,4.0,1.0,24801.0,0.2247,0.0117,0.1623,0.3849000000000001,0.0012999999999999997,0.0034,0.04750000000000001,0.1473,0.0169,0.026000000000000002,0.4006,0.4124,0.3329,1313.0,13427.0,36305.0,14136.0,30092.0,1.0,83.0,4.0,0.0,0.0,1.0,0.0,1.0,1.0,1.0,0.0,-1.7011404193849615
2862.0,1.0,2.0,2.0,2.0,1.0,5556.0,0.5844,0.025,0.052899999999999996,0.0059,0.0018,0.0,0.0022,0.0319,0.2959,0.2277,0.4983000000000001,0.47250000000000003,,,4695.0,8803.0,5696.0,10659.0,1.0,51.0,2.0,1.0,1.0,0.0,0.0,0.0,0.0,0.0,0.0,-1.1966963953551597
22796.0,3.0,5.0,1.0,1.0,1.0,187.0,0.5882,0.1551,0.1444,0.0321,0.010699999999999998,0.010699999999999998,0.0374,0.0,0.021399999999999995,0.4171,0.782,0.9204,,,,,20337.0,24123.0,0.0,1.0,1.0,1.0,0.0,0.0,0.0,0.0,0.0,0.0,0.0,-1.3566065783495733
2466.0,1.0,4.0,3.0,3.0,1.0,1256.0,0.0756,0.8272000000000002,0.0167,0.0016000000000000003,0.0008000000000000001,0.0,0.0247,0.006400000000000001,0.047,0.2309,0.7558,0.8398,,,5210.0,9853.0,9064.0,14587.0,1.0,17.0,2.0,1.0,0.0,1.0,0.0,0.0,0.0,0.0,0.0,-0.18142129308451124
2229.0,2.0,1.0,3.0,4.0,1.0,2019.0,0.5557,0.0713,0.1204,0.109,0.001,0.0,0.0713,0.0713,0.0,0.0,0.1875,0.2634,0.1932,1452.0,48310.0,48310.0,21762.0,61850.0,1.0,31.0,2.0,0.0,0.0,1.0,0.0,1.0,0.0,0.0,0.0,-1.9384715781926032
30300.0,1.0,5.0,1.0,2.0,1.0,2217.0,0.5286,0.419,0.0244,0.0068,0.0023,0.0005,0.0167,0.0018,0.0,0.6545,0.7089,0.56,,,2812.0,4948.0,8556.0,13967.0,1.0,52.0,2.0,1.0,1.0,0.0,0.0,0.0,0.0,0.0,0.0,-1.190663575527828
2441.0,1.0,5.0,3.0,4.0,1.0,11939.0,0.6135,0.3061,0.0335,0.0121,0.0034,0.0012,0.0181,0.007000000000000001,0.0051,0.1142,0.48649999999999993,0.66,0.6674,1029.0,6980.0,15550.0,12549.0,19493.0,1.0,80.0,6.0,1.0,0.0,1.0,1.0,1.0,1.0,0.0,1.0,-0.6738510916182159
7582.0,1.0,7.0,1.0,2.0,1.0,3683.0,0.5721,0.0174,0.3617,0.0119,0.0054,0.0022,0.0201,0.0005,0.0087,0.5246,0.4105,0.3197,,,1835.0,10424.0,9486.0,14170.0,1.0,35.0,2.0,1.0,1.0,0.0,0.0,0.0,0.0,0.0,0.0,-1.8116031602269356
9941.0,1.0,3.0,2.0,2.0,1.0,985.0,0.931,0.0294,0.0061,0.002,0.0132,0.0,0.0173,0.0,0.001,0.3533,0.587,0.5338,,,3596.0,6030.0,5354.0,8488.0,1.0,32.0,2.0,1.0,1.0,0.0,0.0,0.0,0.0,0.0,0.0,-1.3959933719757207
31042.0,1.0,5.0,2.0,2.0,1.0,483.0,0.5321,0.0642,0.0186,0.0207,0.0,0.0062,0.022799999999999997,0.0,0.3354,0.824,0.2584,0.7105000000000001,0.1719,1013.0,13412.0,13412.0,14252.0,21184.0,1.0,5.0,3.0,1.0,1.0,0.0,1.0,0.0,0.0,0.0,0.0,-1.4383176491524143
3240.0,1.0,2.0,2.0,2.0,1.0,3217.0,0.8122,0.0289,0.0165,0.0065,0.0019,0.0006,0.0109,0.0019,0.1206,0.4774999999999999,0.3755,0.2425,,,3810.0,9570.0,4522.0,8490.0,1.0,57.0,2.0,1.0,1.0,0.0,0.0,0.0,0.0,0.0,0.0,-1.356179765731391
11744.0,3.0,3.0,1.0,1.0,1.0,46.0,0.6957000000000001,0.2391,0.0,0.0217,0.0435,0.0,0.0,0.0,0.0,0.0,0.6429,0.6349,,,,,11485.0,15712.0,0.0,1.0,1.0,1.0,0.0,0.0,0.0,0.0,0.0,0.0,0.0,-1.2030723516691841
1294.0,1.0,8.0,2.0,2.0,1.0,17057.0,0.2711,0.0568,0.5064,0.1208,0.0163,0.0112,0.0,0.0032,0.0141,0.5726,0.2921,0.0168,,,1336.0,5452.0,4535.0,10840.0,1.0,77.0,2.0,1.0,1.0,0.0,0.0,0.0,0.0,0.0,0.0,-2.186300933461398
1920.0,2.0,4.0,2.0,2.0,1.0,426.0,0.6667,0.0728,0.0845,0.0141,0.0023,0.0047,0.0258,0.115,0.0141,0.1526,0.4247,0.773,,,24214.0,24214.0,20043.0,35636.0,1.0,6.0,2.0,0.0,1.0,1.0,0.0,0.0,0.0,0.0,0.0,-1.3757177925541455
2335.0,1.0,4.0,2.0,2.0,1.0,2353.0,0.7862,0.051,0.1113,0.011,0.0017,0.0017,0.0183,0.0149,0.0038,0.5516,0.3752,0.4005,,,5522.0,5522.0,9758.0,13512.0,1.0,39.0,2.0,1.0,1.0,0.0,0.0,0.0,0.0,0.0,0.0,-1.327229719817561
32943.0,3.0,5.0,1.0,1.0,8.0,2531.0,0.34333943105491904,0.5590647965231135,0.06713295140260767,0.011457882259976295,0.009876570525483998,0.0019696562623468983,0.0023724219676017383,0.0,0.004739865665744765,0.32161821414460684,0.7756366653496641,0.7565368233899644,,,,,15533.741209008296,20351.93678387989,0.0,7.0,2.0,1.0,1.0,0.0,0.0,0.0,0.0,0.0,0.0,-0.8477639171793967
3431.0,2.0,5.0,3.0,4.0,1.0,822.0,0.6277,0.0876,0.0633,0.0036,0.0,0.0,0.045000000000000005,0.0146,0.1582,0.0888,0.4424,0.7681,0.5348,1045.0,16500.0,16500.0,18163.0,40977.0,1.0,35.0,3.0,0.0,0.0,1.0,0.0,1.0,0.0,0.0,1.0,-0.4144860254032589
3396.0,2.0,2.0,3.0,4.0,1.0,516.0,0.6376,0.0601,0.0213,0.0097,0.0058,0.0019,0.0194,0.0446,0.1996,0.314,0.3695,0.634,0.3128,976.0,24380.0,24380.0,19495.0,41015.0,1.0,36.0,3.0,0.0,1.0,1.0,0.0,1.0,0.0,0.0,0.0,-0.4981199050560608
22022.0,3.0,8.0,1.0,1.0,1.0,77.0,0.9481000000000002,0.013,0.026,0.0,0.0,0.0,0.013,0.0,0.0,0.0,0.8036,0.7024,,,,,8107.0,11933.0,0.0,1.0,1.0,1.0,0.0,0.0,0.0,0.0,0.0,0.0,0.0,-0.8323310587538846
7731.0,1.0,2.0,2.0,2.0,1.0,6579.0,0.5521,0.10000000000000002,0.18260000000000004,0.05000000000000001,0.0024,0.004,0.0226,0.0269,0.0594,0.5138,0.21990000000000004,0.0924,,,3856.0,4456.0,4697.0,8012.0,1.0,51.0,2.0,1.0,1.0,0.0,0.0,0.0,0.0,0.0,0.0,-1.5228420335287696
1869.0,1.0,4.0,3.0,4.0,1.0,28336.0,0.765,0.0259,0.044899999999999995,0.0279,0.0023,0.0009,0.021599999999999998,0.0698,0.041499999999999995,0.0401,0.2184,0.5224,0.8691,1145.0,7731.0,20617.0,14100.0,18828.0,1.0,119.0,6.0,1.0,0.0,1.0,0.0,1.0,1.0,1.0,1.0,-1.0194607351952916
1848.0,1.0,4.0,2.0,2.0,1.0,1786.0,0.827,0.0515,0.0487,0.0073,0.0095,0.0011,0.0308,0.009,0.0151,0.2867,0.4967,0.3724,,,4590.0,4740.0,7385.0,11592.0,1.0,24.0,2.0,1.0,1.0,0.0,0.0,0.0,0.0,0.0,0.0,-1.122816977364927
10542.0,3.0,5.0,1.0,1.0,14.0,1447.0,0.44644581893572904,0.32204602626123013,0.12924015203870073,0.01589253628196268,0.01935563234277816,0.0027666205943331027,0.029024533517622672,0.0,0.035258258465791295,0.2052516240497581,0.6998686247408431,0.661661575673808,,,,,13661.049067035245,17679.089149965446,0.0,1.0,2.0,1.0,1.0,0.0,0.0,0.0,0.0,0.0,0.0,-0.8076018705853049
3158.0,1.0,6.0,2.0,2.0,1.0,1838.0,0.5664,0.0479,0.068,0.0033,0.1317,0.0005,0.08760000000000001,0.0854,0.0092,0.3934,0.4925,0.3308,,,4148.0,10068.0,7912.0,13967.0,1.0,32.0,2.0,1.0,1.0,0.0,0.0,0.0,0.0,0.0,0.0,-1.0042602911285943
25476.0,3.0,5.0,2.0,4.0,3.0,1798.0,0.0161,0.0295,0.9366,0.0028,0.0028,0.0006,0.0039,0.0078,0.0,0.1913,0.85,0.7198,,,13250.0,13250.0,19477.0,25251.0,1.0,27.0,5.0,1.0,1.0,1.0,0.0,1.0,0.0,0.0,1.0,-0.2080929165498823
3623.0,2.0,6.0,3.0,4.0,1.0,2309.0,0.1511,0.0351,0.6925,0.0238,0.0038999999999999994,0.0026,0.0022,0.060200000000000004,0.028600000000000004,0.0442,0.5328,0.6657,0.5946,1033.0,26186.0,26186.0,18059.0,36504.0,1.0,52.0,5.0,0.0,0.0,1.0,0.0,1.0,1.0,1.0,1.0,-0.8011154888379467
4835.0,1.0,5.0,2.0,2.0,1.0,3782.0,0.8400000000000001,0.0521,0.0487,0.0151,0.0182,0.0008,0.005,0.0019000000000000002,0.0182,0.7015,0.5459,0.0,,,2380.0,8524.0,11584.0,16489.0,1.0,28.0,2.0,1.0,1.0,0.0,0.0,0.0,0.0,0.0,0.0,-1.3723403117859159
3424.0,2.0,5.0,3.0,4.0,1.0,1779.0,0.0146,0.9146,0.0163,0.0056,0.0096,0.0,0.0022,0.0371,0.0,0.0185,0.8380999999999998,0.9433000000000001,0.4377,806.0,15010.0,15010.0,19987.0,32305.0,1.0,33.0,2.0,0.0,0.0,1.0,0.0,1.0,0.0,0.0,0.0,-0.32915488962378037
41123.0,3.0,5.0,2.0,2.0,1.0,208.0,0.6827,0.2837,0.024,0.0096,0.0,0.0,0.0,0.0,0.0,0.0,0.3333,0.4427,1.0,,14575.0,14575.0,20919.0,26277.0,1.0,2.0,1.0,0.0,1.0,0.0,0.0,0.0,0.0,0.0,0.0,-0.9128031759331772
2062.0,1.0,2.0,3.0,4.0,1.0,4401.0,0.0239,0.8732,0.0268,0.0134,0.0009,0.0018,0.0332,0.0095,0.0173,0.1668,0.4977,0.6615,0.5506,867.0,7299.0,17875.0,13231.0,19456.0,1.0,39.0,5.0,1.0,0.0,1.0,0.0,1.0,1.0,0.0,1.0,-0.8640375411458431
3610.0,2.0,6.0,3.0,4.0,1.0,1001.0,0.5974,0.033,0.3247,0.005,0.001,0.0,0.031,0.008,0.0,0.039,0.43,0.8291,0.9353,997.0,24360.0,24360.0,20218.0,34065.0,1.0,30.0,6.0,1.0,1.0,1.0,1.0,1.0,0.0,0.0,1.0,-0.8093136175124269
6895.0,1.0,4.0,3.0,4.0,1.0,828.0,0.907,0.0072,0.0471,0.0157,0.0012,0.0,0.0109,0.0048,0.006,0.1606,0.2335,0.6611,,,,,,,,20.0,6.0,1.0,0.0,1.0,0.0,1.0,1.0,1.0,1.0,-1.6335840342621786
1866.0,2.0,4.0,3.0,4.0,2.0,1415.0,0.641,0.1039,0.0869,0.0064,0.0028,0.0113,0.0304,0.0601,0.0572,0.11379999999999998,0.4285,0.7279999999999999,0.4984,938.0,24920.0,24920.0,17611.0,35380.0,1.0,41.0,5.0,0.0,0.0,1.0,1.0,1.0,1.0,0.0,1.0,-0.8032320459428159
32253.0,3.0,8.0,3.0,4.0,1.0,274.0,0.0876,0.073,0.146,0.6387,0.0,0.0073,0.0438,0.0036,0.0,0.0,0.5036,0.8643,1.0,,23162.0,23162.0,25672.0,27984.0,1.0,4.0,3.0,1.0,0.0,1.0,0.0,1.0,0.0,0.0,0.0,-0.8421407931677695
1151.0,1.0,8.0,3.0,4.0,2.0,27824.0,0.3501000000000001,0.0362,0.3104,0.1326,0.0025,0.0026,0.0639,0.0482,0.0536,0.1061,0.3978,0.3683,0.3448,1115.0,6866.0,18026.0,12567.0,20631.0,1.0,107.0,5.0,0.0,0.0,1.0,0.0,1.0,1.0,1.0,1.0,-1.4649360878777988
34183.0,3.0,5.0,1.0,1.0,1.0,84.0,0.3214,0.47619999999999996,0.1667,0.0357,0.0,0.0,0.0,0.0,0.0,0.38099999999999995,0.5948,0.634,,,,,14642.0,16994.0,0.0,3.0,2.0,1.0,1.0,0.0,0.0,0.0,0.0,0.0,0.0,-1.1893185854124952
1477.0,1.0,5.0,2.0,3.0,1.0,12620.0,0.517,0.1244,0.2665,0.0166,0.0036000000000000003,0.0016999999999999997,0.0163,0.021000000000000005,0.0328,0.6246,0.4093,0.48030000000000006,,,3341.0,13039.0,10436.0,14262.0,1.0,25.0,3.0,1.0,1.0,1.0,0.0,0.0,0.0,0.0,0.0,-1.691501653366458
3309.0,2.0,2.0,3.0,3.0,1.0,1743.0,0.1945,0.689,0.0717,0.0195,0.0029,0.0023,0.0069,0.0017,0.0115,0.8009,0.5912,0.7771,,,13800.0,13800.0,9607.0,19083.0,1.0,11.0,5.0,1.0,1.0,1.0,1.0,1.0,0.0,0.0,0.0,-0.4831172683911186
1808.0,1.0,3.0,3.0,4.0,1.0,8233.0,0.8581,0.0448,0.0233,0.0119,0.0023,0.0007,0.0202,0.0179,0.0208,0.1592,0.3225,0.5255,0.7134,1001.0,6957.0,16297.0,13601.0,18469.0,1.0,52.0,8.0,1.0,1.0,1.0,1.0,1.0,1.0,1.0,1.0,-0.8619692573884173
2025.0,1.0,5.0,3.0,4.0,1.0,5133.0,0.0244,0.9382,0.007600000000000001,0.0023,0.001,0.0006,0.012500000000000002,0.0051,0.0084,0.1397,0.6272,0.7488,0.5365,910.0,6630.0,8274.0,12106.0,18882.0,1.0,49.0,6.0,0.0,1.0,1.0,0.0,1.0,1.0,1.0,1.0,-0.39387725386675904
8308.0,1.0,2.0,2.0,2.0,1.0,2316.0,0.7824,0.095,0.0479,0.0125,0.0039,0.0013,0.029400000000000003,0.0052,0.0225,0.5682,0.3154,0.1385,,,3660.0,7710.0,6849.0,10694.0,1.0,50.0,2.0,1.0,1.0,0.0,0.0,0.0,0.0,0.0,0.0,-1.5280240190299241
39873.0,3.0,6.0,1.0,1.0,1.0,92.0,0.1848,0.4022,0.3804,0.0326,0.0,0.0,0.0,0.0,0.0,0.1739,0.3754,0.3375,,,,,15516.0,19871.0,0.0,4.0,1.0,1.0,0.0,0.0,0.0,0.0,0.0,0.0,0.0,-1.0172733781267158
3486.0,2.0,5.0,3.0,4.0,1.0,2875.0,0.7659,0.0668,0.0581,0.025,0.0003,0.0,0.016,0.0219,0.0459,0.1023,0.2543,0.5391,0.5558,1175.0,27390.0,27390.0,22410.0,38772.0,1.0,85.0,8.0,1.0,1.0,1.0,1.0,1.0,1.0,1.0,1.0,-1.0467070211882752
1345.0,1.0,7.0,3.0,4.0,1.0,2110.0,0.5071,0.0706,0.318,0.0109,0.015200000000000002,0.0043,0.045,0.0,0.0289,0.1474,0.5175,0.6305,0.6529,955.0,8014.0,18814.0,15868.0,19043.0,1.0,25.0,4.0,0.0,1.0,1.0,0.0,1.0,1.0,0.0,0.0,-0.822194174306712
2541.0,2.0,4.0,3.0,4.0,1.0,1232.0,0.8653000000000001,0.0422,0.0381,0.013,0.0032,0.0016,0.0057,0.0114,0.0195,0.0373,0.2129,0.5046,0.7661,1067.0,25950.0,25950.0,18557.0,34816.0,1.0,49.0,5.0,1.0,0.0,1.0,1.0,1.0,0.0,0.0,1.0,-0.7107581827947909
2936.0,2.0,5.0,3.0,3.0,1.0,1375.0,0.0036000000000000003,0.7345,0.061799999999999994,0.0007,0.0007,0.0029,0.0225,0.0291,0.144,0.0415,0.6647,0.7988,0.4225,808.0,18236.0,18236.0,20797.0,31993.0,1.0,27.0,2.0,0.0,0.0,1.0,0.0,1.0,0.0,0.0,0.0,-0.3525330447713972
2172.0,1.0,1.0,2.0,2.0,1.0,3924.0,0.6957,0.0772,0.1486,0.0206,0.0051,0.0008,0.0257,0.0043,0.0219,0.5734,0.4759,0.3093,,,5068.0,9988.0,7920.0,12411.0,1.0,33.0,2.0,1.0,1.0,0.0,0.0,0.0,0.0,0.0,0.0,-1.388973173329917
1350.0,1.0,7.0,3.0,4.0,1.0,22373.0,0.7466999999999999,0.0231,0.1053,0.0223,0.0055,0.0012,0.0291,0.0288,0.0381,0.10019999999999998,0.24890000000000004,0.45269999999999994,0.8048,1128.0,9897.0,26277.0,16526.0,22929.0,1.0,113.0,5.0,0.0,0.0,1.0,0.0,1.0,1.0,1.0,1.0,-1.1076215828256972
1157.0,1.0,8.0,3.0,4.0,1.0,7844.0,0.2585,0.0246,0.475,0.1121,0.0043,0.0073,0.0363,0.0268,0.0551,0.1462,0.6006,0.3966,0.7272,,6686.0,17846.0,6759.0,16190.0,1.0,44.0,5.0,0.0,0.0,1.0,1.0,1.0,1.0,1.0,0.0,-1.5404661422227217
8959.0,3.0,5.0,1.0,1.0,1.0,122.0,0.9098,0.040999999999999995,0.0246,0.0082,0.0,0.0082,0.0082,0.0,0.0,0.0,0.808,0.784,,,,,9515.0,12235.0,0.0,2.0,1.0,1.0,0.0,0.0,0.0,0.0,0.0,0.0,0.0,-0.9328941401731193
2225.0,2.0,1.0,3.0,4.0,4.0,4295.0,0.607,0.048,0.0328,0.065,0.0023,0.0,0.0554,0.0624,0.1271,0.0994,0.266,0.7121,0.8264,1116.0,30765.0,30765.0,31521.0,46112.0,1.0,25.0,4.0,1.0,1.0,1.0,0.0,1.0,0.0,0.0,0.0,-1.1954783015257857
1933.0,2.0,4.0,3.0,3.0,1.0,619.0,0.6737,0.1325,0.11790000000000002,0.006499999999999999,0.0032,0.006499999999999999,0.029100000000000004,0.0258,0.0048,0.063,0.44899999999999995,0.8116,0.9927999999999999,1005.0,24035.0,24035.0,19687.0,35312.0,1.0,35.0,3.0,0.0,0.0,1.0,1.0,1.0,0.0,0.0,0.0,-0.7243485260300431
9826.0,1.0,1.0,2.0,2.0,1.0,1580.0,0.9399,0.0057,0.0133,0.0057,0.007,0.0,0.0108,0.0013,0.0165,0.6304,0.437,0.33540000000000003,,,3345.0,6045.0,8805.0,13328.0,1.0,25.0,2.0,1.0,1.0,0.0,0.0,0.0,0.0,0.0,0.0,-1.0001158486354156
25462.0,3.0,2.0,2.0,2.0,1.0,233.0,0.9099000000000002,0.06869999999999998,0.0,0.0,0.0,0.0,0.0,0.0,0.021499999999999995,0.0,0.7453,0.8396,0.9391,,9644.0,9644.0,7648.0,12917.0,1.0,18.0,2.0,1.0,1.0,0.0,0.0,0.0,0.0,0.0,0.0,-0.943224733114236
1733.0,2.0,3.0,3.0,4.0,1.0,1307.0,0.2739,0.378,0.2831,0.023,0.0037999999999999996,0.0031000000000000003,0.0207,0.0061,0.0084,0.4728,0.5046,0.6293,0.9744,,12867.0,12867.0,14489.0,26605.0,1.0,43.0,5.0,0.0,1.0,1.0,0.0,1.0,1.0,0.0,1.0,-0.8411087654735065
8175.0,1.0,2.0,2.0,2.0,1.0,9502.0,0.3819,0.2921,0.0927,0.1139,0.0026,0.0026,0.0444,0.0442,0.0255,0.6133,0.2602,0.11279999999999998,,,3586.0,6730.0,7789.0,12265.0,1.0,46.0,2.0,1.0,1.0,0.0,0.0,0.0,0.0,0.0,0.0,-1.5408531209364889
6385.0,3.0,3.0,3.0,4.0,9.0,17818.0,0.4644446402514311,0.14725325513525647,0.08659028510495004,0.05435358064878213,0.0022735772814008303,0.004195134134021775,0.008170591536648335,0.008905191379503874,0.2238126108429678,0.697915080255921,0.33006389606016384,0.7215856325064542,0.5976014086878437,,17280.0,17280.0,28765.22267254038,30956.01321585903,1.0,2.0,6.0,0.0,1.0,1.0,0.0,1.0,1.0,1.0,1.0,-1.4855232528307363
23363.0,1.0,3.0,1.0,1.0,1.0,303.0,0.9637,0.0198,0.0066,0.0,0.0033,0.0033,0.0033,0.0,0.0,0.0,0.5909,0.6176,,,,,15363.0,20285.0,0.0,12.0,2.0,1.0,1.0,0.0,0.0,0.0,0.0,0.0,0.0,-1.3918578038012668
9156.0,1.0,3.0,1.0,1.0,1.0,248.0,0.9315,0.0202,0.0081,0.0242,0.0,0.0,0.0161,0.0,0.0,0.5161,0.2772,0.2808,,,,,8109.0,12864.0,0.0,13.0,1.0,1.0,0.0,0.0,0.0,0.0,0.0,0.0,0.0,-1.7312091118839432
23367.0,1.0,3.0,1.0,1.0,1.0,106.0,0.7358,0.1792,0.0377,0.0283,0.0,0.0,0.0189,0.0,0.0,0.8585,0.5241,0.5931,1.0,,,,,,,6.0,1.0,1.0,0.0,0.0,0.0,0.0,0.0,0.0,0.0,-1.3072314520074966
38083.0,3.0,3.0,1.0,1.0,1.0,213.0,0.7652999999999999,0.0892,0.0892,0.0329,0.0047,0.0094,0.0047,0.0,0.0047,0.6009,0.4841,0.7333,,,,,20764.0,24717.0,0.0,3.0,1.0,1.0,0.0,0.0,0.0,0.0,0.0,0.0,0.0,-1.611267912313773
2336.0,1.0,4.0,3.0,4.0,1.0,4386.0,0.8536,0.0176,0.0201,0.0091,0.0269,0.0002,0.030799999999999998,0.0194,0.0223,0.2095,0.3467,0.6099,0.9353,1010.0,8134.0,8134.0,14589.0,18549.0,1.0,52.0,5.0,1.0,1.0,1.0,0.0,1.0,0.0,0.0,1.0,-1.0012831945900604
3228.0,2.0,2.0,3.0,3.0,1.0,271.0,0.6458,0.203,0.0886,0.0185,0.0,0.0037000000000000006,0.0,0.0406,0.0,0.0258,0.3726,0.635,0.5802,900.0,18609.0,18609.0,14379.0,27788.0,1.0,12.0,3.0,0.0,1.0,1.0,0.0,1.0,0.0,0.0,0.0,-0.5978976730723217
1029.0,2.0,5.0,3.0,4.0,1.0,1460.0,0.6479,0.211,0.0158,0.0048,0.0178,0.0,0.0233,0.0363,0.0432,0.1219,0.49090000000000006,0.7576,0.5847,1014.0,19475.0,19475.0,19017.0,31220.0,1.0,28.0,3.0,0.0,1.0,1.0,0.0,1.0,0.0,0.0,0.0,-0.49816467912012097
39823.0,2.0,5.0,3.0,3.0,1.0,112.0,0.6696,0.1875,0.0536,0.0089,0.0,0.0,0.0179,0.04460000000000001,0.0179,0.0268,0.4915,0.7627,0.2398,1031.0,19600.0,19600.0,30032.0,32600.0,1.0,6.0,1.0,0.0,0.0,1.0,0.0,0.0,0.0,0.0,0.0,-1.3303642947194176
23397.0,3.0,3.0,1.0,2.0,6.0,1096.0,0.7281138686131386,0.16515401459854015,0.053831021897810215,0.004553740875912408,0.002719799270072993,0.0009083941605839416,0.02644333941605839,0.0,0.01824726277372263,0.0,0.7159772810218978,0.556111496350365,,,,,18929.617700729927,22764.576642335767,0.0,15.0,3.0,1.0,1.0,1.0,0.0,0.0,0.0,0.0,0.0,-1.1464997899208274
21448.0,3.0,6.0,2.0,2.0,1.0,216.0,0.4491,0.0926,0.35190000000000005,0.0324,0.0093,0.0046,0.0324,0.0,0.0278,0.0,0.6211999999999999,0.8182,0.4259,,14120.0,14120.0,14902.0,18656.0,1.0,2.0,1.0,0.0,1.0,0.0,0.0,0.0,0.0,0.0,0.0,-1.0920631117723467
3780.0,1.0,8.0,1.0,2.0,1.0,5228.0,0.5126,0.049,0.0844,0.0784,0.0061,0.0078,0.0914,0.0979,0.0723,0.337,0.21290000000000003,0.1277,,,4495.0,10431.0,9498.0,15106.0,1.0,38.0,3.0,1.0,1.0,1.0,0.0,0.0,0.0,0.0,0.0,-1.4503807575264236
1961.0,2.0,5.0,3.0,3.0,1.0,1379.0,0.8042,0.0464,0.0232,0.0334,0.0,0.0015000000000000002,0.0305,0.0566,0.0044,0.0007,0.1477,0.45909999999999995,0.7157,1263.0,37100.0,37100.0,22406.0,47897.0,1.0,25.0,1.0,0.0,0.0,1.0,0.0,0.0,0.0,0.0,0.0,-0.8974476440726752
42034.0,1.0,5.0,1.0,2.0,1.0,1455.0,0.7285,0.1739,0.0302,0.0034000000000000002,0.0014,0.0007,0.0302,0.0089,0.0227,0.323,0.4584,0.1911,,,2520.0,3888.0,5552.0,10358.0,1.0,26.0,2.0,1.0,1.0,0.0,0.0,0.0,0.0,0.0,0.0,-1.6465800628959557
2017.0,1.0,5.0,3.0,4.0,1.0,6597.0,0.7038,0.1851,0.025500000000000002,0.0153,0.006199999999999999,0.0009,0.0197,0.0426,0.0009,0.1182,0.3608,0.409,0.7527000000000001,1030.0,6334.0,17404.0,9370.0,15951.0,1.0,41.0,5.0,0.0,1.0,1.0,1.0,1.0,0.0,0.0,1.0,-0.7029468328210274
23410.0,3.0,5.0,1.0,2.0,4.0,1619.0,0.4212342804200124,0.49598437306979615,0.020364978381717108,0.011757875231624458,0.001238295243977764,0.0012244595429277332,0.012989561457689931,0.0,0.035199258801729465,0.052493514515132796,0.6699690549722052,0.7207447189623224,,,14588.856417693982,14588.856417693982,21171.307597282273,25952.670775924584,1.0,9.0,2.0,1.0,1.0,0.0,0.0,0.0,0.0,0.0,0.0,-1.0315723960937957
41859.0,3.0,3.0,1.0,1.0,1.0,40.0,0.9,0.05,0.0,0.0,0.0,0.0,0.05,0.0,0.0,0.0,0.5867,0.5867,,,,,9985.0,12420.0,0.0,1.0,1.0,1.0,0.0,0.0,0.0,0.0,0.0,0.0,0.0,-1.155898115389673
21066.0,3.0,2.0,1.0,1.0,4.0,1407.0,0.19475351812366737,0.2189130063965885,0.4868501776830135,0.007096659559346126,0.0035586353944562898,0.0,0.031998649609097374,0.0,0.05685230987917555,0.0,0.8285347547974413,0.8698882018479034,,,,,13460.269367448473,18377.03909026297,0.0,8.0,1.0,1.0,0.0,0.0,0.0,0.0,0.0,0.0,0.0,-0.8740903773837786
5019.0,2.0,9.0,3.0,4.0,1.0,1223.0,0.009,0.0106,0.9534,0.0008,0.0,0.0,0.0,0.0262,0.0,0.0638,0.8687,0.5291,0.8405000000000001,,6625.0,6625.0,7558.0,12584.0,1.0,16.0,3.0,0.0,1.0,1.0,0.0,1.0,0.0,0.0,0.0,-0.591834897131403
24948.0,3.0,8.0,1.0,1.0,1.0,49.0,0.1633,0.1633,0.5102,0.06119999999999999,0.0204,0.0204,0.0408,0.0204,0.0,0.1429,0.6543,0.6296,,,,,15857.0,16457.0,0.0,1.0,1.0,1.0,0.0,0.0,0.0,0.0,0.0,0.0,0.0,-0.716218747506608
9549.0,1.0,6.0,1.0,2.0,1.0,1011.0,0.47279999999999994,0.0989,0.3432,0.0099,0.0069,0.001,0.0257,0.0415,0.0,0.4609,0.1629,0.08560000000000001,,,1898.0,3480.0,4158.0,10734.0,1.0,27.0,2.0,1.0,1.0,0.0,0.0,0.0,0.0,0.0,0.0,-1.7327912703055108
10761.0,2.0,6.0,2.0,2.0,1.0,128.0,0.5234,0.2813,0.1875,0.0,0.0078,0.0,0.0,0.0,0.0,0.0,0.4474,0.4298,,,10500.0,10500.0,16661.0,19980.0,1.0,1.0,2.0,1.0,1.0,0.0,0.0,0.0,0.0,0.0,0.0,-1.274717650349256
2008.0,1.0,5.0,3.0,4.0,1.0,7272.0,0.705,0.1432,0.0122,0.0099,0.0044,0.0014,0.0206,0.0364,0.0668,0.0985,0.2148,0.2959,0.6503,1104.0,8052.0,22635.0,9514.0,17862.0,1.0,69.0,6.0,0.0,1.0,1.0,0.0,1.0,1.0,1.0,1.0,-0.8594346946154514
30676.0,3.0,3.0,1.0,1.0,1.0,137.0,0.635,0.2482,0.0438,0.0146,0.0,0.0,0.0584,0.0,0.0,0.3431,0.13,0.11999999999999998,,,,,10123.0,14612.0,0.0,2.0,1.0,1.0,0.0,0.0,0.0,0.0,0.0,0.0,0.0,-1.2779699309279648
41658.0,3.0,6.0,1.0,1.0,1.0,76.0,0.6316,0.0789,0.1447,0.0395,0.0526,0.0,0.0395,0.0,0.013200000000000002,0.0,0.4511,0.4511,,,,,13018.0,16332.0,0.0,1.0,1.0,1.0,0.0,0.0,0.0,0.0,0.0,0.0,0.0,-1.3032710253082165
2516.0,1.0,4.0,3.0,4.0,1.0,27276.0,0.7923,0.0825,0.0349,0.0229,0.0017,0.0005,0.0278,0.0322,0.0052,0.0558,0.2138,0.4735,0.7767,1166.0,9433.0,24460.0,17238.0,22943.0,1.0,111.0,5.0,0.0,0.0,1.0,0.0,1.0,1.0,1.0,1.0,-1.129086292791315
3172.0,1.0,6.0,2.0,3.0,1.0,2426.0,0.6031,0.0503,0.0569,0.0128,0.1459,0.0012,0.0754,0.013200000000000002,0.0412,0.2894,0.48840000000000006,0.4394,,,4605.0,10215.0,8597.0,12998.0,1.0,26.0,2.0,0.0,1.0,1.0,0.0,0.0,0.0,0.0,0.0,-1.392845994975951
2007.0,2.0,5.0,3.0,4.0,1.0,957.0,0.6614,0.2194,0.0261,0.0073,0.0063,0.001,0.0115,0.0533,0.0136,0.0408,0.4319,0.5896,0.6106,990.0,14570.0,14570.0,12925.0,22060.0,1.0,49.0,3.0,0.0,1.0,1.0,0.0,1.0,0.0,0.0,0.0,-0.8601133492707054
21078.0,1.0,8.0,3.0,3.0,1.0,2424.0,0.1056,0.0173,0.1213,0.3742,0.0012,0.0693,0.3073,0.0033,0.0004,0.507,0.3532,0.3329,0.709,,6888.0,18888.0,8331.0,11521.0,1.0,12.0,2.0,1.0,0.0,1.0,0.0,0.0,0.0,0.0,0.0,-1.278536337720507
7085.0,2.0,3.0,3.0,4.0,1.0,1706.0,0.8294,0.04279999999999999,0.0193,0.0047,0.0012,0.0018,0.0064,0.0135,0.0809,0.1876,0.4429,0.713,0.7598,1046.0,24650.0,24650.0,19194.0,34801.0,1.0,57.0,3.0,0.0,1.0,1.0,0.0,1.0,0.0,0.0,0.0,-0.6842073389904711
22606.0,3.0,9.0,2.0,4.0,5.0,10482.0,0.0,0.0,1.0,0.0,0.0,0.0,0.0,0.0,0.0,0.3962042835336768,0.8332162659797748,0.48952672199961844,0.8918192997519555,,6495.0,8719.808242701774,8809.635279526809,13410.669624117534,1.0,46.0,4.0,1.0,1.0,1.0,0.0,1.0,0.0,0.0,0.0,-0.958946832866042
2823.0,2.0,2.0,3.0,4.0,1.0,10878.0,0.338,0.189,0.1452,0.182,0.0024,0.0033,0.0448,0.053,0.0423,0.029699999999999997,0.3009,0.5599,0.6252,1107.0,38680.0,38680.0,28032.0,51420.0,1.0,75.0,7.0,1.0,1.0,1.0,0.0,1.0,1.0,1.0,1.0,-1.0234719889758308
9651.0,1.0,6.0,3.0,4.0,1.0,6706.0,0.0186,0.0054,0.9482999999999999,0.0058,0.0006000000000000001,0.0004000000000000001,0.0025,0.0163,0.0021,0.3646,0.5567,0.3935,0.467,906.0,6453.0,15129.0,4569.0,13737.0,1.0,40.0,4.0,0.0,0.0,1.0,0.0,1.0,1.0,0.0,1.0,-1.1711603145793856
3018.0,1.0,3.0,3.0,4.0,2.0,15270.0,0.7781582056319581,0.09897745907007204,0.04208163064833006,0.007342468893254748,0.0024987360838244926,0.0006896987557301899,0.030229639816633923,0.015848788474132288,0.024273372626064178,0.08636661427635889,0.34013117878192534,0.6414266666666666,0.5337,1012.0,10130.588081204976,17438.588081204976,17175.527177472166,22043.074656188604,1.0,117.0,7.0,1.0,1.0,1.0,1.0,1.0,1.0,0.0,1.0,-0.65015616875485
2587.0,2.0,1.0,3.0,3.0,1.0,1950.0,0.8021,0.0185,0.0292,0.0062,0.0015,0.001,0.0169,0.0062,0.1185,0.0185,0.1747,0.7572,0.7609,,36546.0,36546.0,30262.0,49836.0,1.0,36.0,1.0,0.0,0.0,1.0,0.0,0.0,0.0,0.0,0.0,-0.9996918961775543
3793.0,1.0,8.0,2.0,2.0,1.0,4982.0,0.77,0.0173,0.0588,0.0179,0.0187,0.0024,0.0552,0.0032,0.0566,0.2708,0.516,0.3901,,,3512.0,8702.0,4924.0,11278.0,1.0,53.0,2.0,1.0,1.0,0.0,0.0,0.0,0.0,0.0,0.0,-1.1345248365465148
23438.0,3.0,2.0,1.0,1.0,1.0,118.0,0.03389999999999999,0.7966,0.1695,0.0,0.0,0.0,0.0,0.0,0.0,0.27119999999999994,1.0,0.8541,,,,,13169.0,16485.0,0.0,1.0,1.0,1.0,0.0,0.0,0.0,0.0,0.0,0.0,0.0,-0.45800709490594854
3174.0,1.0,6.0,3.0,3.0,1.0,1136.0,0.5968,0.11880000000000002,0.1611,0.0132,0.0361,0.0,0.0229,0.0185,0.0326,0.1558,0.408,0.4705,0.595,910.0,7137.0,7137.0,10983.0,15888.0,1.0,31.0,3.0,1.0,1.0,1.0,0.0,0.0,0.0,0.0,0.0,-1.279443847076699
3726.0,3.0,5.0,2.0,4.0,6.0,1782.0,0.47247682379349043,0.33556397306397306,0.025224298540965213,0.0022249719416386083,0.0011328843995510663,0.0,0.019637766554433222,0.004496969696969697,0.13916801346801347,0.5639701459034794,0.8310177328843995,0.7851026936026937,,,11550.0,11550.0,18658.235129068464,24369.726711560044,1.0,16.0,4.0,1.0,1.0,1.0,0.0,1.0,0.0,0.0,0.0,-0.7216886771483655
22418.0,3.0,8.0,1.0,2.0,3.0,3544.0,0.0880369638826185,0.119908690744921,0.5767739559819414,0.11200231376975169,0.003919497742663656,0.01696597065462754,0.07279712189616254,0.0002794864559819413,0.009301439051918737,0.0,0.7261717832957109,0.653159283295711,,,,,21934.738431151243,26243.75282167043,0.0,8.0,2.0,1.0,1.0,0.0,0.0,0.0,0.0,0.0,0.0,-1.3975466059702575
3565.0,1.0,6.0,3.0,4.0,1.0,7358.0,0.5113,0.2117,0.1601,0.0162,0.0054,0.002,0.0466,0.0367,0.0099,0.256,0.4958000000000001,0.5928,0.4784,909.0,5892.0,14580.0,9263.0,17241.0,1.0,58.0,4.0,0.0,0.0,1.0,1.0,1.0,1.0,0.0,0.0,-0.8975006649363975
2504.0,2.0,4.0,4.0,4.0,1.0,693.0,0.5815,0.0519,0.0058000000000000005,0.1991,0.0014,0.0029000000000000002,0.0173,0.0245,0.1154,,,,,1188.0,26872.0,26872.0,,39799.0,1.0,4.0,3.0,0.0,0.0,1.0,0.0,0.0,1.0,1.0,0.0,-2.0436567662929246
21175.0,2.0,7.0,3.0,4.0,1.0,434.0,0.6152,0.0207,0.1037,0.013800000000000002,0.0023,0.0,0.1106,0.0207,0.11290000000000001,0.0645,0.5483,0.6371,0.7006,,29970.0,29970.0,26505.0,43638.0,1.0,19.0,3.0,1.0,0.0,1.0,0.0,1.0,0.0,0.0,0.0,-0.1503047885637428
1917.0,2.0,4.0,3.0,4.0,1.0,228.0,0.7456,0.1096,0.057,0.0044,0.0175,0.0,0.0132,0.0088,0.0439,0.1711,0.5513,0.6752,0.5357,,14290.0,14290.0,20986.0,25790.0,1.0,8.0,4.0,1.0,1.0,1.0,0.0,1.0,0.0,0.0,0.0,-0.29749488009769104
2816.0,2.0,2.0,3.0,4.0,1.0,3085.0,0.8029000000000001,0.0344,0.0674,0.04409999999999999,0.001,0.0006,0.0256,0.0178,0.0062,0.0327,0.23709999999999998,0.7049000000000001,0.6586,1127.0,32293.0,32293.0,24656.0,47265.0,1.0,36.0,3.0,1.0,0.0,1.0,0.0,1.0,0.0,0.0,0.0,-1.052328299589989
8263.0,3.0,2.0,1.0,1.0,2.0,337.0,0.5519189910979229,0.3887388724035608,0.053400890207715136,0.005941246290801186,0.0,0.0,0.0,0.0,0.0,0.2640839762611276,0.9382753709198813,1.0,,,,,14577.905044510386,17140.06231454006,0.0,1.0,1.0,1.0,0.0,0.0,0.0,0.0,0.0,0.0,0.0,-0.3349325904356202
3448.0,1.0,5.0,3.0,4.0,2.0,25586.0,0.7639035331822089,0.10299174548581255,0.042146724771359334,0.025564441491440628,0.0025811811146720866,0.0011752755413116547,0.034698897834753384,0.012152692878918157,0.01468927147658876,0.07585662471664191,0.23110563589462985,0.4767079418431954,0.6513714492300477,1204.127882435707,10989.68388962714,28939.041272570936,17303.095169233173,24269.65453763777,1.0,102.0,7.0,1.0,1.0,1.0,0.0,1.0,1.0,1.0,1.0,-1.0619322213082987
9543.0,1.0,7.0,1.0,2.0,1.0,7745.0,0.7192,0.0187,0.13489999999999996,0.0261,0.008,0.0017,0.035,0.0155,0.0409,0.6643,0.3324,0.3107,,,3394.0,12693.0,9225.0,13644.0,1.0,47.0,2.0,1.0,1.0,0.0,0.0,0.0,0.0,0.0,0.0,-1.583590949627284
9542.0,1.0,7.0,2.0,2.0,1.0,7725.0,0.3678,0.1551,0.248,0.059199999999999996,0.0122,0.0026000000000000003,0.0509,0.0554,0.0489,0.6902,0.4683,0.3792,,,3394.0,12692.0,8303.0,13884.0,1.0,28.0,2.0,1.0,1.0,0.0,0.0,0.0,0.0,0.0,0.0,-1.1406660172895615
9567.0,3.0,5.0,1.0,1.0,1.0,195.0,0.9282,0.0308,0.0205,0.0154,0.0,0.0051,0.0,0.0,0.0,0.0,0.3808,0.2355,,,,,11170.0,15473.0,0.0,1.0,1.0,1.0,0.0,0.0,0.0,0.0,0.0,0.0,0.0,-1.0740090934136144
25282.0,3.0,2.0,1.0,1.0,1.0,196.0,0.3367,0.2704,0.301,0.0051,0.0051,0.0051,0.0204,0.0357,0.0204,0.4439,0.4664,0.4933,,,,,23851.0,26767.0,0.0,1.0,1.0,1.0,0.0,0.0,0.0,0.0,0.0,0.0,0.0,-1.3532663394997961
1800.0,2.0,3.0,3.0,4.0,1.0,1478.0,0.7537000000000001,0.0541,0.0359,0.0081,0.0034,0.0034,0.0176,0.0074,0.11639999999999999,0.0995,0.3003,0.569,0.8012,1110.0,24670.0,24670.0,19006.0,33215.0,1.0,59.0,6.0,1.0,1.0,1.0,0.0,1.0,1.0,0.0,1.0,-0.8453399008788367
3526.0,2.0,5.0,3.0,4.0,1.0,1609.0,0.7122,0.08700000000000001,0.0379,0.0118,0.005600000000000001,0.0006,0.0379,0.011200000000000002,0.09569999999999998,0.2722,0.4042,0.6816000000000001,0.7308,1066.0,23126.0,23126.0,18124.0,32604.0,1.0,62.0,6.0,1.0,1.0,1.0,0.0,1.0,1.0,0.0,1.0,-0.9686312796636791
12182.0,1.0,5.0,2.0,2.0,1.0,1727.0,0.4661,0.4372,0.0492,0.0127,0.0023,0.0035,0.0151,0.0,0.0139,0.4198,0.6369,0.2537,,,4320.0,7710.0,1315.0,6860.0,1.0,16.0,2.0,1.0,1.0,0.0,0.0,0.0,0.0,0.0,0.0,-1.2442369289800157
30634.0,3.0,8.0,1.0,1.0,1.0,131.0,0.3893,0.0305,0.3282,0.0534,0.0076,0.0992,0.0534,0.0,0.0382,0.0,0.6312,0.7589,0.9545,,,,15790.0,20684.0,0.0,4.0,1.0,1.0,0.0,0.0,0.0,0.0,0.0,0.0,0.0,-1.2255928596722006
7912.0,1.0,2.0,2.0,2.0,1.0,891.0,0.6958,0.1268,0.1145,0.018,0.0022,0.0,0.0269,0.0,0.0157,0.0269,0.5648,0.5238,0.2383,,7430.0,7430.0,6968.0,14646.0,1.0,19.0,2.0,1.0,1.0,0.0,0.0,0.0,0.0,0.0,0.0,-1.6999317072504438
40743.0,3.0,3.0,1.0,3.0,1.0,1924.0,0.552,0.3742,0.0198,0.0213,0.0021,0.0,0.0,0.0,0.0307,0.2926,0.7253,0.8976,0.8926,,19220.0,19220.0,32132.0,35380.0,1.0,2.0,3.0,1.0,1.0,1.0,0.0,0.0,0.0,0.0,0.0,-1.3092524729084876
4587.0,1.0,4.0,2.0,2.0,1.0,2677.0,0.8905000000000001,0.0329,0.0224,0.0049,0.0026,0.0015,0.0086,0.0015,0.0351,0.41690000000000005,0.3146,0.3378,,,4564.0,4564.0,11024.0,14364.0,1.0,38.0,2.0,1.0,1.0,0.0,0.0,0.0,0.0,0.0,0.0,-1.236101118077458
38033.0,3.0,2.0,1.0,1.0,1.0,76.0,0.1974,0.5132,0.2895,0.0,0.0,0.0,0.0,0.0,0.0,0.3816,0.6803,0.7823,0.9111,,,,7383.0,13113.0,0.0,5.0,1.0,1.0,0.0,0.0,0.0,0.0,0.0,0.0,0.0,-1.4609573341838473
12260.0,1.0,5.0,1.0,2.0,1.0,732.0,0.5355,0.4208,0.0191,0.013699999999999999,0.0055,0.0,0.0055,0.0,0.0,0.2964,0.41020000000000006,0.0476,,,2610.0,3390.0,3547.0,9084.0,1.0,39.0,2.0,1.0,1.0,0.0,0.0,0.0,0.0,0.0,0.0,-1.5571265561376926
1116.0,2.0,8.0,3.0,4.0,1.0,1814.0,0.2001,0.0116,0.1097,0.34840000000000004,0.0022,0.0033,0.0436,0.2696,0.0116,0.134,0.3599,0.4929,0.809,,37830.0,37830.0,43155.0,57738.0,1.0,8.0,2.0,0.0,0.0,1.0,0.0,1.0,0.0,0.0,0.0,-0.8420954109924927
3759.0,1.0,5.0,2.0,2.0,1.0,10134.0,0.4575,0.3866,0.0513,0.0453,0.0055,0.0023,0.0338,0.0078,0.0099,0.6902,0.4342,0.2441,,,4428.0,10266.0,7252.0,11341.0,1.0,39.0,2.0,1.0,1.0,0.0,0.0,0.0,0.0,0.0,0.0,-1.3256593225825353
41632.0,3.0,5.0,1.0,1.0,1.0,114.0,0.5614,0.2105,0.1754,0.0,0.0088,0.0088,0.0263,0.0,0.0088,0.0,0.6388,0.8106,,,,,19496.0,22847.0,0.0,1.0,1.0,1.0,0.0,0.0,0.0,0.0,0.0,0.0,0.0,-0.6617358942981458
3529.0,1.0,5.0,3.0,4.0,1.0,10213.0,0.7381,0.11150000000000002,0.034,0.0175,0.0025,0.0007,0.0801,0.0062,0.0094,0.1221,0.3418,0.6145,0.7728,1088.0,8138.0,24256.0,12404.0,19619.0,1.0,51.0,6.0,1.0,0.0,1.0,0.0,1.0,1.0,1.0,1.0,-0.9643675769789599
3141.0,2.0,3.0,3.0,4.0,1.0,364.0,0.0027,0.9368000000000001,0.0055,0.0,0.0082,0.0,0.0027,0.011,0.033,0.044,0.8963,0.5097,0.3754,735.0,15140.0,15140.0,19352.0,26890.0,1.0,24.0,2.0,0.0,0.0,1.0,0.0,1.0,0.0,0.0,0.0,-0.3694612193521622
3919.0,1.0,3.0,3.0,4.0,1.0,9492.0,0.8964000000000001,0.0075,0.0294,0.0239,0.002,0.0007,0.0219,0.0171,0.0011,0.0335,0.22189999999999996,0.5793,0.7629,1145.0,8795.0,16368.0,15169.0,17828.0,1.0,51.0,6.0,0.0,1.0,1.0,0.0,1.0,1.0,1.0,1.0,-0.9871094909688768
10391.0,1.0,6.0,2.0,2.0,1.0,12367.0,0.5854,0.0921,0.1108,0.0387,0.041999999999999996,0.0025,0.0535,0.075,0.0,0.6338,0.39089999999999997,0.2097,,,3241.0,7891.0,6916.0,12252.0,1.0,59.0,2.0,1.0,1.0,0.0,0.0,0.0,0.0,0.0,0.0,-1.3007696091537329
41706.0,3.0,4.0,1.0,1.0,1.0,69.0,0.8261,0.1594,0.0,0.0,0.0,0.0,0.0,0.0,0.014499999999999999,0.087,0.472,0.528,,,,,12344.0,16636.0,0.0,1.0,1.0,1.0,0.0,0.0,0.0,0.0,0.0,0.0,0.0,-1.4020045144242939
3035.0,2.0,3.0,3.0,4.0,1.0,1350.0,0.6067,0.2585,0.0341,0.0089,0.0015,0.0007,0.043,0.0096,0.037,0.0704,0.3342,0.5766,0.46570000000000006,1005.0,29430.0,29430.0,20750.0,41470.0,1.0,48.0,5.0,1.0,1.0,1.0,0.0,1.0,0.0,0.0,1.0,-0.6882892460341734
11678.0,1.0,2.0,3.0,4.0,1.0,1890.0,0.7868,0.0783,0.064,0.0328,0.0026,0.0011,0.0164,0.0159,0.0021,0.1466,0.4169,0.5721,0.561,1099.0,7420.0,17070.0,15920.0,20924.0,1.0,32.0,4.0,0.0,0.0,1.0,0.0,1.0,1.0,0.0,1.0,-1.3166024876239721
3484.0,2.0,5.0,3.0,4.0,1.0,1066.0,0.8687,0.03,0.031,0.0206,0.0037999999999999996,0.0018999999999999998,0.0216,0.0225,0.0,0.0159,0.2871,0.5471,0.9664000000000001,1175.0,30160.0,30160.0,21715.0,40235.0,1.0,30.0,2.0,0.0,0.0,1.0,0.0,1.0,0.0,0.0,0.0,-0.8067139327648708
3084.0,2.0,3.0,3.0,4.0,1.0,1598.0,0.7897,0.0519,0.0175,0.0069,0.0019,0.0,0.024399999999999998,0.0369,0.0707,0.1483,0.40739999999999993,0.7788999999999999,0.7644,1009.0,24676.0,24676.0,18589.0,35175.0,1.0,58.0,3.0,0.0,0.0,1.0,0.0,1.0,0.0,0.0,1.0,-0.6467979624843764
3495.0,2.0,5.0,3.0,4.0,2.0,1106.0,0.8526066907775768,0.04791103074141049,0.04699439421338156,0.0062962025316455695,0.0008811934900542495,0.0,0.014433453887884267,0.023485714285714283,0.00719132007233273,0.0867759493670886,0.5548254972875225,0.6159141048824593,0.5218482820976491,1015.3019891500904,12491.591320072333,12491.591320072333,14461.508137432189,20731.421338155516,1.0,21.0,6.0,1.0,1.0,1.0,0.0,1.0,1.0,0.0,1.0,-0.6356166044529545
2422.0,1.0,5.0,3.0,4.0,1.0,2316.0,0.5622,0.3942,0.006,0.0078,0.0017,0.0009,0.0039,0.0233,0.0,0.1101,0.47179999999999994,0.5867,0.9360999999999999,988.0,5640.0,15360.0,9810.0,16299.0,1.0,34.0,6.0,0.0,1.0,1.0,0.0,1.0,1.0,1.0,1.0,-1.1233699397938364
2024.0,1.0,5.0,3.0,4.0,1.0,11199.0,0.6688,0.1643,0.0697,0.007200000000000001,0.0028,0.0012,0.0627,0.0183,0.005,0.1324,0.3652,0.4230999999999999,0.8373,1030.0,6547.0,19111.0,10022.0,16136.0,1.0,40.0,6.0,0.0,1.0,1.0,0.0,1.0,1.0,1.0,1.0,-0.7428994700025591
2238.0,2.0,3.0,3.0,4.0,1.0,1629.0,0.2732,0.2063,0.1332,0.1357,0.0018,0.0037,0.028199999999999996,0.1983,0.0196,0.078,0.2934,0.4891,0.3688,1081.0,26256.0,26256.0,21789.0,35017.0,1.0,76.0,6.0,0.0,1.0,1.0,0.0,1.0,1.0,1.0,1.0,-0.715717467562871
3458.0,2.0,4.0,3.0,4.0,1.0,1619.0,0.8672,0.0191,0.0204,0.008,0.0025,0.0006,0.0142,0.0679,0.0,0.0315,0.20620000000000002,0.6158,0.6129,1162.0,29214.0,29214.0,19197.0,37968.0,1.0,44.0,2.0,0.0,0.0,1.0,0.0,1.0,0.0,0.0,0.0,-0.8623328379607593
1467.0,2.0,5.0,3.0,4.0,1.0,3897.0,0.019,0.8891,0.0277,0.0021,0.001,0.0018,0.0198,0.0205,0.019,0.0523,0.7758,0.8867,0.6371,803.0,14410.0,14410.0,16447.0,27130.0,1.0,34.0,2.0,0.0,0.0,1.0,0.0,1.0,0.0,0.0,0.0,-0.21713846001687417
4625.0,1.0,5.0,1.0,2.0,1.0,16074.0,0.3284,0.4557,0.0868,0.0295,0.0044,0.0011,0.0233,0.0098,0.061,0.5758,0.5625,0.4883,,,3695.0,7685.0,7787.0,12988.0,1.0,58.0,2.0,1.0,1.0,0.0,0.0,0.0,0.0,0.0,0.0,-0.5001239462607776
3670.0,2.0,7.0,3.0,4.0,1.0,27163.0,0.832,0.005,0.0563,0.0195,0.0037,0.0058,0.0344,0.0314,0.0118,0.0981,0.3702,0.19209999999999997,0.47,1290.0,5000.0,5000.0,12718.0,17236.0,1.0,116.0,7.0,1.0,0.0,1.0,1.0,1.0,1.0,1.0,1.0,-1.9238179494204508
1519.0,1.0,5.0,2.0,3.0,1.0,13757.0,0.5855,0.1662,0.14979999999999996,0.025899999999999996,0.0035,0.0021,0.0334,0.0192,0.0143,0.5903,0.3693,0.252,,,2539.0,9165.0,9982.0,12469.0,1.0,39.0,3.0,1.0,1.0,1.0,0.0,0.0,0.0,0.0,0.0,-1.3031577919289539
3274.0,2.0,2.0,3.0,3.0,1.0,1187.0,0.6436,0.05809999999999999,0.0859,0.0826,0.0034000000000000002,0.0,0.05809999999999999,0.0607,0.0076,0.0025,0.1533,0.2266,0.24690000000000004,1422.0,47214.0,47214.0,22112.0,61898.0,1.0,33.0,1.0,0.0,0.0,1.0,0.0,0.0,0.0,0.0,0.0,-1.7699888248705804
3636.0,2.0,6.0,3.0,4.0,1.0,8600.0,0.74,0.048,0.1084,0.0266,0.0086,0.003,0.0045,0.0469,0.014,0.0319,0.1288,0.3116,0.4887000000000001,1207.0,38600.0,38600.0,32932.0,50440.0,1.0,74.0,6.0,1.0,0.0,1.0,0.0,1.0,1.0,1.0,1.0,-1.1576707051448634
2903.0,2.0,2.0,3.0,4.0,1.0,2814.0,0.9363999999999999,0.0,0.0021,0.0,0.0004000000000000001,0.0,0.0018,0.049,0.0103,0.032,0.18790000000000004,0.2554,0.818,1221.0,38730.0,38730.0,24098.0,55075.0,1.0,57.0,6.0,0.0,1.0,1.0,0.0,1.0,1.0,1.0,1.0,-1.363474309261302
3930.0,1.0,7.0,2.0,2.0,1.0,1976.0,0.8613,0.012099999999999998,0.0592,0.0061,0.0202,0.0,0.0288,0.012099999999999998,0.0,0.3608,0.1724,0.1113,,,2892.0,6876.0,9442.0,12593.0,1.0,52.0,2.0,1.0,1.0,0.0,0.0,0.0,0.0,0.0,0.0,-1.5464168352359988
2627.0,2.0,2.0,3.0,4.0,1.0,5258.0,0.45970000000000005,0.0772,0.0837,0.2086,0.0011,0.0011,0.042,0.1101,0.0164,0.0,0.1285,0.048799999999999996,0.0744,1491.0,41820.0,41820.0,7103.0,57400.0,1.0,41.0,3.0,0.0,0.0,1.0,0.0,1.0,1.0,0.0,0.0,-2.3669964258109673
5759.0,1.0,4.0,1.0,2.0,1.0,744.0,0.7715,0.0175,0.0188,0.0121,0.0954,0.0013,0.0685,0.0013,0.0134,0.4892,0.3849,0.4276,,,5482.0,5482.0,12091.0,15531.0,1.0,32.0,2.0,1.0,1.0,0.0,0.0,0.0,0.0,0.0,0.0,-1.0515206811342592
7109.0,1.0,2.0,3.0,4.0,1.0,4173.0,0.3082,0.3087,0.2133,0.1014,0.0026,0.005,0.0292,0.0081,0.0235,0.1287,0.5073,0.4662,0.6235,995.0,7323.0,16953.0,7756.0,15734.0,1.0,36.0,3.0,0.0,0.0,1.0,0.0,1.0,0.0,0.0,1.0,-1.3616209188465342
40593.0,3.0,6.0,1.0,1.0,1.0,56.0,0.2321,0.0893,0.5536,0.0179,0.0536,0.0,0.0357,0.0,0.0179,0.0357,0.2178,0.2871,,,,,13606.0,17420.0,0.0,1.0,1.0,1.0,0.0,0.0,0.0,0.0,0.0,0.0,0.0,-1.4616253337219396
3207.0,2.0,8.0,3.0,4.0,1.0,409.0,0.7139,0.0049,0.06110000000000001,0.029300000000000003,0.0147,0.0024,0.1198,0.0098,0.044,0.1027,0.5085,0.8378,0.8235,,33714.0,33714.0,32246.0,48102.0,1.0,6.0,2.0,0.0,0.0,1.0,0.0,1.0,0.0,0.0,0.0,-0.33312377964831313
3417.0,2.0,5.0,3.0,3.0,1.0,660.0,0.0045,0.9879,0.006100000000000001,0.0015,0.0,0.0,0.0,0.0,0.0,0.0273,0.8955,0.9831,,,13140.0,13140.0,13271.0,20149.0,1.0,13.0,2.0,0.0,0.0,1.0,1.0,0.0,0.0,0.0,0.0,0.11722544835492735
1911.0,1.0,4.0,2.0,2.0,1.0,909.0,0.6744,0.0231,0.0506,0.0242,0.0,0.0011,0.0,0.0341,0.1925,0.2849,0.6177,0.4244,,,3110.0,4640.0,7822.0,11363.0,1.0,29.0,2.0,1.0,1.0,0.0,0.0,0.0,0.0,0.0,0.0,-1.548073513233046
22904.0,3.0,2.0,1.0,1.0,1.0,60.0,0.9333000000000001,0.0667,0.0,0.0,0.0,0.0,0.0,0.0,0.0,0.4167,0.4538,0.6891,,,,,18335.0,20317.0,0.0,1.0,1.0,1.0,0.0,0.0,0.0,0.0,0.0,0.0,0.0,-1.630107037277842
41457.0,3.0,4.0,1.0,1.0,1.0,93.0,0.9462,0.0215,0.010799999999999999,0.0,0.0,0.0,0.0,0.0,0.0215,0.2688,0.5596,0.7202,,,,,18634.0,20745.0,0.0,1.0,1.0,1.0,0.0,0.0,0.0,0.0,0.0,0.0,0.0,-1.186426817985951
2382.0,2.0,4.0,3.0,3.0,1.0,2990.0,0.7662,0.0167,0.0465,0.0555,0.001,0.0,0.0371,0.0689,0.008,0.0047,0.1427,0.4915,0.5128,1292.0,41700.0,41700.0,24983.0,51860.0,1.0,33.0,1.0,0.0,0.0,1.0,0.0,0.0,0.0,0.0,0.0,-0.9246098777749987
3665.0,1.0,6.0,3.0,4.0,1.0,7121.0,0.6159,0.0566,0.2458,0.0136,0.0053,0.001,0.0226,0.0195,0.0197,0.2063,0.3884,0.5287,0.6742,970.0,6782.0,7538.0,12028.0,18039.0,1.0,63.0,3.0,0.0,0.0,1.0,0.0,1.0,1.0,0.0,0.0,-0.956319796724138
32763.0,3.0,6.0,1.0,1.0,2.0,155.0,0.4580316129032258,0.2709541935483871,0.2322425806451613,0.03870967741935484,0.0,0.0,0.0,0.0,0.0,0.40000645161290327,0.4047806451612903,0.4047806451612903,,,,,6312.264516129032,12291.851612903225,0.0,1.0,1.0,1.0,0.0,0.0,0.0,0.0,0.0,0.0,0.0,-0.6301714825217483
3426.0,1.0,5.0,2.0,2.0,1.0,729.0,0.5597,0.2922,0.0453,0.013699999999999999,0.0082,0.0,0.030200000000000005,0.0,0.0508,0.2826,0.3561,0.3626,0.5759,917.0,6686.0,16130.0,9319.0,16530.0,1.0,1.0,2.0,0.0,1.0,1.0,0.0,0.0,0.0,0.0,0.0,-1.5233970716927718
22208.0,1.0,3.0,1.0,1.0,1.0,307.0,0.8958,0.0326,0.013,0.0,0.013,0.0,0.0456,0.0,0.0,0.2834,0.24349999999999997,0.2416,,,,,,,,15.0,1.0,1.0,0.0,0.0,0.0,0.0,0.0,0.0,0.0,-1.7658366130187488
21829.0,2.0,1.0,3.0,4.0,1.0,1134.0,0.1728,0.3536,0.2787,0.0265,0.0018,0.0026,0.0088,0.0732,0.082,0.776,0.3867,0.4962,,,13608.0,13608.0,22101.0,24440.0,1.0,16.0,6.0,1.0,0.0,1.0,1.0,1.0,1.0,0.0,1.0,-0.747100876768234
10881.0,1.0,3.0,2.0,2.0,1.0,11319.0,0.6949,0.19570000000000004,0.0112,0.0122,0.0038,0.0008,0.0277,0.0001,0.0535,0.6536,0.5553,0.5889,,,3686.0,5870.0,11192.0,14749.0,1.0,81.0,2.0,1.0,1.0,0.0,0.0,0.0,0.0,0.0,0.0,-0.9219615511100481
25228.0,3.0,3.0,2.0,2.0,1.0,354.0,0.5565,0.0734,0.3136,0.0339,0.0056,0.0,0.0169,0.0,0.0,0.0,0.6182,0.8494,0.6667,,15180.0,15180.0,19051.0,25886.0,1.0,6.0,2.0,1.0,1.0,0.0,0.0,0.0,0.0,0.0,0.0,-0.9410661014456894
2479.0,1.0,4.0,3.0,4.0,1.0,2377.0,0.3824,0.49219999999999997,0.0202,0.0021,0.0029,0.0,0.0231,0.021,0.056,0.1683,0.5591,0.6722,,,6988.0,13378.0,10043.0,15202.0,1.0,41.0,4.0,0.0,1.0,1.0,0.0,1.0,0.0,0.0,1.0,-0.3123873552184581
41460.0,3.0,8.0,1.0,1.0,1.0,147.0,0.2109,0.0272,0.6871,0.068,0.0068,0.0,0.0,0.0,0.0,0.0,0.6733,0.5933,,,,,15383.0,19438.0,0.0,5.0,2.0,1.0,1.0,0.0,0.0,0.0,0.0,0.0,0.0,-0.8055562495610962
21274.0,3.0,2.0,1.0,2.0,1.0,1677.0,0.7036,0.0716,0.1688,0.0137,0.005399999999999999,0.0029999999999999996,0.0334,0.0,0.0006,0.0,0.6415,0.7826,,,,,10455.0,14613.0,0.0,15.0,2.0,1.0,1.0,0.0,0.0,0.0,0.0,0.0,0.0,-1.1083467694904838
7916.0,1.0,2.0,1.0,1.0,1.0,58.0,0.8621,0.0517,0.0172,0.0172,0.0,0.0,0.0517,0.0,0.0,0.0,0.5397,0.8095,,,,,18634.0,21302.0,0.0,1.0,1.0,1.0,0.0,0.0,0.0,0.0,0.0,0.0,0.0,-1.3108017535024612
2992.0,2.0,4.0,3.0,4.0,1.0,1928.0,0.834,0.0213,0.0296,0.0093,0.0166,0.0021,0.0187,0.0119,0.0565,0.1043,0.2402,0.6492,0.7864999999999999,1050.0,15665.0,15665.0,15176.0,23793.0,1.0,48.0,4.0,0.0,0.0,1.0,0.0,1.0,1.0,1.0,0.0,-0.9313271167002684
41574.0,3.0,6.0,2.0,3.0,1.0,1042.0,0.4376,0.0797,0.048,0.0134,0.0086,0.0048,0.0067,0.0019,0.3992,0.0259,0.5161,0.5969,,,6795.0,6795.0,14077.0,18068.0,1.0,5.0,4.0,1.0,1.0,1.0,0.0,1.0,0.0,0.0,0.0,-0.531075487256475
1117.0,2.0,8.0,3.0,4.0,2.0,6973.0,0.4485540226588269,0.06126120751469955,0.27692316076294277,0.08572301735264591,0.002187465940054496,0.009787465940054495,0.06635614513122041,0.0163463788900043,0.03287626559586978,0.11886404703857736,0.315566026100674,0.5585648357952101,0.8183,1037.0,29647.013910798796,29647.013910798796,27624.82962856733,41709.52473827621,1.0,46.0,7.0,1.0,1.0,1.0,0.0,1.0,1.0,1.0,1.0,-1.0548891568484395
1109.0,1.0,5.0,3.0,4.0,1.0,711.0,0.7369999999999999,0.1322,0.046400000000000004,0.0281,0.0042,0.0,0.0281,0.007,0.0169,0.2433,0.3944,0.6144,,,,,,,,23.0,7.0,1.0,1.0,1.0,0.0,1.0,1.0,1.0,1.0,-1.6626671887415736
7779.0,3.0,2.0,2.0,2.0,1.0,344.0,0.7994,0.1337,0.0349,0.032,0.0,0.0,0.0,0.0,0.0,0.4971,0.6518,0.8037,,,9720.0,9720.0,15182.0,19240.0,1.0,11.0,2.0,1.0,1.0,0.0,0.0,0.0,0.0,0.0,0.0,-1.0206961517866728
1814.0,1.0,3.0,3.0,4.0,1.0,2724.0,0.8407,0.0433,0.0503,0.0081,0.0048,0.0018,0.0206,0.0037000000000000006,0.0268,0.2386,0.3075,0.3552,0.6726,934.0,6811.0,18081.0,9989.0,15652.0,1.0,27.0,6.0,1.0,1.0,1.0,1.0,1.0,0.0,0.0,1.0,-1.079445035211778
2468.0,1.0,4.0,2.0,2.0,1.0,4705.0,0.9061,0.0183,0.0121,0.0072,0.0089,0.0011,0.0,0.0036,0.0427,0.46269999999999994,0.4675,0.24839999999999998,,,2328.0,4656.0,6363.0,10434.0,1.0,27.0,2.0,1.0,1.0,0.0,0.0,0.0,0.0,0.0,0.0,-1.479840612787887
12848.0,3.0,3.0,1.0,1.0,1.0,89.0,0.1461,0.8539,0.0,0.0,0.0,0.0,0.0,0.0,0.0,0.4382,0.9658999999999999,0.9658999999999999,,,,,6452.0,11702.0,0.0,1.0,1.0,1.0,0.0,0.0,0.0,0.0,0.0,0.0,0.0,-1.0352205385492745
8155.0,1.0,8.0,3.0,4.0,1.0,3802.0,0.6515,0.0552,0.0771,0.0205,0.0218,0.0032,0.0755,0.004700000000000001,0.09050000000000001,0.0665,0.458,0.5332,0.989,1043.0,8682.0,21735.0,12971.0,22281.0,1.0,5.0,2.0,0.0,0.0,1.0,0.0,1.0,0.0,0.0,0.0,-0.7933235500154431
41254.0,3.0,6.0,1.0,1.0,1.0,166.0,0.5361,0.1325,0.2651,0.006,0.0,0.0,0.0422,0.0,0.0181,0.3133,0.5595,0.5357,,,,,16471.0,18749.0,0.0,1.0,1.0,1.0,0.0,0.0,0.0,0.0,0.0,0.0,0.0,-1.097348385567603
2536.0,1.0,7.0,3.0,4.0,2.0,10969.0,0.7967,0.0078,0.0408,0.0114,0.030899999999999997,0.0025,0.0401,0.024899999999999995,0.0449,0.1646,0.3803000000000001,0.5327,0.9272,1075.0,6099.0,22372.0,12863.0,18059.0,1.0,105.0,8.0,1.0,1.0,1.0,1.0,1.0,1.0,1.0,1.0,-0.686675390775772
3033.0,2.0,3.0,3.0,4.0,1.0,1463.0,0.8004,0.10660000000000001,0.0185,0.0055,0.0021,0.0007,0.021899999999999996,0.0034,0.041,0.2194,0.3109,0.6373,0.8762,1005.0,26850.0,26850.0,16447.0,32785.0,1.0,46.0,7.0,1.0,1.0,1.0,0.0,1.0,1.0,1.0,1.0,-0.6523477066295287
2480.0,2.0,4.0,3.0,4.0,2.0,7986.0,0.6027,0.1404,0.03790000000000001,0.0049,0.0034,0.0025,0.0294,0.117,0.0619,0.0784,0.3346,0.6221,0.5288,1038.0,15580.0,15580.0,21985.0,30929.0,1.0,74.0,6.0,1.0,0.0,1.0,1.0,1.0,1.0,0.0,1.0,-0.7174269499685632
41378.0,3.0,3.0,1.0,1.0,2.0,453.0,0.5894026490066224,0.21192715231788078,0.10595121412803532,0.0198364238410596,0.0,0.0,0.06842185430463577,0.0,0.004397350993377483,0.0,0.408460706401766,0.48196070640176597,,,,,17762.90949227373,20958.474613686536,0.0,1.0,2.0,1.0,1.0,0.0,0.0,0.0,0.0,0.0,0.0,-1.5630938304320818
3639.0,1.0,6.0,3.0,4.0,2.0,8815.0,0.1986,0.0698,0.6807,0.0087,0.0024,0.0011,0.0066,0.0237,0.0084,0.2921,0.5027,0.5997,0.8357,922.0,7554.0,18984.0,11924.0,19700.0,1.0,65.0,4.0,0.0,0.0,1.0,0.0,1.0,1.0,0.0,1.0,-0.8079899366639459
23166.0,3.0,1.0,1.0,1.0,3.0,531.0,0.47458342749529187,0.10734952919020715,0.12052598870056497,0.015056120527306968,0.005659133709981168,0.0,0.037664406779661014,0.0,0.23918719397363464,0.8098097928436911,0.5491546139359699,0.855224482109228,,,,,22532.887005649718,24318.873822975518,0.0,1.0,1.0,1.0,0.0,0.0,0.0,0.0,0.0,0.0,0.0,-1.13034433350003
3149.0,2.0,6.0,3.0,4.0,1.0,1704.0,0.6496000000000001,0.1291,0.0722,0.021700000000000004,0.0299,0.0047,0.0358,0.0252,0.0317,0.0411,0.4515,0.6500000000000001,,,22690.0,22690.0,18868.0,32248.0,1.0,58.0,3.0,0.0,1.0,1.0,0.0,1.0,0.0,0.0,0.0,-0.9199552422237345
1370.0,1.0,7.0,3.0,4.0,1.0,25873.0,0.7225,0.0162,0.1009,0.0538,0.0027,0.0007,0.04259999999999999,0.0499,0.0108,0.0667,0.1753,0.32120000000000004,0.8416000000000001,1207.0,10789.0,33151.0,21792.0,28887.0,1.0,83.0,7.0,1.0,0.0,1.0,1.0,1.0,1.0,1.0,1.0,-1.2743308973199248
32183.0,3.0,2.0,3.0,4.0,2.0,330.0,0.16669,0.5060133333333334,0.02120333333333333,0.012113333333333334,0.003033333333333333,0.009123333333333334,0.03331666666666667,0.12124,0.1272666666666667,0.0,0.3876833333333333,0.4717433333333333,,,13434.0,13434.0,21684.966666666667,24891.7,1.0,13.0,5.0,1.0,1.0,1.0,1.0,1.0,0.0,0.0,0.0,-1.3830103797000193
3777.0,2.0,8.0,3.0,4.0,1.0,837.0,0.2282,0.0108,0.6153,0.0072,0.0585,0.0,0.048999999999999995,0.0096,0.0215,0.135,0.7694,0.7763,,,18521.0,18521.0,10213.0,27653.0,1.0,34.0,6.0,1.0,1.0,1.0,1.0,1.0,0.0,0.0,1.0,-1.2211037568420384
4799.0,3.0,2.0,2.0,4.0,1.0,6181.0,0.0296,0.4391999999999999,0.41470000000000007,0.0138,0.0042,0.0036,0.0,0.0788,0.0162,0.2286,0.7549,0.7418,0.40269999999999995,,13740.0,13740.0,11896.0,21199.0,1.0,18.0,4.0,1.0,1.0,1.0,0.0,1.0,0.0,0.0,0.0,-0.7844978026495644
2236.0,2.0,3.0,3.0,3.0,1.0,1362.0,0.8355,0.033,0.0367,0.0147,0.0066,0.0007,0.0257,0.0081,0.0389,0.0081,0.2882,0.907,0.7198,1101.0,34220.0,34220.0,21824.0,44636.0,1.0,46.0,1.0,0.0,0.0,1.0,0.0,0.0,0.0,0.0,0.0,-0.7067943732944395
41329.0,3.0,4.0,1.0,1.0,1.0,95.0,0.9368,0.0,0.0211,0.0,0.0,0.0105,0.0211,0.0,0.0105,0.0,0.7286,0.6571,,,,,9454.0,13030.0,0.0,1.0,1.0,1.0,0.0,0.0,0.0,0.0,0.0,0.0,0.0,-1.0228261900888709
3181.0,1.0,6.0,3.0,4.0,1.0,4051.0,0.6724,0.0573,0.0783,0.016,0.0402,0.0012,0.078,0.0365,0.02,0.1644,0.3758,0.6434,0.8526,1010.0,5820.0,12270.0,10686.0,17060.0,1.0,53.0,5.0,0.0,1.0,1.0,0.0,1.0,0.0,1.0,1.0,-1.0533510540910183
22359.0,3.0,5.0,1.0,1.0,1.0,50.0,0.66,0.34,0.0,0.0,0.0,0.0,0.0,0.0,0.0,0.28,0.77,0.07,,,,,9056.0,12236.0,0.0,1.0,1.0,1.0,0.0,0.0,0.0,0.0,0.0,0.0,0.0,-1.1199722747980556
30323.0,3.0,6.0,1.0,1.0,1.0,185.0,0.7405,0.0757,0.1243,0.0108,0.0054,0.0108,0.027,0.0054,0.0,0.0,0.6325,0.4274,0.7714,,,,22244.0,26101.0,0.0,2.0,2.0,1.0,1.0,0.0,0.0,0.0,0.0,0.0,0.0,-1.8009973698822788
8552.0,3.0,4.0,2.0,3.0,1.0,143.0,0.3217,0.6573,0.014000000000000002,0.007000000000000001,0.0,0.0,0.0,0.0,0.0,0.3077,0.7412,0.9647,1.0,,17640.0,17640.0,19970.0,24204.0,1.0,5.0,2.0,0.0,1.0,1.0,0.0,0.0,0.0,0.0,0.0,-0.07345696664481796
1176.0,1.0,8.0,2.0,2.0,1.0,2534.0,0.1863,0.0699,0.6294,0.0406,0.0059,0.0039,0.0185,0.0185,0.026800000000000004,0.659,0.3339,0.0625,,,1380.0,8490.0,6478.0,12570.0,1.0,32.0,2.0,1.0,1.0,0.0,0.0,0.0,0.0,0.0,0.0,-1.7183388201679157
2876.0,1.0,2.0,2.0,2.0,1.0,5413.0,0.5394,0.1251,0.2834,0.0218,0.0042,0.0011,0.0236,0.0007,0.0006,0.3913,0.2944,0.2298,,,5002.0,9402.0,5971.0,10482.0,1.0,30.0,2.0,1.0,1.0,0.0,0.0,0.0,0.0,0.0,0.0,-1.3019385459119166
25561.0,3.0,3.0,1.0,1.0,1.0,294.0,0.2823,0.4048,0.2823,0.017,0.0068,0.0,0.0,0.0,0.0068,0.2789,0.8074,0.7652,,,,,24547.0,27647.0,0.0,2.0,1.0,1.0,0.0,0.0,0.0,0.0,0.0,0.0,0.0,-1.7152193921057206
3294.0,2.0,2.0,2.0,2.0,1.0,749.0,0.4512999999999999,0.3939,0.0761,0.024,0.004,0.0027,0.0334,0.0,0.0147,0.3712,0.5852,0.7379999999999999,0.5376,758.0,16070.0,16070.0,14967.0,23097.0,1.0,17.0,3.0,1.0,1.0,0.0,1.0,0.0,0.0,0.0,0.0,-0.9019782691637118
10138.0,3.0,4.0,1.0,1.0,1.0,116.0,0.8533999999999999,0.0086,0.0776,0.0,0.0345,0.0086,0.0172,0.0,0.0,0.0,0.3942,0.5096,,,,,9000.0,12197.0,0.0,1.0,1.0,1.0,0.0,0.0,0.0,0.0,0.0,0.0,0.0,-1.5345272154575191
2853.0,1.0,2.0,3.0,4.0,1.0,1624.0,0.7241,0.04000000000000001,0.0745,0.0413,0.0006,0.0006,0.0129,0.0259,0.08000000000000002,0.0277,0.24229999999999996,0.5022,0.5265,1106.0,7446.0,17096.0,18431.0,22429.0,1.0,12.0,4.0,0.0,1.0,1.0,0.0,1.0,0.0,0.0,1.0,-1.417532512460875
3180.0,2.0,6.0,3.0,4.0,1.0,774.0,0.44960000000000006,0.2778,0.0711,0.0039,0.0349,0.0039,0.0181,0.10339999999999999,0.0375,0.2429,0.5933,0.8881,0.8087999999999999,981.0,12470.0,12470.0,17878.0,23156.0,1.0,17.0,3.0,0.0,1.0,1.0,0.0,1.0,0.0,0.0,0.0,-0.6677489123430821
1252.0,2.0,8.0,3.0,4.0,1.0,816.0,0.3799,0.0564,0.201,0.0282,0.0049,0.0098,0.11030000000000001,0.0037,0.2059,0.2047,0.5319,0.7351,0.31,896.0,27130.0,27130.0,21546.0,38119.0,1.0,22.0,6.0,1.0,1.0,1.0,1.0,1.0,0.0,0.0,1.0,-0.7704503531785258
3830.0,2.0,5.0,3.0,4.0,1.0,1375.0,0.8015,0.0865,0.0189,0.0015,0.0029,0.0015,0.0298,0.04730000000000001,0.0102,0.016,0.335,0.6628,0.7758999999999999,1005.0,27858.0,27858.0,17718.0,39927.0,1.0,51.0,3.0,0.0,0.0,1.0,0.0,1.0,0.0,0.0,1.0,-0.6475491383659565
8200.0,2.0,2.0,1.0,1.0,1.0,84.0,0.9523999999999999,0.0357,0.0,0.0,0.0,0.0,0.0119,0.0,0.0,0.0,0.5513,0.7821,,,,,,,,1.0,1.0,1.0,0.0,0.0,0.0,0.0,0.0,0.0,0.0,-1.7703088180194944
1758.0,1.0,3.0,3.0,4.0,1.0,13171.0,0.633,0.203,0.07850000000000001,0.0166,0.0024,0.0011,0.0295,0.0348,0.0011,0.1177,0.433,0.6092,0.8153,1055.0,12248.0,24871.0,16247.0,25105.0,1.0,107.0,8.0,1.0,1.0,1.0,1.0,1.0,1.0,1.0,1.0,-0.9075725247158046
5273.0,1.0,5.0,1.0,2.0,1.0,3647.0,0.8245,0.1017,0.0315,0.0066,0.0022,0.0005,0.0228,0.0005,0.0096,0.6298,0.1877,0.4458,,,3704.0,12536.0,6512.0,10496.0,1.0,36.0,2.0,1.0,1.0,0.0,0.0,0.0,0.0,0.0,0.0,-1.2163227068267566
10387.0,1.0,6.0,2.0,2.0,1.0,27478.0,0.0775,0.0241,0.857,0.0068,0.0035,0.0016,0.0004,0.0181,0.0111,0.6622,0.4672,0.05349999999999999,,,2094.0,3654.0,3364.0,9602.0,1.0,64.0,2.0,1.0,1.0,0.0,0.0,0.0,0.0,0.0,0.0,-1.6794821145192589
22039.0,3.0,2.0,1.0,2.0,1.0,232.0,0.8836,0.0733,0.0388,0.0043,0.0,0.0,0.0,0.0,0.0,0.0,0.6944,0.8009,,,13770.0,13770.0,15923.0,23229.0,1.0,12.0,2.0,1.0,1.0,0.0,0.0,0.0,0.0,0.0,0.0,-1.3627134185309837
8073.0,1.0,8.0,1.0,2.0,1.0,11164.0,0.6006,0.0257,0.1916,0.0547,0.017,0.0046,0.021,0.0157,0.0691,0.49409999999999993,0.4845,0.12230000000000002,,,1364.0,6164.0,4975.0,11324.0,1.0,66.0,2.0,1.0,1.0,0.0,0.0,0.0,0.0,0.0,0.0,-1.381760288204996
9708.0,3.0,6.0,1.0,1.0,1.0,79.0,0.5949,0.2532,0.012699999999999998,0.0253,0.0633,0.0,0.0506,0.0,0.0,0.0,0.6065,0.5419,,,,,10583.0,15057.0,0.0,1.0,1.0,1.0,0.0,0.0,0.0,0.0,0.0,0.0,0.0,-0.8031422458053183
3048.0,2.0,3.0,3.0,4.0,1.0,1096.0,0.7409,0.0529,0.0274,0.0109,0.0018,0.0018,0.0338,0.0027,0.1277,0.0292,0.4327,0.8509,0.7506,1027.0,27480.0,27480.0,19983.0,37390.0,1.0,41.0,2.0,0.0,0.0,1.0,0.0,1.0,0.0,0.0,0.0,-0.5850256551741929
10153.0,2.0,2.0,2.0,3.0,1.0,443.0,0.0858,0.7607,0.08799999999999998,0.0632,0.0,0.0,0.0023,0.0,0.0,0.4266,0.4242,0.6944000000000001,,,16753.0,16753.0,28926.0,30584.0,1.0,1.0,2.0,0.0,1.0,1.0,0.0,0.0,0.0,0.0,0.0,-1.9851939119233155
25042.0,3.0,4.0,3.0,4.0,1.0,8658.0,0.3927,0.334,0.07,0.0158,0.0043,0.0017,0.0216,0.0099,0.1499,0.9061,0.465,0.6614,,,12240.0,12240.0,27851.0,30930.0,1.0,46.0,6.0,1.0,0.0,1.0,0.0,1.0,1.0,1.0,1.0,-0.7201854525945977
1722.0,2.0,3.0,3.0,4.0,1.0,2452.0,0.6909,0.1399,0.0432,0.011,0.0098,0.0037,0.0188,0.0175,0.0653,0.206,0.3622,0.5611,0.6115,1048.0,26900.0,26900.0,16987.0,37845.0,1.0,46.0,5.0,0.0,1.0,1.0,0.0,1.0,1.0,0.0,1.0,-0.9239516346596454
3401.0,2.0,1.0,3.0,4.0,1.0,6264.0,0.43550000000000005,0.0669,0.1132,0.1285,0.0038,0.0016,0.0544,0.1157,0.0803,0.0037,0.158,0.2291,0.0874,1435.0,47434.0,47434.0,24854.0,60460.0,1.0,71.0,4.0,0.0,0.0,1.0,0.0,1.0,1.0,1.0,0.0,-2.1017559048263594
9544.0,1.0,8.0,2.0,2.0,1.0,4650.0,0.7342,0.0247,0.0832,0.0161,0.013999999999999999,0.0024,0.0725,0.0174,0.0355,0.2424,0.2803,0.1747,,,3512.0,8702.0,7166.0,12686.0,1.0,34.0,3.0,1.0,1.0,1.0,0.0,0.0,0.0,0.0,0.0,-1.177500483994821
1610.0,1.0,8.0,3.0,4.0,1.0,13667.0,0.17820000000000003,0.0135,0.0943,0.3987,0.0017,0.0349,0.2516,0.0253,0.0018,0.1601,0.3015,0.3746,0.7882,1070.0,10620.0,29412.0,11415.0,19106.0,1.0,102.0,7.0,1.0,0.0,1.0,1.0,1.0,1.0,1.0,1.0,-1.1361684155027827
3450.0,1.0,5.0,3.0,3.0,1.0,1790.0,0.5994,0.1978,0.0592,0.0156,0.0034,0.0011,0.0341,0.0123,0.0771,0.1983,0.3869,0.6008999999999999,0.5724,933.0,9404.0,19424.0,15395.0,20389.0,1.0,17.0,3.0,1.0,1.0,1.0,0.0,0.0,0.0,0.0,0.0,-0.6949788353889153
1103.0,2.0,5.0,3.0,3.0,1.0,565.0,0.0053,0.9027,0.0035,0.0053,0.0017999999999999997,0.0017999999999999997,0.0195,0.0602,0.0,0.0779,0.7176,0.8669,,,12564.0,12564.0,13489.0,25061.0,1.0,15.0,1.0,0.0,0.0,1.0,0.0,0.0,0.0,0.0,0.0,-0.4405006651120973
5621.0,1.0,5.0,1.0,2.0,1.0,4558.0,0.5103,0.4247,0.0331,0.0114,0.0022,0.0007,0.0083,0.002,0.0072,0.584,0.7157,0.0,,,4017.0,7221.0,8390.0,14656.0,1.0,52.0,2.0,1.0,1.0,0.0,0.0,0.0,0.0,0.0,0.0,-1.335111863918205
1219.0,1.0,8.0,1.0,2.0,1.0,22768.0,0.1496,0.1333,0.5403,0.1133,0.0022,0.0072,0.0423,0.0067,0.0051,0.5824,0.3876,0.0408,,,1182.0,6702.0,4741.0,10824.0,1.0,74.0,2.0,1.0,1.0,0.0,0.0,0.0,0.0,0.0,0.0,-1.308847487700654
1807.0,1.0,3.0,3.0,4.0,1.0,10497.0,0.6637,0.1881,0.0321,0.012,0.0032999999999999995,0.0008,0.0324,0.060099999999999994,0.0074,0.1025,0.4471,0.6253,0.8254,913.0,8416.0,18346.0,11920.0,19897.0,1.0,75.0,7.0,1.0,0.0,1.0,1.0,1.0,1.0,1.0,1.0,-0.7011773522552096
7228.0,1.0,9.0,3.0,3.0,1.0,3729.0,0.0,0.0,1.0,0.0,0.0,0.0,0.0,0.0,0.0,0.0638,0.8026,0.0662,0.788,,2019.0,4041.0,5878.0,10702.0,1.0,17.0,2.0,0.0,1.0,1.0,0.0,0.0,0.0,0.0,0.0,-1.9140426520817893
12407.0,1.0,2.0,1.0,1.0,1.0,144.0,0.9167,0.0833,0.0,0.0,0.0,0.0,0.0,0.0,0.0,0.4583,0.5267,0.5867,,,,,13477.0,18809.0,0.0,4.0,1.0,1.0,0.0,0.0,0.0,0.0,0.0,0.0,0.0,-1.5318973349781826
2596.0,1.0,2.0,2.0,2.0,1.0,6359.0,0.4685000000000001,0.1485,0.1691,0.0815,0.0055,0.0034999999999999996,0.0138,0.0102,0.0995,0.5139,0.5204,0.1618,,,4152.0,7362.0,9343.0,14048.0,1.0,25.0,2.0,1.0,1.0,0.0,0.0,0.0,0.0,0.0,0.0,-1.2821319578480475
3802.0,1.0,8.0,3.0,4.0,1.0,14054.0,0.7424,0.0152,0.0742,0.0665,0.0041,0.002,0.08,0.0095,0.006,0.0729,0.2556,0.467,0.8457,1110.0,8965.0,20407.0,16551.0,22458.0,1.0,73.0,4.0,1.0,0.0,1.0,0.0,1.0,0.0,0.0,1.0,-1.21849921569823
3920.0,1.0,3.0,3.0,4.0,1.0,10337.0,0.8730999999999999,0.0223,0.031100000000000003,0.0383,0.0073,0.0005,0.0199,0.0069,0.0007,0.1355,0.2649,0.5353,0.8034,1030.0,7437.0,15010.0,14774.0,17260.0,1.0,75.0,6.0,0.0,1.0,1.0,1.0,1.0,1.0,1.0,0.0,-0.9491945767035166
10903.0,3.0,2.0,1.0,1.0,1.0,253.0,0.747,0.1265,0.0751,0.0079,0.004,0.004,0.0198,0.0,0.0158,0.2688,0.305,0.505,,,,,16458.0,19520.0,0.0,1.0,1.0,1.0,0.0,0.0,0.0,0.0,0.0,0.0,0.0,-1.6830600523047141
36463.0,3.0,8.0,1.0,1.0,2.0,49.0,0.7143,0.06119999999999999,0.10199999999999998,0.06119999999999999,0.0,0.0,0.0,0.0,0.06119999999999999,0.0,0.5067,0.4133,,,,,9343.0,12816.0,0.0,1.0,1.0,1.0,0.0,0.0,0.0,0.0,0.0,0.0,0.0,-1.3296513214599603
5500.0,1.0,4.0,1.0,2.0,1.0,476.0,0.8256,0.0714,0.0525,0.0105,0.0105,0.0042,0.0231,0.0,0.0021,0.1744,0.4364,0.5103,,,4895.0,4895.0,13409.0,16484.0,1.0,16.0,2.0,1.0,1.0,0.0,0.0,0.0,0.0,0.0,0.0,-1.6973331092661994
22980.0,3.0,8.0,3.0,3.0,1.0,171.0,0.614,0.0526,0.1754,0.0702,0.0,0.0,0.0,0.0819,0.0058,0.3801,0.4807,0.6685,,,17547.0,17547.0,19764.0,25514.0,1.0,1.0,1.0,0.0,0.0,1.0,0.0,0.0,0.0,0.0,0.0,-0.2417512406592855
22237.0,3.0,2.0,1.0,1.0,1.0,255.0,0.0471,0.0431,0.8471,0.0078,0.0,0.0,0.0078,0.0275,0.0196,0.3882,0.4937,0.4633,,,,,25219.0,28702.0,0.0,1.0,1.0,1.0,0.0,0.0,0.0,0.0,0.0,0.0,0.0,-0.9949250808336801
26009.0,3.0,5.0,1.0,1.0,1.0,1587.0,0.6824000000000001,0.2735,0.0271,0.017,0.0,0.0,0.0,0.0,0.0,0.0,0.8048,0.907,,,,,19597.0,22626.0,0.0,1.0,2.0,1.0,1.0,0.0,0.0,0.0,0.0,0.0,0.0,-1.3432568494399084
3256.0,2.0,2.0,3.0,4.0,1.0,16681.0,0.5555,0.0657,0.0596,0.1314,0.0016,0.0059,0.0284,0.1295,0.0224,0.14,0.2059,0.5583,0.7601,1186.0,47051.0,47051.0,35219.0,56402.0,1.0,123.0,8.0,1.0,1.0,1.0,1.0,1.0,1.0,1.0,1.0,-1.2067094314671134
2877.0,1.0,2.0,2.0,2.0,1.0,6341.0,0.3909000000000001,0.2025,0.20390000000000003,0.0484,0.0024,0.0032,0.018,0.010300000000000002,0.12050000000000001,0.3441000000000001,0.3254,0.1304,,,4654.0,8953.0,9223.0,14055.0,1.0,50.0,2.0,1.0,1.0,0.0,0.0,0.0,0.0,0.0,0.0,-1.7771580737315624
7921.0,3.0,5.0,1.0,1.0,1.0,118.0,0.8559,0.0593,0.0593,0.0254,0.0,0.0,0.0,0.0,0.0,0.2119,0.5414,0.6369,,,,,25075.0,28457.0,0.0,1.0,1.0,1.0,0.0,0.0,0.0,0.0,0.0,0.0,0.0,-0.7138308054734221
10501.0,2.0,3.0,3.0,3.0,1.0,270.0,0.8333,0.0963,0.0148,0.0185,0.0037,0.0074,0.0148,0.0,0.0111,0.0667,0.5063,0.49679999999999996,,,,,,,,1.0,1.0,0.0,0.0,1.0,0.0,0.0,0.0,0.0,0.0,-1.7289616544040147
9531.0,3.0,3.0,1.0,1.0,1.0,89.0,0.5618,0.2135,0.0337,0.0899,0.0,0.0,0.0,0.0,0.1011,0.0,0.4882,0.6209,,,,,16173.0,18231.0,0.0,1.0,1.0,1.0,0.0,0.0,0.0,0.0,0.0,0.0,0.0,-1.2265433478436572
1055.0,1.0,5.0,3.0,4.0,1.0,5451.0,0.6988,0.1255,0.0382,0.0376,0.014300000000000002,0.0002,0.0172,0.0332,0.035,0.21460000000000004,0.3072,0.45959999999999995,0.8203000000000001,1219.0,9158.0,21232.0,18596.0,21107.0,1.0,51.0,7.0,1.0,0.0,1.0,1.0,1.0,1.0,1.0,1.0,-1.0929940242651863
8221.0,3.0,6.0,2.0,2.0,5.0,8494.0,0.4921127148575465,0.06898108076289146,0.28362658347068515,0.025180091829526723,0.021407393454202964,0.012833553096303274,0.06461516364492582,0.0010329408994584413,0.030168401224393692,0.0,0.49572361667059095,0.6727155286084294,,,,,18549.85448551919,22332.12738403579,0.0,2.0,2.0,1.0,1.0,0.0,0.0,0.0,0.0,0.0,0.0,-1.3934501964930996
2962.0,2.0,5.0,3.0,4.0,1.0,1661.0,0.0072,0.711,0.0018,0.0024,0.0024,0.0036,0.0054,0.0217,0.2444,0.0855,0.793,0.9090000000000001,0.5935,,16480.0,16480.0,24385.0,29344.0,1.0,30.0,2.0,0.0,0.0,1.0,0.0,1.0,0.0,0.0,0.0,-0.05707806873202503
1510.0,1.0,5.0,2.0,3.0,1.0,5119.0,0.7011,0.0924,0.0895,0.025,0.0043,0.0029,0.05059999999999999,0.0059,0.0283,0.546,0.3304,0.0836,,,3124.0,11434.0,8405.0,13103.0,1.0,33.0,3.0,1.0,1.0,1.0,0.0,0.0,0.0,0.0,0.0,-1.609538764635285
1051.0,1.0,5.0,3.0,4.0,1.0,29851.0,0.7824999999999999,0.1119,0.0348,0.0106,0.0038,0.0009,0.0261,0.0268,0.0026,0.0844,0.204,0.401,0.5105,1185.0,9826.0,24950.0,20787.0,26400.0,1.0,88.0,6.0,1.0,0.0,1.0,0.0,1.0,1.0,1.0,1.0,-0.9567110633210147
2379.0,2.0,4.0,3.0,4.0,1.0,1789.0,0.8098999999999998,0.0347,0.0531,0.0307,0.0078000000000000005,0.0017,0.0061,0.0559,0.0,0.0173,0.1951,0.6205,0.7876,1155.0,38704.0,38704.0,22450.0,48520.0,1.0,41.0,2.0,0.0,0.0,1.0,0.0,1.0,0.0,0.0,0.0,-1.0451854658654853
20554.0,1.0,5.0,2.0,2.0,1.0,6710.0,0.4499,0.4151000000000001,0.0718,0.0058,0.0098,0.0019,0.018,0.0015,0.0261,0.361,0.56,0.5025,,,3616.0,7519.0,8257.0,13362.0,1.0,40.0,2.0,1.0,1.0,0.0,0.0,0.0,0.0,0.0,0.0,-0.678816412442084
1228.0,1.0,8.0,1.0,2.0,1.0,16127.0,0.3012,0.0544,0.4924,0.0797,0.0017,0.0016,0.0213,0.0061,0.0415,0.7244,0.3346,0.0372,,,1220.0,6810.0,7503.0,13485.0,1.0,61.0,2.0,1.0,1.0,0.0,0.0,0.0,0.0,0.0,0.0,-1.4023083078159555
4661.0,2.0,1.0,3.0,3.0,1.0,1358.0,0.6834,0.0368,0.09499999999999999,0.0228,0.0007,0.0007,0.0589,0.0493,0.0523,0.0,0.2366,0.5462,0.6664,,48065.0,48065.0,31301.0,60048.0,1.0,51.0,1.0,0.0,0.0,1.0,0.0,0.0,0.0,0.0,0.0,-0.5569615522354247
1239.0,1.0,8.0,1.0,2.0,1.0,13855.0,0.4598,0.034,0.3329,0.06210000000000001,0.0029999999999999996,0.0046,0.0702,0.0136,0.0197,0.6409,0.15,0.019400000000000004,,,1152.0,5784.0,5434.0,11241.0,1.0,74.0,2.0,1.0,1.0,0.0,0.0,0.0,0.0,0.0,0.0,-1.5834361098950995
3764.0,1.0,5.0,3.0,4.0,1.0,4481.0,0.0268,0.8549,0.0208,0.0045,0.0027,0.0,0.0,0.0009,0.0895,0.0449,0.7067,0.8366,0.8006,837.0,8002.0,17838.0,14337.0,20767.0,1.0,47.0,5.0,0.0,1.0,1.0,0.0,1.0,1.0,0.0,1.0,-0.5415122016265114
8906.0,1.0,3.0,2.0,2.0,1.0,13109.0,0.684,0.12189999999999998,0.0231,0.0367,0.0052,0.0007999999999999999,0.0146,0.018,0.0957,0.6682,0.2283,0.0722,,,2937.0,5711.0,7108.0,11191.0,1.0,77.0,2.0,1.0,1.0,0.0,0.0,0.0,0.0,0.0,0.0,-1.9362445395699313
30309.0,3.0,5.0,1.0,1.0,1.0,290.0,0.22760000000000002,0.7276,0.0379,0.0,0.0,0.0,0.0034,0.0034,0.0,0.0,0.8501,0.8846999999999999,,,,,14140.0,16848.0,0.0,1.0,1.0,1.0,0.0,0.0,0.0,0.0,0.0,0.0,0.0,-1.9156818393979473
12364.0,3.0,2.0,2.0,2.0,1.0,504.0,0.1448,0.3036,0.1905,0.0952,0.004,0.0179,0.0496,0.0,0.1944,0.375,0.2618,0.8024,,,21697.0,21697.0,28481.0,33549.0,1.0,2.0,1.0,0.0,1.0,0.0,0.0,0.0,0.0,0.0,0.0,-1.400600784374209
2872.0,1.0,2.0,2.0,2.0,1.0,13982.0,0.6081,0.2109,0.0887,0.0385,0.0036,0.0015,0.0389,0.0082,0.0016,0.3304,0.4951,0.4115,,,4150.0,7566.0,7341.0,12196.0,1.0,75.0,2.0,1.0,1.0,0.0,0.0,0.0,0.0,0.0,0.0,-1.4159527352026007
41275.0,3.0,2.0,1.0,1.0,1.0,31.0,0.6452,0.2581,0.0968,0.0,0.0,0.0,0.0,0.0,0.0,0.0,0.4545,0.3247,,,,,22362.0,26719.0,0.0,2.0,1.0,1.0,0.0,0.0,0.0,0.0,0.0,0.0,0.0,-1.1792701916855641
42087.0,1.0,7.0,3.0,4.0,1.0,6506.0,0.6938,0.0536,0.1173,0.0289,0.010299999999999998,0.005100000000000001,0.008,0.0023,0.0807,0.5662,0.3107,0.4977,,,,,,,,18.0,3.0,1.0,0.0,1.0,0.0,1.0,0.0,0.0,0.0,-1.122498071794068
41842.0,3.0,7.0,1.0,1.0,1.0,109.0,0.8624,0.0092,0.055,0.0092,0.0,0.0092,0.0275,0.0092,0.0183,0.3761,0.5628,0.4645,,,,,9559.0,13757.0,0.0,1.0,1.0,1.0,0.0,0.0,0.0,0.0,0.0,0.0,0.0,-0.8390599674905656
10860.0,1.0,2.0,1.0,1.0,1.0,236.0,0.9619,0.0169,0.0,0.0042,0.0042,0.0,0.0,0.0,0.0127,0.1695,0.4485,0.4879,,,,,12626.0,16013.0,0.0,28.0,1.0,1.0,0.0,0.0,0.0,0.0,0.0,0.0,0.0,-1.386504865278125
3209.0,1.0,8.0,3.0,4.0,1.0,4923.0,0.6784,0.0364,0.0829,0.036,0.0205,0.0288,0.0012,0.0613,0.0544,0.1562,0.42849999999999994,0.6276,0.8874,1001.0,9105.0,22200.0,16759.0,21996.0,1.0,48.0,4.0,0.0,0.0,1.0,1.0,1.0,0.0,0.0,1.0,-0.9219518090468093
3826.0,1.0,5.0,3.0,4.0,1.0,2237.0,0.5816,0.11979999999999999,0.0058,0.0045,0.0063,0.0,0.0,0.0063,0.2758,0.1404,0.455,0.5362,0.8638,942.0,6228.0,14558.0,7176.0,14689.0,1.0,25.0,5.0,1.0,0.0,1.0,1.0,1.0,0.0,0.0,1.0,-0.5510214903525897
41467.0,3.0,6.0,1.0,1.0,1.0,236.0,0.2246,0.2585,0.3983,0.0593,0.0042,0.0042,0.0424,0.0,0.0085,0.0212,0.4183,0.5817000000000001,,,17997.0,17997.0,24012.0,27800.0,1.0,1.0,1.0,1.0,0.0,0.0,0.0,0.0,0.0,0.0,0.0,-0.6042431044539386
12350.0,3.0,8.0,1.0,1.0,1.0,181.0,0.7181999999999998,0.09939999999999999,0.105,0.027599999999999996,0.027599999999999996,0.011,0.0,0.0,0.011,0.0,0.8488,0.9341,,,,,8571.0,13300.0,0.0,1.0,1.0,1.0,0.0,0.0,0.0,0.0,0.0,0.0,0.0,-1.015766787096087
2980.0,1.0,5.0,2.0,2.0,1.0,2773.0,0.6156,0.2441,0.0884,0.0133,0.0076,0.0028999999999999994,0.0072,0.0087,0.0123,0.4764,0.4614,0.2589,,,2396.0,8540.0,3091.0,7406.0,1.0,31.0,2.0,1.0,1.0,0.0,0.0,0.0,0.0,0.0,0.0,-1.6589018422464685
8862.0,1.0,4.0,2.0,2.0,1.0,2914.0,0.9537,0.0117,0.013700000000000002,0.0038,0.0033999999999999994,0.001,0.0003,0.0,0.012400000000000001,0.4369,0.4887000000000001,0.21310000000000004,,,2280.0,4488.0,6880.0,11081.0,1.0,28.0,2.0,1.0,1.0,0.0,0.0,0.0,0.0,0.0,0.0,-1.3573532627968352
7273.0,1.0,2.0,3.0,4.0,1.0,14420.0,0.2503,0.0931,0.1924,0.3284,0.0017,0.0036,0.013800000000000002,0.11670000000000001,0.0,0.2513,0.4401,0.1758,0.279,1235.0,6561.0,13371.0,6841.0,15519.0,1.0,39.0,3.0,0.0,0.0,1.0,0.0,1.0,0.0,0.0,1.0,-1.8869617189341243
1685.0,2.0,3.0,3.0,3.0,1.0,404.0,1.0,0.0,0.0,0.0,0.0,0.0,0.0,0.0,0.0,0.0668,0.5305,0.0505,0.9284,1030.0,19190.0,19190.0,28829.0,34558.0,1.0,11.0,2.0,0.0,0.0,1.0,0.0,1.0,0.0,0.0,0.0,-0.8662297605712777
10434.0,1.0,8.0,1.0,2.0,1.0,1318.0,0.46889999999999993,0.12059999999999998,0.0888,0.19879999999999998,0.0053,0.0091,0.04929999999999999,0.0,0.059199999999999996,0.3126,0.2259,0.11230000000000001,,,4735.0,4735.0,7153.0,12509.0,1.0,37.0,3.0,1.0,1.0,1.0,0.0,0.0,0.0,0.0,0.0,-1.8382622670838689
2653.0,1.0,6.0,3.0,4.0,1.0,2140.0,0.1967,0.0565,0.5743,0.007,0.0748,0.007500000000000001,0.0121,0.0565,0.0145,0.3005,0.5263,0.3765,,,4500.0,7104.0,6621.0,13786.0,1.0,41.0,6.0,1.0,1.0,1.0,1.0,1.0,0.0,0.0,1.0,-1.3937452603054374
1094.0,2.0,5.0,3.0,3.0,1.0,579.0,0.6753,0.057,0.0933,0.0017,0.0069,0.0,0.038,0.1192,0.0086,0.015500000000000002,0.4239,0.4957,0.8892000000000001,1061.0,24470.0,24470.0,15008.0,35438.0,1.0,26.0,1.0,0.0,0.0,1.0,0.0,0.0,0.0,0.0,0.0,-0.7543267733955019
3537.0,2.0,6.0,3.0,4.0,1.0,3572.0,0.6739,0.0798,0.1414,0.009,0.0039,0.0,0.0454,0.0423,0.0045,0.0468,0.2595,0.5527,0.5047,1091.0,29450.0,29450.0,22705.0,41606.0,1.0,61.0,6.0,1.0,1.0,1.0,0.0,1.0,1.0,0.0,1.0,-0.8322096403443255
12123.0,1.0,9.0,3.0,3.0,1.0,2849.0,0.0084,0.0011,0.9021,0.00039999999999999996,0.0007,0.0,0.0031999999999999997,0.0,0.0842,0.0611,0.775,0.10729999999999999,0.9047,1054.0,2019.0,4041.0,2066.0,7529.0,1.0,17.0,2.0,0.0,1.0,1.0,0.0,0.0,0.0,0.0,0.0,-1.6273492693394298
2294.0,1.0,3.0,2.0,2.0,1.0,2083.0,0.8113,0.035,0.0293,0.0086,0.0048,0.001,0.0034,0.001,0.1056,0.651,0.3593,0.2293,,,3280.0,6220.0,4393.0,7831.0,1.0,38.0,2.0,1.0,1.0,0.0,0.0,0.0,0.0,0.0,0.0,-1.2199313193492067
41732.0,3.0,7.0,1.0,1.0,2.0,262.0,0.8587770992366411,0.0037992366412213743,0.06871679389312976,0.011445801526717557,0.007646564885496183,0.01528702290076336,0.015270992366412215,0.0,0.01906030534351145,0.2595480916030534,0.3003122137404581,0.3350595419847328,,,,,11199.24427480916,14240.45038167939,0.0,1.0,1.0,1.0,0.0,0.0,0.0,0.0,0.0,0.0,0.0,-1.2281569650488111
12550.0,1.0,8.0,2.0,2.0,1.0,8487.0,0.1115,0.0318,0.7599,0.0527,0.0015,0.0007,0.01,0.0105,0.0214,0.7453,0.3509,0.0308,,,1220.0,6810.0,7549.0,13377.0,1.0,34.0,2.0,1.0,1.0,0.0,0.0,0.0,0.0,0.0,0.0,-1.1448526111031028
22171.0,3.0,6.0,1.0,3.0,11.0,10253.0,0.42397854286550274,0.0690445918267824,0.3517072076465425,0.06729072466595143,0.024766429337754806,0.002843450697356871,0.037250746123085925,0.00019330927533404857,0.022904057349068568,0.0,0.5040623622354432,0.6344417146201112,,,,,16634.472739685945,22605.457524626938,0.0,10.0,3.0,1.0,1.0,1.0,0.0,0.0,0.0,0.0,0.0,-1.4038498835225823
36423.0,3.0,8.0,1.0,1.0,1.0,325.0,0.6708,0.0123,0.21230000000000002,0.0154,0.0123,0.0031000000000000003,0.0185,0.0,0.0554,0.16,0.6514,0.756,,,,,22561.0,26157.0,0.0,5.0,1.0,1.0,0.0,0.0,0.0,0.0,0.0,0.0,0.0,-1.3732357836164821
3304.0,2.0,2.0,3.0,3.0,1.0,2332.0,0.7689,0.029600000000000005,0.0609,0.027,0.0017,0.0,0.015400000000000002,0.0116,0.0849,0.0322,0.0784,0.4122,0.528,,44145.0,44145.0,29949.0,55200.0,1.0,38.0,3.0,1.0,1.0,1.0,0.0,0.0,0.0,0.0,0.0,-0.9987438407487798
3451.0,1.0,5.0,3.0,4.0,1.0,9058.0,0.6958,0.1987,0.0363,0.0066,0.0034,0.0009000000000000001,0.0434,0.0104,0.0044,0.0649,0.3921,0.7055,0.636,996.0,10320.0,23660.0,14361.0,21781.0,1.0,50.0,5.0,1.0,0.0,1.0,0.0,1.0,1.0,0.0,1.0,-0.688039421296726
20748.0,2.0,5.0,3.0,4.0,1.0,774.0,0.314,0.2171,0.0827,0.0233,0.009,0.0,0.0,0.0233,0.3307,0.3101,0.4868,0.6801,0.571,,10500.0,10500.0,23037.0,27600.0,1.0,20.0,6.0,1.0,1.0,1.0,1.0,1.0,0.0,1.0,0.0,-1.0451882195988067
13074.0,3.0,8.0,1.0,1.0,1.0,97.0,0.1031,0.0619,0.7835,0.0412,0.0,0.0,0.0103,0.0,0.0,0.567,0.82,0.54,,,,,12476.0,16732.0,0.0,1.0,1.0,1.0,0.0,0.0,0.0,0.0,0.0,0.0,0.0,-1.4207313740760283
3394.0,2.0,2.0,3.0,4.0,1.0,2316.0,0.737,0.0307,0.05870000000000001,0.0225,0.0013,0.0013,0.0415,0.0864,0.0207,0.044,0.34,0.7265,0.7863,1045.0,31262.0,31262.0,25446.0,44685.0,1.0,50.0,5.0,0.0,0.0,1.0,0.0,1.0,1.0,1.0,1.0,-0.8922186959170355
5533.0,1.0,4.0,1.0,2.0,1.0,5825.0,0.3567,0.3045,0.0831,0.1761,0.01,0.0007,0.0628,0.0019000000000000002,0.0041,0.5717,0.5987,0.4797,,,5478.0,5478.0,13649.0,18228.0,1.0,45.0,2.0,1.0,1.0,0.0,0.0,0.0,0.0,0.0,0.0,-1.2569776766062706
8886.0,1.0,3.0,1.0,1.0,1.0,102.0,0.8235,0.1667,0.0,0.0,0.0,0.0,0.0098,0.0,0.0,0.1275,0.697,0.9544999999999999,,,,,10174.0,13771.0,0.0,7.0,1.0,1.0,0.0,0.0,0.0,0.0,0.0,0.0,0.0,-1.512411433534571
13008.0,3.0,8.0,1.0,1.0,1.0,17.0,0.8235,0.0588,0.0,0.0,0.0,0.0,0.1176,0.0,0.0,0.0,0.8158,1.0,,,,,14421.0,17529.0,0.0,1.0,1.0,1.0,0.0,0.0,0.0,0.0,0.0,0.0,0.0,-0.8299433104238971
10198.0,3.0,5.0,2.0,4.0,15.0,10258.0,0.3974,0.4179,0.0836,0.0317,0.0071,0.0022,0.0281,0.0004,0.0315,0.0,0.4346,0.5001,0.7949,,14245.0,14245.0,19290.0,24041.0,1.0,22.0,4.0,1.0,1.0,1.0,0.0,1.0,0.0,0.0,0.0,-0.761669941562277
25594.0,3.0,8.0,1.0,1.0,10.0,1142.0,0.24343266199649735,0.2460596322241681,0.3441399299474606,0.08755420315236428,0.009637828371278459,0.004380385288966725,0.0052430823117338,0.0,0.05954422066549912,0.0,0.8322971103327497,0.8001036777583189,,,,,25153.542907180385,28106.7880910683,0.0,15.0,2.0,1.0,1.0,0.0,0.0,0.0,0.0,0.0,0.0,-1.2525828744303662
7191.0,1.0,2.0,2.0,2.0,2.0,9963.0,0.6032,0.1155,0.2037,0.0245,0.0027,0.002,0.023,0.0079,0.0175,0.5499,0.4148,0.238,,,3840.0,12420.0,6043.0,10924.0,1.0,60.0,2.0,1.0,1.0,0.0,0.0,0.0,0.0,0.0,0.0,-0.9867651341571698
1521.0,2.0,5.0,3.0,4.0,1.0,2946.0,0.6056,0.148,0.166,0.0139,0.0041,0.0044,0.0058000000000000005,0.0153,0.037,0.0791,0.3977,0.5955,0.4394,965.0,22202.0,22202.0,19942.0,31855.0,1.0,47.0,5.0,1.0,1.0,1.0,0.0,1.0,1.0,0.0,0.0,-0.7766329701185188
2836.0,1.0,2.0,3.0,4.0,1.0,13372.0,0.5498,0.0516,0.1014,0.1428,0.001,0.0007,0.0242,0.1044,0.0242,0.0348,0.2861,0.46530000000000005,0.4406,1287.0,8620.0,20260.0,18536.0,22688.0,1.0,74.0,5.0,0.0,0.0,1.0,0.0,1.0,1.0,1.0,1.0,-1.4716782884052406
33673.0,3.0,8.0,2.0,2.0,1.0,248.0,0.746,0.0242,0.0484,0.08470000000000001,0.0161,0.0,0.0,0.0806,0.0,0.0,0.4075,0.6038,,,15000.0,15000.0,27192.0,29140.0,1.0,2.0,1.0,0.0,1.0,0.0,0.0,0.0,0.0,0.0,0.0,-1.3454506649752682
21400.0,2.0,5.0,1.0,2.0,1.0,270.0,0.7259,0.1444,0.0333,0.0296,0.0037,0.0,0.0556,0.0,0.0074,0.0926,0.47950000000000004,0.7179,,,,,,,,5.0,2.0,1.0,1.0,0.0,0.0,0.0,0.0,0.0,0.0,-1.4969966401170653
3924.0,1.0,3.0,3.0,4.0,1.0,8880.0,0.8822,0.0204,0.030300000000000004,0.0261,0.0038,0.0007,0.0186,0.0163,0.0016,0.0617,0.3394,0.6503,0.8941,1050.0,7668.0,15241.0,13566.0,16411.0,1.0,59.0,4.0,0.0,1.0,1.0,0.0,1.0,0.0,1.0,0.0,-0.883455022928112
2994.0,1.0,4.0,3.0,4.0,1.0,2570.0,0.6922,0.0447,0.0486,0.0117,0.0175,0.0027,0.028799999999999996,0.1284,0.0253,0.1953,0.22250000000000003,0.3841,0.5768,1035.0,6225.0,6225.0,10567.0,14689.0,1.0,49.0,6.0,1.0,1.0,1.0,1.0,1.0,0.0,0.0,1.0,-0.9706096855504568
22859.0,3.0,6.0,1.0,1.0,3.0,530.0,0.015091509433962265,0.001893396226415094,0.9679143396226415,0.0,0.0,0.0,0.0,0.015120754716981134,0.0,0.6018950943396227,0.7355549056603774,0.62214,,,,,11578.603773584906,16754.509433962263,0.0,1.0,1.0,1.0,0.0,0.0,0.0,0.0,0.0,0.0,0.0,-1.1260992948999449
23357.0,2.0,5.0,1.0,1.0,2.0,82.0,0.8536243902439024,0.08537317073170732,0.024354878048780487,0.024354878048780487,0.0,0.0,0.012215853658536585,0.0,0.0,0.0,0.3618390243902439,0.6719548780487805,,,,,,,,2.0,1.0,1.0,0.0,0.0,0.0,0.0,0.0,0.0,0.0,-1.500036074125606
2879.0,1.0,2.0,2.0,2.0,1.0,1146.0,0.4415,0.24609999999999999,0.185,0.0096,0.007,0.0008999999999999999,0.0209,0.0052,0.0838,0.2077,0.5267,0.3781,,,5300.0,9774.0,7524.0,13781.0,1.0,34.0,2.0,1.0,1.0,0.0,0.0,0.0,0.0,0.0,0.0,-1.3293851193635275
2108.0,2.0,2.0,3.0,4.0,1.0,1408.0,0.7536,0.0334,0.0362,0.015600000000000001,0.005,0.0,0.0234,0.0874,0.04549999999999999,0.0085,0.1376,0.6628,0.5566,,42592.0,42592.0,30079.0,54067.0,1.0,27.0,2.0,0.0,0.0,1.0,0.0,1.0,0.0,0.0,0.0,-0.8881190069644201
2115.0,2.0,1.0,3.0,3.0,1.0,1792.0,0.4191,0.1239,0.1311,0.1306,0.0033,0.0006,0.0452,0.096,0.0502,0.0,0.219,0.1613,0.1384,1439.0,48526.0,48526.0,17801.0,61544.0,1.0,36.0,1.0,0.0,0.0,1.0,0.0,0.0,0.0,0.0,0.0,-1.7318229900146416
25511.0,3.0,5.0,1.0,1.0,1.0,60.0,0.9167,0.0333,0.0167,0.0,0.0,0.0167,0.0167,0.0,0.0,0.0,0.6364,0.6,,,,,10317.0,13190.0,0.0,1.0,1.0,1.0,0.0,0.0,0.0,0.0,0.0,0.0,0.0,-0.27771589615189507
2519.0,1.0,4.0,3.0,4.0,1.0,8936.0,0.622,0.1932,0.0254,0.0485,0.0043,0.0018000000000000002,0.0188,0.031100000000000003,0.0551,0.3457,0.2927,0.4073,0.7578,1105.0,8844.0,23142.0,12318.0,22165.0,1.0,65.0,6.0,1.0,0.0,1.0,0.0,1.0,1.0,1.0,1.0,-0.9752575096380047
34933.0,3.0,2.0,1.0,1.0,3.0,1498.0,0.21095667556742323,0.7469966622162884,0.014009746328437917,0.0060242323097463284,0.0020080774365821095,0.0,0.010003137516688918,0.0,0.01000146862483311,0.0,0.6894399198931909,0.6908755006675569,,,,,16545.09479305741,20766.54539385848,0.0,12.0,2.0,1.0,1.0,0.0,0.0,0.0,0.0,0.0,0.0,-1.251047211711865
7649.0,3.0,7.0,3.0,4.0,1.0,1013.0,0.5953,0.08979999999999999,0.0938,0.0237,0.0375,0.0,0.0099,0.001,0.1491,0.4215,0.387,0.6752,,,19468.0,19468.0,31129.0,33945.0,1.0,8.0,3.0,1.0,0.0,1.0,0.0,1.0,0.0,0.0,0.0,-0.3262356896969253
6582.0,2.0,2.0,1.0,1.0,2.0,89.0,0.9550741573033708,0.03369438202247191,0.0,0.0,0.0,0.0,0.011231460674157303,0.0,0.0,0.0,0.40847191011235956,0.7271280898876404,,,,,,,,3.0,1.0,1.0,0.0,0.0,0.0,0.0,0.0,0.0,0.0,-1.4598598132548808
1016.0,1.0,5.0,3.0,4.0,1.0,5485.0,0.7123,0.1384,0.027199999999999995,0.0047,0.0093,0.0009,0.0235,0.0425,0.0412,0.1535,0.4051,0.6733,0.6788,1029.0,7412.0,13268.0,11294.0,15494.0,1.0,47.0,3.0,0.0,0.0,1.0,0.0,1.0,0.0,0.0,1.0,-0.7213061043416051
12574.0,2.0,5.0,3.0,3.0,1.0,1216.0,0.551,0.0263,0.1488,0.0757,0.009,0.0008,0.0222,0.1571,0.009,0.0395,0.3033,0.5626,0.8522000000000001,,40040.0,40040.0,45764.0,55704.0,1.0,6.0,1.0,0.0,0.0,1.0,0.0,0.0,0.0,0.0,0.0,-0.4728929695973408
1573.0,1.0,5.0,3.0,4.0,1.0,2415.0,0.6277,0.282,0.0402,0.0095,0.0012,0.0017000000000000001,0.0153,0.0178,0.0046,0.2774,0.4747,0.5906,0.6964,970.0,5158.0,15163.0,12503.0,18420.0,1.0,27.0,4.0,1.0,0.0,1.0,0.0,1.0,0.0,0.0,1.0,-0.9502828139946502
1816.0,1.0,3.0,3.0,4.0,1.0,5398.0,0.7514,0.0784,0.0845,0.013899999999999997,0.0019,0.0002,0.029100000000000004,0.0256,0.0152,0.2925,0.3377,0.38269999999999993,0.7333,942.0,6905.0,18081.0,10377.0,16178.0,1.0,51.0,5.0,1.0,1.0,1.0,0.0,1.0,0.0,0.0,1.0,-0.7441981135737947
10858.0,3.0,6.0,1.0,1.0,3.0,843.0,0.590776512455516,0.0770729537366548,0.2645313167259786,0.01661459074733096,0.015390035587188614,0.004741637010676157,0.015420996441281138,0.0,0.015394661921708186,0.4507733096085409,0.6466686832740214,0.7058476868327401,,,,,11618.49822064057,15510.55871886121,0.0,1.0,1.0,1.0,0.0,0.0,0.0,0.0,0.0,0.0,0.0,-1.5819959458148407
1701.0,1.0,3.0,1.0,2.0,1.0,2654.0,0.8602000000000001,0.0757,0.0256,0.0053,0.0068,0.0004,0.0215,0.0008,0.0038,0.4197,0.2876,0.0856,,,3808.0,13088.0,5732.0,9808.0,1.0,50.0,2.0,1.0,1.0,0.0,0.0,0.0,0.0,0.0,0.0,-2.3366901795106614
1772.0,2.0,3.0,3.0,4.0,3.0,1087.0,0.5124201471941123,0.1785099356025759,0.1554292548298068,0.02301278748850046,0.0009460901563937442,0.0037055197792088316,0.029407635694572217,0.01103771849126035,0.08558859245630175,0.265872493100276,0.5185535418583256,0.870149402023919,1.0,1062.0,27360.0,27360.0,20535.0,39292.0,1.0,33.0,5.0,0.0,0.0,1.0,0.0,1.0,1.0,1.0,1.0,-0.5886681105299247
10052.0,1.0,2.0,1.0,1.0,1.0,77.0,0.8312000000000002,0.0649,0.0519,0.013,0.013,0.0,0.026,0.0,0.0,0.0,0.75,0.8214,1.0,,9182.0,9182.0,12437.0,17982.0,1.0,1.0,1.0,1.0,0.0,0.0,0.0,0.0,0.0,0.0,0.0,-1.7367891943229203
2440.0,1.0,5.0,3.0,4.0,1.0,17799.0,0.7735,0.1454,0.0284,0.0157,0.0029,0.0011,0.0197,0.0117,0.0016,0.0776,0.2838,0.4545,0.8122,1098.0,7096.0,19144.0,14318.0,22444.0,1.0,90.0,6.0,0.0,0.0,1.0,1.0,1.0,1.0,1.0,1.0,-0.9359757051905532
31109.0,3.0,4.0,1.0,1.0,1.0,35.0,0.6857,0.3143,0.0,0.0,0.0,0.0,0.0,0.0,0.0,0.0,0.6528,0.6667,,,,,16085.0,18634.0,0.0,1.0,1.0,1.0,0.0,0.0,0.0,0.0,0.0,0.0,0.0,-1.37777085018217
1776.0,1.0,3.0,3.0,4.0,1.0,16635.0,0.3591,0.0789,0.2644,0.2284,0.0011,0.0026,0.0248,0.0223,0.0184,0.0744,0.5115,0.5013,0.7448,1125.0,13634.0,26024.0,13811.0,25146.0,1.0,99.0,5.0,0.0,0.0,1.0,0.0,1.0,1.0,1.0,1.0,-1.4146830597214597
3289.0,2.0,2.0,3.0,4.0,1.0,5034.0,0.6736,0.0373,0.0826,0.0803,0.001,0.0,0.0254,0.0747,0.025,0.0141,0.1476,0.4397,0.3427,1326.0,44890.0,44890.0,31267.0,57043.0,1.0,84.0,3.0,0.0,0.0,1.0,0.0,1.0,1.0,0.0,0.0,-1.570284227999736
23028.0,3.0,5.0,1.0,1.0,1.0,61.0,0.8361,0.1148,0.0164,0.0328,0.0,0.0,0.0,0.0,0.0,0.0,0.6383,0.0,,,,,8234.0,12088.0,0.0,1.0,1.0,1.0,0.0,0.0,0.0,0.0,0.0,0.0,0.0,-0.7564108509589892
2139.0,2.0,1.0,3.0,4.0,1.0,2239.0,0.6007,0.038,0.0598,0.0674,0.0004,0.0009,0.0237,0.1376,0.0715,0.015599999999999998,0.2298,0.5576,0.5403,,40730.0,40730.0,22065.0,48366.0,1.0,43.0,5.0,1.0,0.0,1.0,0.0,1.0,1.0,0.0,1.0,-0.8463898764762529
8871.0,3.0,7.0,1.0,2.0,2.0,1316.0,0.2826797872340425,0.2811240881458966,0.26442127659574466,0.036434270516717326,0.009882142857142858,0.0045830547112462,0.028127051671732524,0.0007517477203647416,0.09191223404255318,0.0,0.5312485562310031,0.7072692249240122,0.7525015197568389,,,,21314.750759878418,26725.047872340427,0.0,6.0,2.0,1.0,1.0,0.0,0.0,0.0,0.0,0.0,0.0,-1.4971764469190987
22188.0,3.0,6.0,1.0,4.0,4.0,2608.0,0.259936273006135,0.14495283742331289,0.4574429831288344,0.014573888036809816,0.07708140337423312,0.0046151073619631906,0.019541027607361965,0.00036422546012269936,0.021459777607361962,0.31748688650306744,0.7100125000000002,0.6390266104294479,,,,,26088.315950920245,29155.63573619632,0.0,14.0,4.0,1.0,1.0,1.0,0.0,1.0,0.0,0.0,0.0,-1.1356714230278357
12261.0,1.0,5.0,1.0,2.0,1.0,1662.0,0.9061,0.0036,0.04750000000000001,0.0024,0.0096,0.0006,0.0283,0.0018,0.0,0.32189999999999996,0.6128,0.2441,,,1896.0,4176.0,3785.0,9482.0,1.0,30.0,2.0,1.0,1.0,0.0,0.0,0.0,0.0,0.0,0.0,-1.3481597246384336
3638.0,2.0,6.0,3.0,3.0,1.0,813.0,0.0529,0.8549,0.0849,0.0012,0.0012,0.0,0.0,0.0037,0.0012,0.0431,0.8733,0.8826,,,10008.0,10008.0,14884.0,21046.0,1.0,19.0,2.0,0.0,1.0,1.0,0.0,0.0,0.0,0.0,0.0,-0.08505247033689124
2181.0,1.0,1.0,3.0,4.0,1.0,1395.0,0.8832000000000001,0.023699999999999995,0.028699999999999996,0.0272,0.0129,0.0007,0.0007,0.005,0.0179,0.0158,0.1897,0.7674,0.616,1105.0,7250.0,22304.0,15785.0,22073.0,1.0,9.0,2.0,0.0,0.0,1.0,0.0,1.0,0.0,0.0,0.0,-1.1926125199553
3549.0,1.0,6.0,2.0,2.0,1.0,17095.0,0.6332,0.096,0.1899,0.0232,0.0038999999999999994,0.001,0.0288,0.0104,0.0137,0.4288,0.2906,0.3118,,,2136.0,5064.0,11862.0,15142.0,1.0,50.0,2.0,1.0,1.0,0.0,0.0,0.0,0.0,0.0,0.0,-1.3931836190704245
3518.0,2.0,5.0,3.0,4.0,1.0,2603.0,0.49100000000000005,0.11059999999999999,0.2124,0.0788,0.0046,0.0069,0.0392,0.0565,0.0,0.1348,0.371,0.5848,,,20240.0,20240.0,20026.0,30092.0,1.0,80.0,6.0,1.0,1.0,1.0,0.0,1.0,0.0,1.0,1.0,-0.7851680976679339
2266.0,2.0,3.0,3.0,4.0,1.0,2020.0,0.7866,0.1233,0.0436,0.0114,0.0069,0.001,0.004,0.0233,0.0,0.2668,0.4218,0.7441,0.6884,1051.0,25112.0,25112.0,19570.0,34889.0,1.0,44.0,3.0,0.0,1.0,1.0,0.0,1.0,0.0,0.0,0.0,-0.6379304099220148
7669.0,1.0,3.0,1.0,2.0,1.0,1356.0,0.955,0.0096,0.0088,0.0111,0.0015000000000000002,0.0007,0.013300000000000001,0.0,0.0,0.4336,0.3005,0.3232,,,4076.0,5996.0,8480.0,12620.0,1.0,39.0,2.0,1.0,1.0,0.0,0.0,0.0,0.0,0.0,0.0,-1.757168024458436
12483.0,3.0,6.0,1.0,1.0,3.0,830.0,0.3999855421686747,0.12412578313253012,0.3819277108433735,0.03130457831325301,0.002389879518072289,0.0024057831325301204,0.05542313253012049,0.0012106024096385545,0.001194698795180723,0.0,0.45478578313253015,0.5877040963855422,,,,,18889.64096385542,21754.219277108434,0.0,1.0,1.0,1.0,0.0,0.0,0.0,0.0,0.0,0.0,0.0,-1.2159989647296887
3051.0,1.0,3.0,3.0,4.0,8.0,39307.0,0.7876471798916224,0.08012674332816039,0.02656692446638003,0.011032671025517084,0.00250980741343781,0.000676838731014832,0.027063960617701683,0.0358124786933625,0.028525285572544325,0.38929326583051366,0.41271492609458876,0.6362559289693946,0.8437999999999999,1050.0,8156.188159869744,16116.188159869744,15629.461622611749,20042.80713358944,1.0,125.0,8.0,1.0,1.0,1.0,1.0,1.0,1.0,1.0,1.0,-0.6165746353780617
2968.0,2.0,5.0,3.0,3.0,1.0,1016.0,0.0128,0.9518,0.0079,0.001,0.003,0.0,0.0,0.0177,0.0059,0.0148,0.6205,0.6844,0.7403,740.0,17890.0,17890.0,27654.0,31636.0,1.0,30.0,1.0,0.0,0.0,1.0,0.0,0.0,0.0,0.0,0.0,-0.18588794237877673
8078.0,1.0,1.0,2.0,2.0,1.0,6069.0,0.4999,0.1562,0.271,0.0325,0.0054,0.0008,0.0201,0.0082,0.0058,0.5001,0.5618,0.24619999999999997,,,5106.0,11616.0,8754.0,13036.0,1.0,54.0,2.0,1.0,1.0,0.0,0.0,0.0,0.0,0.0,0.0,-1.7274847387639694
3210.0,1.0,8.0,3.0,4.0,2.0,23720.0,0.6816766441821248,0.012635223440134909,0.07991511382799325,0.06771195193929173,0.0068720278246205725,0.0035229131534569983,0.06420451096121417,0.05815661888701517,0.02530164418212479,0.23102900505902196,0.326797828836425,0.51144586846543,0.7776,1112.0,9122.0,26294.0,18202.0,23326.0,1.0,102.0,6.0,1.0,0.0,1.0,0.0,1.0,1.0,1.0,1.0,-1.1040480637249994
38044.0,3.0,5.0,1.0,2.0,1.0,320.0,0.059399999999999994,0.8469,0.059399999999999994,0.0031,0.0,0.0,0.0156,0.0,0.0156,0.0,0.6098,0.6393,,,,,21287.0,26769.0,0.0,2.0,2.0,1.0,1.0,0.0,0.0,0.0,0.0,0.0,0.0,-0.7081169850147905
1566.0,1.0,5.0,3.0,4.0,1.0,2172.0,0.0373,0.9319,0.0115,0.0009,0.0014,0.0005,0.0134,0.0028,0.0005,0.105,0.7701,0.8758,0.24189999999999998,873.0,6448.0,18954.0,15001.0,20479.0,1.0,39.0,3.0,0.0,0.0,1.0,0.0,1.0,0.0,0.0,1.0,-0.16786269065568718
25212.0,3.0,6.0,1.0,1.0,1.0,204.0,0.4216,0.2745,0.2843,0.0196,0.0,0.0,0.0,0.0,0.0,0.2843,0.6186,0.7119,,,,,20174.0,24774.0,0.0,5.0,1.0,1.0,0.0,0.0,0.0,0.0,0.0,0.0,0.0,-1.4801658642583733
2583.0,1.0,1.0,2.0,2.0,1.0,1857.0,0.8837,0.0162,0.0113,0.0361,0.0032,0.0011,0.0102,0.0,0.0382,0.6936,0.3649,0.4768,,,7104.0,15264.0,16234.0,19448.0,1.0,30.0,2.0,1.0,1.0,0.0,0.0,0.0,0.0,0.0,0.0,-1.1203820829583198
25587.0,3.0,2.0,1.0,1.0,3.0,505.0,0.12872336633663367,0.7049499009900989,0.08714257425742575,0.007965940594059407,0.0059596039603960396,0.0,0.017817029702970298,0.0,0.04752000000000001,0.20199920792079207,0.6890227722772276,0.7610653465346535,0.7768295049504951,,,,25641.50693069307,27803.231683168317,0.0,3.0,1.0,1.0,0.0,0.0,0.0,0.0,0.0,0.0,0.0,-0.6354995910055126
1666.0,2.0,3.0,3.0,4.0,1.0,1491.0,0.5533,0.1294,0.24079999999999996,0.022799999999999997,0.0007000000000000001,0.0013,0.030199999999999998,0.0087,0.012700000000000001,0.0637,0.4233,0.7531,0.5385,1031.0,28718.0,28718.0,17937.0,36468.0,1.0,61.0,5.0,0.0,1.0,1.0,0.0,1.0,1.0,0.0,1.0,-0.8551366220776104
4742.0,1.0,6.0,1.0,2.0,1.0,22767.0,0.3036,0.03,0.4814,0.0211,0.0732,0.0026,0.0221,0.0348,0.031099999999999996,0.6419,0.3945,0.1769,,,1376.0,6656.0,4043.0,9403.0,1.0,86.0,2.0,1.0,1.0,0.0,0.0,0.0,0.0,0.0,0.0,-1.7184849095977879
3816.0,1.0,5.0,2.0,2.0,1.0,1681.0,0.9233,0.0107,0.0012,0.003,0.0,0.0,0.0054,0.0,0.0565,0.2665,0.4965,0.05000000000000001,,,3048.0,4564.0,6212.0,12099.0,1.0,27.0,2.0,1.0,1.0,0.0,0.0,0.0,0.0,0.0,0.0,-1.2523898225598837
1077.0,1.0,6.0,1.0,2.0,1.0,19055.0,0.5002,0.0661,0.23539999999999997,0.039,0.0403,0.0046,0.0205,0.0257,0.0682,0.6457,0.3423,0.2207,,,2046.0,7830.0,8494.0,12575.0,1.0,77.0,2.0,1.0,1.0,0.0,0.0,0.0,0.0,0.0,0.0,-1.7736655378428277
37893.0,3.0,5.0,1.0,1.0,5.0,474.0,0.30590168776371307,0.6392466244725739,0.012662447257383967,0.0,0.0,0.0021118143459915614,0.0,0.0,0.040077426160337555,0.0,0.7951537974683544,0.8010774261603375,,,,,20731.976793248945,24899.008438818564,0.0,10.0,1.0,1.0,0.0,0.0,0.0,0.0,0.0,0.0,0.0,-1.0413526940483757
7118.0,1.0,3.0,2.0,2.0,1.0,7232.0,0.603,0.1618,0.0624,0.0434,0.0047,0.0004,0.0119,0.0037,0.1087,0.5265,0.3297,0.2759,,,3945.0,14355.0,6486.0,10707.0,1.0,64.0,2.0,1.0,1.0,0.0,0.0,0.0,0.0,0.0,0.0,-1.5002746156457587
1093.0,2.0,5.0,3.0,3.0,1.0,788.0,0.6701,0.22209999999999996,0.04190000000000001,0.0013,0.014,0.0013,0.015200000000000002,0.0317,0.0025,0.1574,0.4426,0.5913,0.5697,985.0,13800.0,13800.0,12237.0,21616.0,1.0,22.0,2.0,0.0,1.0,1.0,0.0,0.0,0.0,0.0,0.0,-0.7433061239494364
1739.0,2.0,3.0,3.0,4.0,1.0,8725.0,0.5263,0.0579,0.1084,0.1693,0.0005,0.0,0.053,0.0738,0.0109,0.0422,0.14,0.3237,0.1311,1461.0,47251.0,47251.0,27291.0,63028.0,1.0,134.0,7.0,1.0,0.0,1.0,1.0,1.0,1.0,1.0,1.0,-1.7846565251632454
3119.0,1.0,3.0,1.0,2.0,1.0,16090.0,0.6571,0.1482,0.0278,0.0133,0.0052,0.0017,0.0271,0.0132,0.1062,0.6988,0.4224,0.3838,,,2304.0,6592.0,4754.0,7964.0,1.0,101.0,2.0,1.0,1.0,0.0,0.0,0.0,0.0,0.0,0.0,-1.1409797549980143
8918.0,1.0,8.0,1.0,2.0,1.0,18540.0,0.544,0.0222,0.2461,0.0912,0.0025,0.003,0.0507,0.0225,0.0178,0.679,0.1513,0.0202,,,1142.0,5702.0,9213.0,15171.0,1.0,85.0,2.0,1.0,1.0,0.0,0.0,0.0,0.0,0.0,0.0,-1.6780601889434257
2929.0,2.0,5.0,3.0,4.0,1.0,2688.0,0.6894,0.1767,0.025700000000000004,0.0078,0.0071,0.0,0.0,0.0119,0.0815,0.2106,0.24,0.4028,0.6712,1020.0,27080.0,27080.0,20173.0,37620.0,1.0,51.0,6.0,0.0,1.0,1.0,0.0,1.0,1.0,1.0,1.0,-0.6847518699095906
1362.0,1.0,7.0,1.0,2.0,1.0,962.0,0.5239,0.0385,0.2848,0.0062,0.0135,0.0052,0.034300000000000004,0.0551,0.0385,0.3399,0.4596,0.2636,,,4033.0,6990.0,10394.0,16770.0,1.0,17.0,2.0,1.0,1.0,0.0,0.0,0.0,0.0,0.0,0.0,-1.3367453725306526
1976.0,1.0,5.0,3.0,4.0,1.0,7212.0,0.9027,0.0409,0.0134,0.0031,0.0018,0.0011,0.0136,0.010400000000000001,0.013,0.1432,0.3741,0.4885,0.8443,1029.0,7866.0,19666.0,10830.0,18191.0,1.0,60.0,5.0,0.0,1.0,1.0,0.0,1.0,1.0,0.0,1.0,-0.663429039781994
3985.0,2.0,6.0,3.0,4.0,1.0,2947.0,0.4934,0.1412,0.08720000000000001,0.0217,0.0316,0.0,0.0502,0.0662,0.1086,0.1517,0.4227000000000001,0.6283,0.7976,1010.0,23410.0,23410.0,20477.0,36011.0,1.0,95.0,6.0,1.0,0.0,1.0,0.0,1.0,1.0,1.0,1.0,-0.5518609288672593
3230.0,2.0,2.0,3.0,3.0,1.0,1968.0,0.7917,0.0473,0.0645,0.0224,0.001,0.0,0.0437,0.0244,0.0051,0.0066,0.2628,0.6742,0.7177,1170.0,40660.0,40660.0,25524.0,51883.0,1.0,30.0,1.0,0.0,0.0,1.0,0.0,0.0,0.0,0.0,0.0,-0.8324098034488542
3797.0,2.0,8.0,3.0,4.0,1.0,2550.0,0.7467,0.009,0.0722,0.0678,0.0012,0.0,0.0922,0.0035,0.0075,0.0106,0.1906,0.5185,0.7929,1230.0,43428.0,43428.0,37400.0,55948.0,1.0,48.0,4.0,0.0,0.0,1.0,0.0,1.0,1.0,1.0,0.0,-1.0238025318595934
7120.0,1.0,4.0,2.0,2.0,1.0,14356.0,0.7416,0.07949999999999999,0.066,0.0341,0.0038,0.0006999999999999999,0.0243,0.010400000000000001,0.0397,0.4894,0.4165,0.4518,,,4170.0,8340.0,11171.0,14312.0,1.0,54.0,2.0,1.0,1.0,0.0,0.0,0.0,0.0,0.0,0.0,-1.3161157219531705
23566.0,3.0,5.0,1.0,1.0,1.0,95.0,0.4737,0.4632,0.0105,0.0211,0.0211,0.0,0.0105,0.0,0.0,0.2316,0.4731000000000001,0.4731000000000001,,,,,14413.0,20258.0,0.0,1.0,1.0,1.0,0.0,0.0,0.0,0.0,0.0,0.0,0.0,-1.5182993905055095
23502.0,1.0,2.0,1.0,1.0,1.0,84.0,0.8452,0.1429,0.0,0.0,0.0119,0.0,0.0,0.0,0.0,0.7024,0.5556,0.7556,,,,,13960.0,16377.0,0.0,15.0,1.0,1.0,0.0,0.0,0.0,0.0,0.0,0.0,0.0,-1.1624281379532684
25769.0,3.0,8.0,1.0,3.0,1.0,3256.0,0.4373,0.0599,0.3093,0.0123,0.0405,0.05770000000000001,0.0436,0.0,0.0393,0.0,0.8307,0.7503,,,19532.0,19532.0,27226.0,30854.0,1.0,25.0,4.0,1.0,1.0,1.0,0.0,1.0,0.0,0.0,0.0,-0.918094972327513
3991.0,1.0,5.0,2.0,2.0,1.0,11186.0,0.5975,0.23509999999999998,0.0788,0.0156,0.0042,0.0013,0.0224,0.0023,0.0427,0.5681,0.6139,0.4705,,,4094.0,8438.0,7842.0,13061.0,1.0,48.0,2.0,1.0,1.0,0.0,0.0,0.0,0.0,0.0,0.0,-0.9417689999570077
1203.0,1.0,8.0,2.0,2.0,1.0,13471.0,0.461,0.0246,0.30749999999999994,0.102,0.0013,0.0009,0.0282,0.053,0.0215,0.5205,0.4098,0.0161,,,1175.0,5663.0,3057.0,9204.0,1.0,61.0,2.0,1.0,1.0,0.0,0.0,0.0,0.0,0.0,0.0,-1.5325482017900045
12090.0,3.0,5.0,1.0,1.0,1.0,233.0,0.1974,0.1073,0.6009,0.0086,0.0043,0.0,0.0258,0.0343,0.021499999999999995,0.5622,0.5686,0.5229,,,,,27570.0,30695.0,0.0,1.0,1.0,1.0,0.0,0.0,0.0,0.0,0.0,0.0,0.0,-1.3543172448725957
3366.0,2.0,2.0,3.0,4.0,1.0,1932.0,0.8183,0.0569,0.0078,0.0129,0.0005,0.0036,0.011399999999999999,0.0243,0.0642,0.1884,0.2568,0.7881,0.6872,1033.0,31078.0,31078.0,23559.0,44190.0,1.0,61.0,6.0,0.0,1.0,1.0,0.0,1.0,1.0,1.0,1.0,-0.8329252258650325
20653.0,2.0,6.0,3.0,4.0,1.0,454.0,0.7004,0.0198,0.0176,0.022,0.0352,0.0,0.0352,0.0485,0.1211,0.2004,0.45499999999999996,0.6073000000000001,0.6873,1073.0,26415.0,26415.0,24851.0,41256.0,1.0,35.0,5.0,0.0,0.0,1.0,1.0,1.0,1.0,0.0,1.0,-0.9550158054652537
3109.0,2.0,3.0,3.0,3.0,1.0,1725.0,0.7241,0.0672,0.0417,0.0232,0.0006,0.0,0.0458,0.0725,0.024900000000000002,0.0058,0.2459,0.6262,0.743,,41920.0,41920.0,27823.0,55547.0,1.0,53.0,1.0,0.0,0.0,1.0,0.0,0.0,0.0,0.0,0.0,-0.7227778967923876
4899.0,2.0,2.0,1.0,1.0,1.0,160.0,0.9187999999999998,0.05,0.0125,0.0063,0.0,0.0,0.0,0.0,0.0125,0.1875,0.3988,0.7857,0.8888999999999999,1177.0,14620.0,14620.0,25220.0,28198.0,1.0,2.0,1.0,1.0,0.0,0.0,0.0,0.0,0.0,0.0,0.0,-1.5332082647814873
3483.0,1.0,5.0,2.0,2.0,1.0,4129.0,0.8164,0.0872,0.0421,0.009,0.0041,0.0007,0.0247,0.0044,0.0114,0.4979,0.4212,0.2427,,,3799.0,14863.0,6446.0,11581.0,1.0,21.0,2.0,1.0,1.0,0.0,0.0,0.0,0.0,0.0,0.0,-1.5551928975817044
7164.0,3.0,6.0,2.0,4.0,1.0,1324.0,0.5355,0.20999999999999996,0.1337,0.0181,0.0083,0.0076,0.0823,0.0,0.0045,0.0,0.5675,0.7468,,,11850.0,11850.0,18575.0,23190.0,1.0,6.0,5.0,1.0,1.0,1.0,0.0,1.0,0.0,0.0,1.0,-0.7001972701724275
1889.0,2.0,4.0,3.0,4.0,1.0,2675.0,0.8123,0.0307,0.060599999999999994,0.0116,0.0015,0.0007,0.0217,0.0254,0.0355,0.1039,0.257,0.685,0.9607,1050.0,27540.0,27540.0,24780.0,39639.0,1.0,60.0,6.0,1.0,0.0,1.0,0.0,1.0,1.0,1.0,1.0,-0.8676213604089906
3439.0,2.0,5.0,3.0,3.0,1.0,780.0,0.0038,0.9769,0.0077,0.0013,0.0,0.0013,0.009,0.0,0.0,0.0128,0.8859000000000001,0.9345999999999999,,,12317.0,12317.0,13723.0,21322.0,1.0,16.0,1.0,0.0,0.0,1.0,0.0,0.0,0.0,0.0,0.0,0.025350472244692175
3328.0,1.0,2.0,3.0,4.0,1.0,13610.0,0.7957,0.0988,0.0503,0.0209,0.001,0.001,0.026599999999999995,0.003,0.0027,0.0789,0.2434,0.6284999999999998,0.5348,1079.0,9144.0,19594.0,21703.0,24995.0,1.0,59.0,6.0,1.0,1.0,1.0,1.0,1.0,0.0,0.0,1.0,-0.9580940319905845
1854.0,2.0,4.0,3.0,4.0,1.0,1363.0,0.7652,0.0521,0.08,0.0242,0.0022,0.0007,0.033,0.014699999999999998,0.0279,0.0169,0.272,0.7118,0.553,1146.0,37320.0,37320.0,22577.0,47060.0,1.0,40.0,2.0,0.0,0.0,1.0,0.0,1.0,0.0,0.0,0.0,-0.7494049832100397
1588.0,2.0,5.0,3.0,4.0,1.0,1286.0,0.7309,0.0918,0.0428,0.014,0.0062,0.0008000000000000001,0.0249,0.0023,0.0863,0.1159,0.4699,0.7157,0.5755,968.0,21350.0,21350.0,16674.0,32397.0,1.0,41.0,6.0,1.0,0.0,1.0,0.0,1.0,1.0,1.0,1.0,-0.675594021312356
2089.0,1.0,2.0,2.0,2.0,1.0,12429.0,0.0519,0.7252,0.0998,0.0344,0.0039,0.0016999999999999997,0.0274,0.023000000000000003,0.0328,0.7135,0.3814,0.2125,,,3530.0,7850.0,6168.0,10253.0,1.0,58.0,2.0,1.0,1.0,0.0,0.0,0.0,0.0,0.0,0.0,-1.5103644699549001
30650.0,3.0,8.0,1.0,1.0,1.0,123.0,0.5041,0.0081,0.439,0.0081,0.0163,0.0,0.0081,0.0,0.0163,0.0,0.4256,0.4256,,,,,10678.0,15672.0,0.0,1.0,1.0,1.0,0.0,0.0,0.0,0.0,0.0,0.0,0.0,-1.0165479990145503
1320.0,1.0,8.0,3.0,4.0,1.0,20237.0,0.3654,0.0214,0.2534,0.1903,0.0011,0.001,0.0842,0.0563,0.0269,0.016,0.3806,0.423,0.3634,1253.0,13865.0,36743.0,15755.0,33826.0,1.0,59.0,4.0,0.0,0.0,1.0,0.0,1.0,1.0,0.0,1.0,-1.6777969329215312
1247.0,1.0,8.0,2.0,2.0,1.0,5752.0,0.3232,0.0669,0.3778000000000001,0.1433,0.0037000000000000006,0.0049,0.0542,0.0033,0.0228,0.6128,0.254,0.0165,,,1142.0,5942.0,9450.0,15445.0,1.0,42.0,2.0,1.0,1.0,0.0,0.0,0.0,0.0,0.0,0.0,-1.5851379496610578
2490.0,1.0,4.0,3.0,4.0,1.0,4783.0,0.7706,0.1215,0.0121,0.0128,0.0056,0.0023,0.0309,0.0098,0.0343,0.2011,0.4297000000000001,0.5185,,,6790.0,12420.0,10367.0,15805.0,1.0,57.0,5.0,1.0,1.0,1.0,0.0,1.0,0.0,0.0,1.0,-0.7588259393001455
7110.0,1.0,2.0,2.0,2.0,1.0,12459.0,0.5711,0.2877,0.0287,0.04619999999999999,0.0029,0.0006,0.0173,0.0169,0.0287,0.6516,0.3789,0.3113,,,4840.0,11680.0,5428.0,9249.0,1.0,56.0,2.0,1.0,1.0,0.0,0.0,0.0,0.0,0.0,0.0,-1.2313162950778818
23384.0,3.0,5.0,1.0,1.0,1.0,28.0,0.2143,0.3929,0.2143,0.0,0.0,0.0,0.1786,0.0,0.0,0.1429,0.8788,0.0,,,,,7908.0,10650.0,0.0,2.0,1.0,1.0,0.0,0.0,0.0,0.0,0.0,0.0,0.0,-1.0704305850309934
9159.0,1.0,5.0,1.0,2.0,1.0,802.0,0.49000000000000005,0.4314,0.0324,0.005,0.0087,0.0,0.0274,0.0,0.005,0.5349,0.4411,0.0,,,4145.0,9983.0,6280.0,11088.0,1.0,22.0,2.0,1.0,1.0,0.0,0.0,0.0,0.0,0.0,0.0,-1.6557610270785001
2520.0,2.0,4.0,3.0,4.0,1.0,6913.0,0.5539,0.0535,0.0583,0.1807,0.001,0.0001,0.0405,0.0794,0.0325,0.0408,0.0671,0.2184,0.1713,1478.0,46467.0,46467.0,31281.0,63755.0,1.0,104.0,8.0,1.0,1.0,1.0,1.0,1.0,1.0,1.0,1.0,-1.5942604582295987
3414.0,1.0,1.0,3.0,4.0,1.0,13205.0,0.704,0.05129999999999999,0.0885,0.0298,0.0019,0.0003,0.0275,0.0101,0.0867,0.08939999999999998,0.2728,0.6714,0.7681,1077.0,12506.0,28072.0,18382.0,26452.0,1.0,97.0,6.0,0.0,0.0,1.0,1.0,1.0,1.0,1.0,1.0,-1.1424750486300432
2488.0,1.0,4.0,3.0,4.0,1.0,5076.0,0.7794,0.0662,0.0384,0.0215,0.0309,0.0002,0.0067,0.0242,0.0325,0.2002,0.5604,0.6277,0.96,990.0,5416.0,10450.0,8314.0,13542.0,1.0,48.0,4.0,1.0,1.0,1.0,0.0,1.0,0.0,0.0,0.0,-0.7987684320156662
41627.0,3.0,4.0,1.0,1.0,1.0,145.0,0.7793,0.0276,0.1103,0.0207,0.0276,0.0,0.0345,0.0,0.0,0.0,0.547,0.6538,,,,,12442.0,16692.0,0.0,1.0,1.0,1.0,0.0,0.0,0.0,0.0,0.0,0.0,0.0,-1.2579960663565644
10056.0,1.0,5.0,1.0,2.0,1.0,2270.0,0.6053,0.3101,0.0423,0.0106,0.0097,0.0013,0.0101,0.0009000000000000001,0.0097,0.6123,0.5611,0.24460000000000004,,,3787.0,9489.0,4842.0,10067.0,1.0,35.0,2.0,1.0,1.0,0.0,0.0,0.0,0.0,0.0,0.0,-1.1637883616283602
20896.0,3.0,5.0,1.0,2.0,2.0,1088.0,0.3015058823529412,0.38693860294117643,0.15441323529411766,0.027551470588235292,0.007356617647058823,0.008255514705882353,0.06620073529411764,0.0,0.047777941176470586,0.0,0.4053136029411764,0.4600757352941176,1.0,,,,20778.738970588234,26418.33823529412,0.0,6.0,2.0,1.0,1.0,0.0,0.0,0.0,0.0,0.0,0.0,-1.2779469329365443
3386.0,2.0,2.0,2.0,2.0,1.0,322.0,0.3478,0.2516,0.0745,0.0373,0.0031,0.0,0.049699999999999994,0.0466,0.1894,0.0,0.5203,0.7897,0.9672999999999999,800.0,25466.0,25466.0,33564.0,43564.0,1.0,8.0,1.0,0.0,1.0,0.0,0.0,0.0,0.0,0.0,0.0,-1.676565185124179
1624.0,2.0,7.0,3.0,4.0,1.0,1300.0,0.76,0.0123,0.0885,0.0131,0.0085,0.0046,0.0177,0.0231,0.0723,0.10850000000000001,0.3382,0.6081,0.6507,1052.0,27340.0,27340.0,20523.0,35655.0,1.0,59.0,6.0,0.0,1.0,1.0,0.0,1.0,1.0,1.0,1.0,-0.7782426883559616
41528.0,3.0,8.0,1.0,1.0,1.0,446.0,0.3901,0.1704,0.2309,0.0471,0.0112,0.0067,0.1031,0.0,0.0404,0.3139,0.5465,0.5874,,,,,13326.0,16130.0,0.0,1.0,1.0,1.0,0.0,0.0,0.0,0.0,0.0,0.0,0.0,-1.566561068538318
37764.0,3.0,3.0,1.0,1.0,1.0,70.0,0.6429,0.1571,0.1286,0.0,0.0,0.014300000000000002,0.028600000000000004,0.014300000000000002,0.014300000000000002,1.0,0.475,0.7,,,,,,,,2.0,1.0,1.0,0.0,0.0,0.0,0.0,0.0,0.0,0.0,-1.1872323196460242
3704.0,2.0,5.0,3.0,3.0,1.0,1768.0,0.7568,0.10119999999999998,0.0419,0.0096,0.0045,0.0006,0.0464,0.0073999999999999995,0.0317,0.0051,0.2754,0.7348,0.4782,1056.0,30380.0,30380.0,18892.0,42376.0,1.0,27.0,1.0,0.0,0.0,1.0,0.0,0.0,0.0,0.0,0.0,-0.7207062250962011
10736.0,1.0,3.0,2.0,2.0,1.0,1792.0,0.8622,0.07310000000000001,0.0179,0.0045,0.0056,0.0,0.022300000000000004,0.0,0.0145,0.5999,0.374,0.2461,,,4414.0,6334.0,8206.0,11998.0,1.0,24.0,2.0,1.0,1.0,0.0,0.0,0.0,0.0,0.0,0.0,-1.609317423247859
1860.0,2.0,4.0,3.0,4.0,1.0,3290.0,0.7903,0.035,0.0353,0.0416,0.0015000000000000002,0.0003,0.0161,0.0733,0.006699999999999999,0.035,0.1688,0.5211,0.6926,1239.0,32246.0,32246.0,26387.0,44261.0,1.0,53.0,5.0,0.0,0.0,1.0,0.0,1.0,1.0,1.0,1.0,-1.1397959569069744
22025.0,3.0,1.0,1.0,1.0,2.0,503.0,0.2862872763419483,0.21473439363817098,0.47315526838966204,0.0,0.0,0.0,0.0019721669980119283,0.0019721669980119283,0.02187872763419483,0.3439115308151094,0.8908389662027832,0.885662027833002,,,,,9429.011928429423,12376.669980119284,0.0,2.0,1.0,1.0,0.0,0.0,0.0,0.0,0.0,0.0,0.0,-1.948455912187469
7142.0,3.0,8.0,1.0,1.0,1.0,51.0,0.35290000000000005,0.05879999999999999,0.451,0.0392,0.0,0.0196,0.0784,0.0,0.0,0.3333,0.5109,0.4239,,,,,14355.0,18370.0,0.0,1.0,1.0,1.0,0.0,0.0,0.0,0.0,0.0,0.0,0.0,-1.4089707157481504
30686.0,1.0,4.0,1.0,1.0,1.0,166.0,0.1867,0.7651,0.0,0.006,0.0,0.0,0.0422,0.0,0.0,0.0,0.8898000000000001,0.9576,0.7143,,,,20565.0,25595.0,0.0,2.0,2.0,1.0,1.0,0.0,0.0,0.0,0.0,0.0,0.0,-1.343139138263589
3221.0,1.0,8.0,2.0,2.0,1.0,2105.0,0.6556,0.0176,0.2328,0.0095,0.0157,0.0014,0.0157,0.0138,0.038,0.4846,0.6717,0.6197,,,5424.0,5904.0,13576.0,17968.0,1.0,56.0,2.0,1.0,1.0,0.0,0.0,0.0,0.0,0.0,0.0,-1.1189049919358722
10149.0,2.0,8.0,3.0,4.0,1.0,3434.0,0.4496,0.0606,0.134,0.1302,0.0044,0.0029,0.0865,0.0888,0.0431,0.0909,0.21139999999999998,0.43699999999999994,0.3546,1234.0,46692.0,46692.0,26876.0,61164.0,1.0,55.0,6.0,1.0,0.0,1.0,1.0,1.0,1.0,1.0,0.0,-1.2606795352849633
1868.0,2.0,4.0,3.0,3.0,1.0,1670.0,0.5844,0.05870000000000001,0.0784,0.0749,0.0012,0.0,0.0437,0.1365,0.022200000000000004,0.0024,0.2359,0.4126,0.2801,1398.0,45620.0,45620.0,18769.0,56354.0,1.0,30.0,1.0,0.0,0.0,1.0,0.0,0.0,0.0,0.0,0.0,-1.2782317854853873
3429.0,2.0,5.0,3.0,4.0,1.0,552.0,0.721,0.1322,0.0344,0.0199,0.0036,0.0,0.0181,0.0308,0.0399,0.0996,0.47600000000000003,0.5034,0.3322,1035.0,19480.0,19480.0,18100.0,32220.0,1.0,25.0,7.0,1.0,1.0,1.0,0.0,1.0,1.0,1.0,1.0,-0.6665721723741462
31155.0,2.0,5.0,3.0,4.0,1.0,1870.0,0.4551,0.1428,0.2193,0.0636,0.0032,0.007500000000000001,0.0166,0.0037,0.0882,0.6471,0.3412,0.5815,1.0,928.0,12430.0,12430.0,16735.0,21994.0,1.0,10.0,7.0,1.0,1.0,1.0,1.0,1.0,0.0,1.0,1.0,-1.0782352792846694
1745.0,2.0,3.0,3.0,4.0,1.0,1075.0,0.7126,0.1023,0.0344,0.0158,0.0065,0.0065,0.014899999999999998,0.0056,0.1014,0.0521,0.4189,0.7023,0.8893,1024.0,26572.0,26572.0,16734.0,36972.0,1.0,38.0,3.0,0.0,1.0,1.0,0.0,1.0,0.0,0.0,0.0,-0.7413220761253833
25423.0,3.0,8.0,1.0,1.0,1.0,900.0,0.4122,0.0933,0.1889,0.0689,0.0111,0.0278,0.1522,0.0267,0.0189,0.0389,0.6096,0.8004,,,,,23602.0,26714.0,0.0,1.0,1.0,1.0,0.0,0.0,0.0,0.0,0.0,0.0,0.0,-1.0801266884477436
3456.0,1.0,5.0,3.0,4.0,1.0,4653.0,0.5809,0.2992,0.0395,0.0129,0.0043,0.0015,0.028400000000000005,0.030499999999999996,0.0028,0.0527,0.4043,0.6385,0.7118,1053.0,14082.0,27008.0,16138.0,25095.0,1.0,41.0,4.0,1.0,0.0,1.0,0.0,1.0,0.0,0.0,1.0,-0.559165534329098
4788.0,1.0,2.0,2.0,2.0,1.0,2242.0,0.7244,0.1311,0.0357,0.0085,0.0045,0.0,0.0045,0.0486,0.0428,0.1824,0.49639999999999995,0.4796,,,4460.0,6920.0,8205.0,13117.0,1.0,38.0,2.0,1.0,1.0,0.0,0.0,0.0,0.0,0.0,0.0,-1.2381127789624378
3406.0,2.0,1.0,3.0,4.0,1.0,3936.0,0.767,0.0422,0.0765,0.0117,0.002,0.0023,0.0178,0.0206,0.06,0.0587,0.1272,0.5562,0.6306,,44323.0,44323.0,35082.0,57517.0,1.0,49.0,5.0,1.0,1.0,1.0,1.0,1.0,0.0,0.0,0.0,-1.170691749757274
9449.0,3.0,2.0,1.0,2.0,1.0,500.0,0.504,0.324,0.134,0.016,0.012,0.002,0.008,0.0,0.0,0.31,0.7149,0.6727,,,,,17117.0,20730.0,0.0,7.0,2.0,1.0,1.0,0.0,0.0,0.0,0.0,0.0,0.0,-1.7035876594161734
7529.0,1.0,2.0,1.0,1.0,1.0,125.0,0.624,0.272,0.072,0.0,0.0,0.0,0.0,0.0,0.032,0.184,0.5337,0.7772,0.75,,,,18631.0,22155.0,0.0,1.0,2.0,1.0,1.0,0.0,0.0,0.0,0.0,0.0,0.0,-1.205581468238273
31007.0,1.0,2.0,2.0,2.0,1.0,3370.0,0.8769000000000001,0.038,0.0318,0.014199999999999999,0.0027,0.0009,0.020800000000000003,0.0018,0.013099999999999999,0.6074,0.2225,0.0737,,,3446.0,6989.0,4833.0,8276.0,1.0,22.0,2.0,1.0,1.0,0.0,0.0,0.0,0.0,0.0,0.0,-1.3282369199968946
37233.0,3.0,6.0,2.0,2.0,1.0,424.0,0.2264,0.2665,0.4292,0.0566,0.0,0.0024,0.0047,0.0118,0.0024,0.7241,0.8328,0.9907,,,15828.0,15828.0,21438.0,24887.0,1.0,1.0,2.0,1.0,1.0,0.0,0.0,0.0,0.0,0.0,0.0,-0.6989724699951582
1490.0,1.0,5.0,2.0,3.0,1.0,4379.0,0.7125,0.1231,0.0555,0.0285,0.0082,0.0,0.0409,0.0021,0.0292,0.5396,0.4055,0.1591,,,2765.0,10072.0,5523.0,9463.0,1.0,45.0,3.0,1.0,1.0,1.0,0.0,0.0,0.0,0.0,0.0,-1.6802964926159087
9994.0,1.0,2.0,2.0,2.0,1.0,8479.0,0.1829,0.154,0.5247,0.0532,0.0013,0.0041,0.0063,0.0059,0.0676,0.5991,0.5589,0.0601,,,4283.0,7538.0,7861.0,12501.0,1.0,33.0,2.0,1.0,1.0,0.0,0.0,0.0,0.0,0.0,0.0,-1.5904693321284693
1803.0,2.0,3.0,3.0,4.0,1.0,1001.0,0.8651,0.023,0.038,0.005,0.006,0.001,0.024,0.038,0.0,0.047,0.3685,0.7284,0.9711,1034.0,24771.0,24771.0,17752.0,35059.0,1.0,49.0,4.0,0.0,1.0,1.0,0.0,1.0,0.0,1.0,0.0,-0.6014900013678253
5015.0,1.0,3.0,3.0,4.0,1.0,4274.0,0.6944,0.0868,0.127,0.0302,0.0016,0.0021,0.0379,0.0175,0.0023,0.2204,0.4366,0.6045,0.8602,990.0,7326.0,14899.0,11277.0,15502.0,1.0,41.0,2.0,0.0,0.0,1.0,0.0,1.0,0.0,0.0,0.0,-0.9143172848342533
23515.0,1.0,3.0,1.0,1.0,1.0,99.0,0.3333,0.6667,0.0,0.0,0.0,0.0,0.0,0.0,0.0,0.0,0.9403,0.8955,,,11525.0,11525.0,10165.0,15975.0,1.0,3.0,1.0,1.0,0.0,0.0,0.0,0.0,0.0,0.0,0.0,-1.6420171867775262
3283.0,2.0,2.0,2.0,2.0,1.0,1405.0,0.6427,0.19,0.094,0.0214,0.0,0.0,0.0149,0.0021,0.0349,0.2,0.6985,0.8833,,,13690.0,13690.0,17140.0,22447.0,1.0,24.0,2.0,1.0,1.0,0.0,0.0,0.0,0.0,0.0,0.0,-0.8190422986594794
3142.0,2.0,3.0,3.0,4.0,1.0,1196.0,0.7784,0.0911,0.0184,0.0017,0.0059,0.0,0.0334,0.0084,0.0627,0.0719,0.4052,0.7735,0.9537,970.0,29120.0,29120.0,21267.0,40098.0,1.0,35.0,2.0,0.0,0.0,1.0,0.0,1.0,0.0,0.0,0.0,-0.6946950566674402
10710.0,1.0,3.0,1.0,1.0,1.0,139.0,0.6475,0.23740000000000003,0.0504,0.028799999999999996,0.0,0.0,0.036,0.0,0.0,0.0,0.8446,1.0,,,,,8751.0,17476.0,0.0,1.0,2.0,1.0,1.0,0.0,0.0,0.0,0.0,0.0,0.0,-1.762511320483102
6768.0,1.0,3.0,2.0,2.0,1.0,2942.0,0.7910000000000001,0.0377,0.0347,0.002,0.0177,0.001,0.0085,0.0432,0.0642,0.5595,0.4875,0.4049,,,3501.0,6272.0,6244.0,10413.0,1.0,35.0,2.0,1.0,1.0,0.0,0.0,0.0,0.0,0.0,0.0,-0.9984637562235328
1108.0,1.0,5.0,3.0,4.0,1.0,21405.0,0.7798000000000002,0.05,0.0692,0.025099999999999997,0.0117,0.0008999999999999999,0.0316,0.0279,0.0037000000000000006,0.111,0.23590000000000003,0.4026,0.6204,1155.0,8210.0,20300.0,14143.0,20350.0,1.0,106.0,7.0,1.0,0.0,1.0,1.0,1.0,1.0,1.0,1.0,-0.9956777684706473
26031.0,3.0,4.0,1.0,1.0,1.0,171.0,0.7076,0.1287,0.0877,0.0234,0.0,0.0,0.0292,0.0058,0.0175,0.24560000000000004,0.4719999999999999,0.48799999999999993,,,,,14283.0,17466.0,0.0,1.0,1.0,1.0,0.0,0.0,0.0,0.0,0.0,0.0,0.0,-1.211485250235074
2615.0,1.0,2.0,2.0,2.0,1.0,11033.0,0.3165,0.1167,0.2984,0.12149999999999998,0.0033000000000000004,0.0056,0.027999999999999997,0.023,0.087,0.45280000000000004,0.43839999999999996,0.1401,,,3374.0,6698.0,5828.0,10780.0,1.0,43.0,2.0,1.0,1.0,0.0,0.0,0.0,0.0,0.0,0.0,-1.569918488004381
3121.0,2.0,3.0,3.0,4.0,1.0,2603.0,0.4422,0.1667,0.025699999999999997,0.0046,0.0015,0.0004000000000000001,0.0238,0.0749,0.2601,0.24859999999999996,0.5417,0.7598,0.5438,,21535.0,21535.0,21942.0,35023.0,1.0,43.0,5.0,1.0,1.0,1.0,0.0,1.0,0.0,0.0,1.0,-0.2860696621055014
6791.0,1.0,2.0,3.0,4.0,1.0,3925.0,0.5554,0.091,0.1929,0.0341,0.0015,0.0005,0.0497,0.0199,0.055,0.0589,0.33099999999999996,0.6098,0.4082,1095.0,7933.0,17583.0,19103.0,23719.0,1.0,33.0,4.0,1.0,0.0,1.0,0.0,1.0,0.0,0.0,1.0,-0.7609970120379517
11621.0,3.0,2.0,1.0,1.0,2.0,691.0,0.6541444283646889,0.1027341534008683,0.19387887120115777,0.02166353111432706,0.0,0.0043395079594790165,0.014461794500723586,0.0014535455861070911,0.0072241678726483365,0.07233646888567294,0.5861454413892909,0.7634085383502172,,,,,12622.91027496382,17874.53979739508,0.0,1.0,1.0,1.0,0.0,0.0,0.0,0.0,0.0,0.0,0.0,-1.1825903788958871
1526.0,2.0,5.0,3.0,4.0,1.0,11976.0,0.3823,0.3696,0.1104,0.0124,0.005,0.0022,0.0145,0.0256,0.0781,0.3059,0.48280000000000006,0.6032,0.7216,,20420.0,20420.0,19388.0,33355.0,1.0,49.0,7.0,1.0,1.0,1.0,1.0,1.0,1.0,0.0,1.0,-0.6488212830870658
3956.0,1.0,5.0,2.0,3.0,1.0,4671.0,0.657,0.049,0.198,0.0118,0.0041,0.0017,0.0131,0.0242,0.0411,0.3599,0.5745,0.3182,,,3982.0,12038.0,6192.0,11221.0,1.0,31.0,3.0,1.0,1.0,1.0,0.0,0.0,0.0,0.0,0.0,-1.1350434253406796
1431.0,1.0,2.0,3.0,4.0,1.0,18222.0,0.7517,0.055,0.0721,0.0443,0.0007,0.0009,0.0279,0.0381,0.0093,0.0419,0.1359,0.5156,0.6783,1194.0,12342.0,30692.0,16178.0,23357.0,1.0,107.0,7.0,0.0,1.0,1.0,1.0,1.0,1.0,1.0,1.0,-1.0881666916671138
7635.0,1.0,1.0,2.0,2.0,1.0,3572.0,0.17299999999999996,0.3849,0.2811,0.042,0.0008,0.0008,0.0182,0.0006,0.09850000000000002,0.7312,0.5758,0.059,,,3892.0,11584.0,8786.0,14171.0,1.0,43.0,2.0,1.0,1.0,0.0,0.0,0.0,0.0,0.0,0.0,-1.5027238241051422
10922.0,1.0,9.0,2.0,3.0,1.0,1345.0,0.0104,0.0,0.8625,0.0,0.0007,0.0,0.0045,0.0,0.1219,0.0394,0.7922,0.0641,0.3988,,2019.0,4041.0,6945.0,12315.0,1.0,13.0,2.0,0.0,1.0,1.0,0.0,0.0,0.0,0.0,0.0,-1.9213665049604212
3418.0,2.0,5.0,3.0,4.0,1.0,2500.0,0.8312,0.0828,0.0336,0.0108,0.0088,0.0016,0.0,0.0064,0.0248,0.0856,0.2964,0.6399,0.7152,1038.0,23750.0,23750.0,17318.0,36824.0,1.0,50.0,3.0,0.0,0.0,1.0,0.0,1.0,1.0,0.0,0.0,-0.45540792796915563
6467.0,2.0,2.0,2.0,2.0,1.0,317.0,0.8958999999999999,0.0252,0.0315,0.0347,0.0095,0.0,0.0031999999999999997,0.0,0.0,0.1009,0.3079,0.8310999999999998,0.7,,18000.0,18000.0,23460.0,24401.0,1.0,2.0,2.0,0.0,1.0,1.0,0.0,0.0,0.0,0.0,0.0,-1.9206900163983134
41459.0,3.0,5.0,1.0,1.0,1.0,182.0,0.0055,0.011,0.967,0.0,0.0,0.0,0.0,0.0165,0.0,0.1978,0.6054,0.3712,,,,,20779.0,24148.0,0.0,2.0,1.0,1.0,0.0,0.0,0.0,0.0,0.0,0.0,0.0,-0.9031621360402593
8259.0,3.0,3.0,1.0,1.0,2.0,106.0,0.7075764150943396,0.16982735849056604,0.11324622641509435,0.0,0.0,0.0,0.00945,0.0,0.0,0.0,0.558304716981132,0.49687358490566036,,,,,11228.764150943396,15406.858490566037,0.0,1.0,1.0,1.0,0.0,0.0,0.0,0.0,0.0,0.0,0.0,-0.7805864466015084
9992.0,2.0,4.0,3.0,3.0,1.0,124.0,0.879,0.0242,0.0323,0.0161,0.0403,0.0,0.0,0.0081,0.0,0.1048,0.6544,0.6176,0.6667,964.0,15759.0,15759.0,16004.0,26034.0,1.0,9.0,3.0,1.0,1.0,1.0,0.0,0.0,0.0,0.0,0.0,-0.5394770017337097
21005.0,3.0,5.0,1.0,1.0,3.0,6487.0,0.5572734546015108,0.06813309696315709,0.21146304917527362,0.018813750578079234,0.012509280098658855,0.009866640974256203,0.07490522583628796,0.0021601048250346846,0.044847587482657617,0.0,0.49686835208879304,0.6239338060736859,,,,,19819.209958378295,23631.160937259134,0.0,1.0,1.0,1.0,0.0,0.0,0.0,0.0,0.0,0.0,0.0,-1.3058968655159227
5267.0,1.0,4.0,1.0,2.0,1.0,316.0,0.5665,0.1108,0.23100000000000004,0.0032,0.0,0.0032,0.0443,0.0411,0.0,0.0443,0.3648,0.4816,,,,,12240.0,15364.0,0.0,19.0,3.0,1.0,1.0,1.0,0.0,0.0,0.0,0.0,0.0,-1.1687600485701914
41271.0,1.0,8.0,3.0,4.0,1.0,5884.0,0.1412,0.0574,0.45600000000000007,0.2461,0.0024,0.0063,0.0435,0.0382,0.0088,0.012400000000000001,0.6152,0.5479,0.6718,1031.0,13160.0,36038.0,12327.0,31883.0,1.0,27.0,3.0,0.0,0.0,1.0,0.0,1.0,1.0,0.0,0.0,-1.3830681515961794
30344.0,3.0,6.0,1.0,1.0,1.0,673.0,0.5349,0.1501,0.1932,0.014899999999999998,0.014899999999999998,0.0059,0.0817,0.0045,0.0,0.0,0.5656,0.8018,,,,,24747.0,28055.0,0.0,1.0,1.0,1.0,0.0,0.0,0.0,0.0,0.0,0.0,0.0,-1.5009030873234366
2397.0,2.0,5.0,3.0,4.0,1.0,2546.0,0.3472,0.476,0.0463,0.006699999999999999,0.0063,0.0024,0.0185,0.030600000000000002,0.066,0.4965,0.486,0.6792,0.7169,,20780.0,20780.0,18650.0,31730.0,1.0,49.0,6.0,1.0,1.0,1.0,1.0,1.0,0.0,0.0,1.0,-0.5673382513387432
1218.0,2.0,8.0,3.0,4.0,1.0,1039.0,0.3523,0.0395,0.2936,0.2397,0.001,0.0038,0.0452,0.025,0.0,0.1396,0.327,0.6754,,,,,,,,47.0,8.0,1.0,1.0,1.0,1.0,1.0,1.0,1.0,1.0,-1.460217356789077
3446.0,1.0,5.0,3.0,4.0,1.0,2753.0,0.0236,0.9542,0.0062,0.0058,0.0011,0.00039999999999999996,0.00039999999999999996,0.0011,0.007300000000000001,0.0625,0.7198,0.8131,0.8453999999999999,810.0,10007.0,19856.0,18891.0,26245.0,1.0,47.0,5.0,0.0,0.0,1.0,0.0,1.0,1.0,1.0,1.0,-0.21047003207604337
1378.0,1.0,1.0,3.0,4.0,1.0,9600.0,0.6649,0.1095,0.1268,0.0355,0.002,0.0009000000000000001,0.0257,0.0119,0.0228,0.2001,0.3464,0.5779,0.6044,1015.0,8877.0,20612.0,15643.0,20543.0,1.0,73.0,6.0,1.0,0.0,1.0,0.0,1.0,1.0,1.0,1.0,-0.9654993436092469
22205.0,2.0,3.0,3.0,3.0,1.0,257.0,0.8054,0.0311,0.0311,0.0117,0.0078,0.0,0.0,0.1089,0.0039,0.1984,0.3754,0.186,1.0,,7010.0,7010.0,9947.0,15088.0,1.0,12.0,2.0,0.0,1.0,1.0,0.0,0.0,0.0,0.0,0.0,-2.1212891047732008
21256.0,3.0,3.0,1.0,1.0,1.0,321.0,0.567,0.3209,0.0405,0.031200000000000002,0.0031,0.0,0.027999999999999997,0.0,0.0093,0.3364,0.6548,0.7387,,,,,17144.0,22223.0,0.0,1.0,1.0,1.0,0.0,0.0,0.0,0.0,0.0,0.0,0.0,-1.2479012903496618
41407.0,3.0,5.0,1.0,1.0,1.0,180.0,0.6389,0.1833,0.0667,0.0222,0.0167,0.0,0.0667,0.0,0.0056,0.0,0.3855,0.502,,,,,17248.0,20143.0,0.0,1.0,1.0,1.0,0.0,0.0,0.0,0.0,0.0,0.0,0.0,-1.4453480075396807
26161.0,3.0,2.0,1.0,1.0,1.0,297.0,0.7104,0.22559999999999997,0.0438,0.0067,0.0,0.0,0.0067,0.0,0.0067,0.165,0.2992,0.5236,,,,,15823.0,18351.0,0.0,1.0,1.0,1.0,0.0,0.0,0.0,0.0,0.0,0.0,0.0,-1.1762758701235119
41425.0,2.0,8.0,3.0,4.0,1.0,214.0,0.6121,0.0841,0.1028,0.0327,0.0,0.0,0.0234,0.0093,0.1355,0.4766,0.3356,0.1275,0.3385,,14600.0,14600.0,11988.0,21208.0,1.0,13.0,4.0,0.0,1.0,1.0,0.0,1.0,1.0,0.0,0.0,-0.48987978325052534
1009.0,1.0,5.0,3.0,4.0,1.0,20514.0,0.8507,0.0704,0.0248,0.0227,0.007400000000000001,0.0,0.0,0.01,0.014000000000000002,0.0862,0.161,0.3494,0.8347000000000001,1215.0,10200.0,27384.0,18644.0,25282.0,1.0,95.0,6.0,0.0,0.0,1.0,1.0,1.0,1.0,1.0,1.0,-1.1350360537131583
3742.0,2.0,5.0,3.0,4.0,1.0,561.0,0.7077,0.1105,0.0695,0.0214,0.016,0.0,0.0392,0.0196,0.016,0.0089,0.2546,0.5405,0.9354,1056.0,34935.0,34935.0,23355.0,48896.0,1.0,35.0,2.0,0.0,0.0,1.0,0.0,1.0,0.0,0.0,0.0,-0.6543100975149269
9763.0,1.0,6.0,2.0,2.0,1.0,15593.0,0.5847,0.0949,0.0716,0.0416,0.0772,0.0008,0.0786,0.0178,0.033,0.6227,0.3836,0.2661,,,2820.0,7610.0,6406.0,11459.0,1.0,73.0,2.0,1.0,1.0,0.0,0.0,0.0,0.0,0.0,0.0,-1.1791897843109669
7035.0,2.0,3.0,2.0,4.0,1.0,668.0,0.8458000000000001,0.0494,0.0314,0.0434,0.003,0.0015,0.0195,0.0015,0.0045,0.45060000000000006,0.365,0.7063,0.9831,,10440.0,10440.0,17494.0,19987.0,1.0,6.0,5.0,1.0,1.0,1.0,0.0,1.0,0.0,1.0,0.0,-1.0550086511859778
1795.0,2.0,3.0,3.0,4.0,1.0,2266.0,0.7568,0.030000000000000002,0.0309,0.0141,0.0013,0.0,0.0216,0.1143,0.0309,0.0229,0.256,0.5252,0.8295,1144.0,31776.0,31776.0,20340.0,43495.0,1.0,63.0,6.0,1.0,1.0,1.0,0.0,1.0,1.0,1.0,0.0,-0.7817253751836095
25916.0,3.0,8.0,1.0,1.0,1.0,221.0,0.0995,0.08600000000000001,0.5566,0.08600000000000001,0.0,0.0271,0.0,0.0,0.1448,0.0,0.9804,0.7157,1.0,,,,21516.0,25820.0,0.0,6.0,1.0,1.0,0.0,0.0,0.0,0.0,0.0,0.0,0.0,-1.2295789917775015
2782.0,2.0,2.0,3.0,4.0,1.0,4160.0,0.1885,0.074,0.1272,0.1344,0.0034,0.0014,0.0115,0.1803,0.2793,0.1303,0.36,0.5272,0.6403,1069.0,32180.0,32180.0,25004.0,41830.0,1.0,64.0,7.0,1.0,1.0,1.0,1.0,1.0,0.0,1.0,1.0,-1.0997259222264708
1397.0,2.0,1.0,3.0,4.0,1.0,4974.0,0.5927,0.0917,0.0997,0.0247,0.0032,0.002,0.015499999999999998,0.0844,0.086,0.06049999999999999,0.2463,0.6887,0.8086,1063.0,34630.0,34630.0,30225.0,49390.0,1.0,72.0,7.0,1.0,1.0,1.0,1.0,1.0,1.0,0.0,1.0,-0.8006054942999177
2737.0,2.0,2.0,3.0,4.0,1.0,3052.0,0.5816,0.0813,0.2048,0.022600000000000002,0.002,0.0016,0.0174,0.0239,0.0649,0.0193,0.2628,0.577,0.867,1022.0,34030.0,34030.0,26578.0,46329.0,1.0,44.0,5.0,1.0,0.0,1.0,1.0,1.0,0.0,0.0,1.0,-1.0405190129011934
21661.0,1.0,5.0,1.0,2.0,1.0,1682.0,0.3532,0.5119,0.0476,0.0256,0.007100000000000001,0.0018,0.0202,0.0024,0.030300000000000004,0.4875,0.4828,0.2733,,,3590.0,6954.0,8880.0,13676.0,1.0,18.0,2.0,1.0,1.0,0.0,0.0,0.0,0.0,0.0,0.0,-1.0001509954705552
3766.0,2.0,5.0,3.0,4.0,1.0,1322.0,0.0023,0.9667,0.0136,0.0,0.0038,0.0038,0.0,0.0008,0.0091,0.027999999999999997,0.7233,0.8675,0.2389,776.0,15130.0,15130.0,19483.0,27703.0,1.0,23.0,4.0,0.0,0.0,1.0,0.0,1.0,1.0,1.0,0.0,-0.2775011115572734
3275.0,2.0,2.0,3.0,4.0,1.0,1797.0,0.6333,0.0774,0.0684,0.0401,0.0006,0.0006,0.0,0.0033000000000000004,0.1764,0.2582,0.3552,0.6705,0.7326,925.0,28456.0,28456.0,14959.0,32954.0,1.0,37.0,6.0,1.0,1.0,1.0,0.0,1.0,1.0,0.0,1.0,-0.9070541760737011
3921.0,1.0,3.0,3.0,4.0,1.0,7888.0,0.912,0.0133,0.0292,0.0123,0.0024,0.0009,0.0165,0.0117,0.0018,0.0991,0.2909,0.5974,0.944,1090.0,7491.0,15064.0,14086.0,17333.0,1.0,45.0,3.0,0.0,1.0,1.0,0.0,1.0,0.0,0.0,0.0,-1.0332594537724469
11732.0,2.0,4.0,1.0,4.0,3.0,199.0,0.8291,0.0302,0.0151,0.0352,0.0,0.0,0.0,0.0352,0.0553,0.0,0.0789,0.2719,,,,,,,,16.0,7.0,1.0,0.0,1.0,1.0,1.0,1.0,1.0,1.0,-2.026291888732951
3792.0,1.0,8.0,2.0,2.0,1.0,2823.0,0.6975,0.0241,0.12289999999999998,0.0443,0.0092,0.0025,0.0429,0.04,0.0166,0.3709,0.2724,0.1284,,,4200.0,4700.0,10296.0,14993.0,1.0,46.0,3.0,1.0,1.0,1.0,0.0,0.0,0.0,0.0,0.0,-1.14784502863587
3185.0,2.0,6.0,3.0,4.0,1.0,3441.0,0.5495,0.0445,0.0436,0.0334,0.037200000000000004,0.0012,0.009900000000000003,0.2668,0.0139,0.0291,0.1505,0.2958,0.4026,1296.0,35855.0,35855.0,26844.0,49323.0,1.0,70.0,5.0,0.0,0.0,1.0,0.0,1.0,1.0,1.0,1.0,-1.0494871846916722
20848.0,3.0,3.0,1.0,1.0,1.0,157.0,0.4650000000000001,0.43310000000000004,0.0637,0.006400000000000001,0.0,0.0,0.0255,0.006400000000000001,0.0,0.42679999999999996,0.5839,0.5503,,,,,16534.0,19905.0,0.0,1.0,1.0,1.0,0.0,0.0,0.0,0.0,0.0,0.0,0.0,-1.143599368986333
1065.0,1.0,8.0,1.0,4.0,1.0,1428.0,0.4748,0.0119,0.0623,0.0357,0.1029,0.0147,0.0686,0.0049,0.2241,0.5112,0.1769,0.1996,,,5901.0,16705.0,8971.0,15284.0,1.0,59.0,5.0,1.0,1.0,1.0,0.0,1.0,0.0,0.0,1.0,-0.9307841156218714
1954.0,2.0,5.0,3.0,4.0,1.0,2499.0,0.8447,0.0396,0.0288,0.0208,0.0028,0.0016,0.0344,0.0108,0.0164,0.0536,0.2364,0.6213,0.8339999999999999,1120.0,36290.0,36290.0,23850.0,49508.0,1.0,45.0,7.0,1.0,0.0,1.0,1.0,1.0,1.0,1.0,1.0,-0.9093708445849825
5619.0,1.0,5.0,1.0,2.0,1.0,2497.0,0.8461999999999998,0.0697,0.0404,0.0112,0.002,0.0004,0.013599999999999998,0.0016,0.014800000000000002,0.5751,0.6776,0.177,,,2684.0,4820.0,3343.0,9215.0,1.0,33.0,2.0,1.0,1.0,0.0,0.0,0.0,0.0,0.0,0.0,-1.4373767167332359
30063.0,3.0,7.0,2.0,2.0,1.0,341.0,0.5279,0.0147,0.4018,0.005899999999999999,0.0,0.005899999999999999,0.044,0.0,0.0,0.0,0.6279,0.8992,,,11700.0,11700.0,19788.0,22996.0,1.0,8.0,2.0,1.0,1.0,0.0,0.0,0.0,0.0,0.0,0.0,-1.3699326641697962
2532.0,1.0,7.0,3.0,4.0,1.0,13117.0,0.8506,0.0066,0.0323,0.0091,0.0128,0.0013,0.03,0.0301,0.0272,0.1559,0.2938,0.4699,0.8384999999999999,1128.0,6800.0,21391.0,16600.0,18886.0,1.0,75.0,7.0,1.0,1.0,1.0,0.0,1.0,1.0,1.0,1.0,-0.8617265970393245
2267.0,1.0,3.0,2.0,2.0,1.0,14813.0,0.6888,0.1005,0.0971,0.0366,0.0086,0.0006,0.0159,0.0012,0.0506,0.6627,0.4151000000000001,0.3786,,,3003.0,8571.0,5031.0,8657.0,1.0,81.0,2.0,1.0,1.0,0.0,0.0,0.0,0.0,0.0,0.0,-1.450233744476928
2117.0,2.0,1.0,3.0,4.0,1.0,1107.0,0.7236,0.0786,0.05959999999999999,0.015400000000000002,0.0027,0.0027,0.0208,0.0054,0.0912,0.3062,0.35,0.7725,0.7757,,34060.0,34060.0,27265.0,45599.0,1.0,46.0,5.0,1.0,1.0,1.0,0.0,1.0,0.0,0.0,1.0,-0.6238185384226235
1416.0,2.0,1.0,3.0,4.0,1.0,3021.0,0.2512,0.376,0.1658,0.028800000000000003,0.0079,0.003,0.0192,0.148,0.0,0.2539,0.4931,0.7132,0.6072,899.0,29920.0,29920.0,22626.0,46680.0,1.0,47.0,7.0,1.0,1.0,1.0,0.0,1.0,1.0,1.0,1.0,-0.6700276019473026
1693.0,1.0,3.0,3.0,4.0,1.0,8284.0,0.3579,0.1041,0.3595,0.0936,0.0022,0.003,0.0167,0.0414,0.0217,0.4392,0.4836,0.313,0.5761,890.0,8868.0,16164.0,16619.0,23095.0,1.0,46.0,2.0,0.0,0.0,1.0,0.0,1.0,0.0,0.0,0.0,-1.2747120951399886
1361.0,1.0,7.0,2.0,2.0,1.0,1317.0,0.6826,0.0828,0.1177,0.0046,0.0084,0.0008,0.0319,0.0046,0.0668,0.265,0.3048,0.3201,,,3394.0,4892.0,11557.0,16228.0,1.0,18.0,2.0,1.0,1.0,0.0,0.0,0.0,0.0,0.0,0.0,-1.448047637073519
6760.0,1.0,1.0,3.0,3.0,1.0,4094.0,0.8617,0.0103,0.0154,0.0046,0.02,0.001,0.0225,0.0046,0.0598,0.6028,0.5623,0.6092,,,7448.0,16688.0,10864.0,14469.0,1.0,34.0,3.0,1.0,1.0,1.0,0.0,0.0,0.0,0.0,0.0,-0.5735315086146222
2512.0,2.0,4.0,3.0,4.0,1.0,667.0,0.6852,0.1559,0.045,0.014999999999999998,0.0045,0.0045,0.0585,0.0029999999999999996,0.028499999999999998,0.1664,0.45599999999999996,0.762,0.536,1064.0,28510.0,28510.0,23211.0,42776.0,1.0,28.0,5.0,0.0,1.0,1.0,1.0,1.0,0.0,0.0,1.0,-0.4670130508093376
2124.0,2.0,1.0,3.0,4.0,1.0,4190.0,0.6048,0.030799999999999998,0.0706,0.0847,0.0007,0.0,0.021,0.148,0.0394,0.0189,0.1589,0.49960000000000004,0.4611,1247.0,42511.0,42511.0,31616.0,56768.0,1.0,31.0,6.0,0.0,1.0,1.0,1.0,1.0,1.0,0.0,1.0,-1.5756562432736978
10652.0,1.0,5.0,2.0,2.0,1.0,9184.0,0.6859,0.0526,0.1828,0.0206,0.0039,0.0034999999999999996,0.0278,0.0021,0.0209,0.5243,0.4454,0.1635,,,3155.0,12032.0,5823.0,10550.0,1.0,29.0,3.0,1.0,1.0,1.0,0.0,0.0,0.0,0.0,0.0,-1.4314822699868865
2565.0,1.0,4.0,3.0,4.0,2.0,20221.0,0.7807061866376539,0.02489841254141734,0.04851291231887642,0.02346543197665793,0.0019760644874140744,0.000691622570594926,0.025392428663270857,0.07489284407299343,0.019464096731121112,0.065903061174027,0.20014943375698532,0.3850542703130409,0.6989,1146.0,8132.373374214925,21938.679689431778,16124.12645269769,21225.73037930864,1.0,120.0,8.0,1.0,1.0,1.0,1.0,1.0,1.0,1.0,1.0,-0.9965444063036294
31229.0,1.0,1.0,2.0,2.0,1.0,1400.0,0.8893,0.005,0.0221,0.0171,0.0057,0.0007,0.025700000000000004,0.0043,0.03,0.6243,0.4593,0.295,,,3480.0,6180.0,10266.0,13493.0,1.0,20.0,2.0,1.0,1.0,0.0,0.0,0.0,0.0,0.0,0.0,-1.6221766525049583
2689.0,1.0,2.0,3.0,4.0,1.0,15778.0,0.2954,0.1001,0.2697,0.2464,0.0017,0.007,0.0165,0.0631,0.0,0.2353,0.4209,0.1819,0.3467,1160.0,6429.0,13239.0,7240.0,15198.0,1.0,66.0,7.0,1.0,0.0,1.0,1.0,1.0,1.0,1.0,1.0,-1.7478234138777762
4641.0,2.0,4.0,2.0,3.0,1.0,1069.0,0.7774,0.0702,0.0215,0.0449,0.0056,0.0019,0.0458,0.0,0.0327,0.1833,0.5892,0.888,0.724,,19652.0,19652.0,27124.0,31433.0,1.0,22.0,3.0,1.0,1.0,1.0,0.0,0.0,0.0,0.0,0.0,-1.346627298367446
10388.0,1.0,2.0,2.0,2.0,1.0,3672.0,0.4809,0.1261,0.3344,0.0169,0.0041,0.0016,0.024800000000000003,0.0,0.0112,0.7571,0.6159,0.4497999999999999,,,4950.0,12030.0,9763.0,14381.0,1.0,36.0,2.0,1.0,1.0,0.0,0.0,0.0,0.0,0.0,0.0,-1.4966083025682286
2696.0,1.0,2.0,3.0,3.0,1.0,16354.0,0.1208,0.2956,0.319,0.1974,0.004,0.0062,0.0099,0.0472,0.0,0.3591,0.562,0.1517,0.7278,,6369.0,13179.0,6941.0,14720.0,1.0,40.0,3.0,1.0,1.0,1.0,0.0,0.0,0.0,0.0,0.0,-1.5447284852090082
32603.0,1.0,8.0,3.0,4.0,1.0,5924.0,0.3238,0.0643,0.423,0.05349999999999999,0.0051,0.0042,0.0616,0.0164,0.0481,0.0635,0.4876,0.47700000000000004,0.6936000000000001,,5963.0,17123.0,9579.0,18655.0,1.0,30.0,3.0,0.0,0.0,1.0,0.0,1.0,0.0,0.0,1.0,-1.536183874217524
2343.0,2.0,4.0,3.0,4.0,1.0,2788.0,0.8354,0.0334,0.0201,0.0212,0.0161,0.0,0.0212,0.042,0.0108,0.1711,0.312,0.6764,0.6618,1106.0,32842.0,32842.0,20215.0,42355.0,1.0,46.0,6.0,1.0,0.0,1.0,0.0,1.0,1.0,1.0,1.0,-1.192921968138851
2912.0,2.0,5.0,3.0,3.0,1.0,696.0,0.7069,0.10489999999999998,0.0101,0.0086,0.0057,0.0029,0.0273,0.0733,0.0603,0.0057,0.40370000000000006,0.709,0.4321,,26170.0,26170.0,20341.0,36307.0,1.0,18.0,2.0,1.0,0.0,1.0,0.0,0.0,0.0,0.0,0.0,-0.5549190612765021
12606.0,3.0,6.0,1.0,1.0,12.0,1078.0,0.2959198515769944,0.44154870129870133,0.15863098330241188,0.013924860853432282,0.023201762523191095,0.0027816326530612245,0.0315347866419295,0.0,0.032464656771799626,0.15585584415584416,0.774110111317254,0.6763578849721706,,,,,12595.669758812615,17197.31354359926,0.0,1.0,1.0,1.0,0.0,0.0,0.0,0.0,0.0,0.0,0.0,-0.8353581747806857
40033.0,3.0,8.0,1.0,1.0,2.0,312.0,0.4038,0.0833,0.3654,0.051300000000000005,0.0032,0.0321,0.0481,0.0,0.0128,0.0,0.7013,0.6843,,,,,22820.0,27460.0,0.0,7.0,2.0,1.0,1.0,0.0,0.0,0.0,0.0,0.0,0.0,-1.4227473758294444
30051.0,3.0,5.0,1.0,1.0,1.0,49.0,0.1429,0.8571,0.0,0.0,0.0,0.0,0.0,0.0,0.0,0.0408,0.9615,0.9038,,,,,9580.0,14285.0,0.0,2.0,1.0,1.0,0.0,0.0,0.0,0.0,0.0,0.0,0.0,-1.0489216718419259
2299.0,1.0,3.0,2.0,2.0,1.0,2299.0,0.8438,0.0061,0.0204,0.0061,0.0461,0.0026,0.0209,0.0004,0.0535,0.6272,0.5448,0.1885,,,3368.0,6631.0,2210.0,6783.0,1.0,38.0,2.0,1.0,1.0,0.0,0.0,0.0,0.0,0.0,0.0,-0.9608269629271157
1904.0,2.0,4.0,3.0,3.0,1.0,637.0,0.6217,0.1648,0.1633,0.0094,0.0047,0.007799999999999999,0.0251,0.0031,0.0,0.012599999999999998,0.3976,0.7107,0.9745000000000001,969.0,24390.0,24390.0,17371.0,35133.0,1.0,37.0,2.0,1.0,0.0,1.0,0.0,0.0,0.0,0.0,0.0,-0.7595790694353708
30719.0,2.0,3.0,3.0,4.0,2.0,926.0,0.8726,0.054,0.0205,0.014,0.0022000000000000006,0.0022000000000000006,0.0238,0.0,0.0108,0.3283,0.2661,0.6653,0.7389,1030.0,12016.0,12016.0,16096.0,19939.0,1.0,3.0,5.0,0.0,0.0,1.0,0.0,1.0,1.0,1.0,1.0,-1.224097707692977
3474.0,1.0,4.0,3.0,4.0,1.0,6331.0,0.87,0.0227,0.025,0.0133,0.016,0.0070999999999999995,0.0267,0.0153,0.0039,0.2335,0.275,0.5723,0.8882,1044.0,8022.0,10794.0,16129.0,19695.0,1.0,71.0,7.0,1.0,1.0,1.0,0.0,1.0,1.0,1.0,1.0,-0.7889119566097372
31033.0,3.0,2.0,1.0,2.0,1.0,59.0,0.2203,0.6271,0.1186,0.03389999999999999,0.0,0.0,0.0,0.0,0.0,0.0,0.7231,0.5231,,,12725.0,12725.0,17144.0,22587.0,1.0,1.0,2.0,1.0,1.0,0.0,0.0,0.0,0.0,0.0,0.0,-1.3694025863692085
3362.0,2.0,2.0,3.0,4.0,1.0,1574.0,0.8164,0.0712,0.027300000000000005,0.0064,0.0006,0.0019,0.0267,0.0343,0.0152,0.1029,0.3069,0.6313,0.6912999999999999,,31280.0,31280.0,22066.0,42513.0,1.0,54.0,5.0,1.0,0.0,1.0,1.0,1.0,0.0,0.0,1.0,-0.6505489180513264
1119.0,1.0,8.0,2.0,2.0,1.0,1588.0,0.3004,0.1398,0.4509,0.0258,0.012,0.0069,0.056,0.0019,0.0063,0.7513,0.4902000000000001,0.0,,,1104.0,5400.0,8833.0,14455.0,1.0,19.0,2.0,1.0,1.0,0.0,0.0,0.0,0.0,0.0,0.0,-2.3055521155974517
2263.0,1.0,3.0,2.0,2.0,1.0,680.0,0.8074,0.0618,0.0735,0.005899999999999999,0.0029,0.0015,0.005899999999999999,0.0029,0.0382,0.4456,0.4087,0.2113,,,3036.0,5268.0,6552.0,11069.0,1.0,25.0,2.0,1.0,1.0,0.0,0.0,0.0,0.0,0.0,0.0,-1.2464166069619118
22584.0,3.0,5.0,1.0,1.0,1.0,210.0,0.4619,0.5381,0.0,0.0,0.0,0.0,0.0,0.0,0.0,0.0,0.6783,0.8061999999999999,,,,,19513.0,22424.0,0.0,1.0,1.0,1.0,0.0,0.0,0.0,0.0,0.0,0.0,0.0,-0.9686147163155131
2014.0,1.0,5.0,3.0,4.0,1.0,911.0,0.7398,0.1207,0.0604,0.0681,0.0055,0.0,0.0,0.0022,0.0033,0.3161,0.23060000000000003,0.5333,,,,,,,,21.0,5.0,0.0,1.0,1.0,0.0,1.0,1.0,1.0,0.0,-1.3926204629225798
1914.0,2.0,4.0,1.0,3.0,1.0,463.0,0.0994,0.2916,0.3952,0.0994,0.0043,0.0,0.0518,0.0583,0.0,0.3305,0.5612,0.2553,,,7111.0,7111.0,7823.0,13679.0,1.0,5.0,3.0,1.0,1.0,1.0,0.0,0.0,0.0,0.0,0.0,-1.1039182344973515
2701.0,2.0,2.0,3.0,4.0,1.0,2865.0,0.6723,0.0415,0.0845,0.0356,0.0007,0.001,0.0353,0.0873,0.0419,0.0007,0.1138,0.2654,0.2624,1369.0,48175.0,48175.0,23146.0,60050.0,1.0,42.0,2.0,0.0,0.0,1.0,0.0,1.0,0.0,0.0,0.0,-1.7362350138682363
5263.0,1.0,4.0,1.0,2.0,1.0,1977.0,0.7941,0.0577,0.0698,0.0273,0.0106,0.001,0.0187,0.0005,0.0202,0.4578,0.36,0.3974,,,5660.0,10807.0,11126.0,14565.0,1.0,47.0,2.0,1.0,1.0,0.0,0.0,0.0,0.0,0.0,0.0,-1.416263096108168
12165.0,1.0,5.0,2.0,3.0,1.0,2850.0,0.0161,0.9249,0.0172,0.007,0.0011,0.0025,0.0186,0.007,0.0056,0.47789999999999994,0.7487,0.4174,,,3058.0,8984.0,10556.0,15397.0,1.0,9.0,3.0,1.0,1.0,1.0,0.0,0.0,0.0,0.0,0.0,-0.8563102415819149
41812.0,3.0,8.0,1.0,1.0,1.0,329.0,0.2432,0.23709999999999998,0.4103,0.0486,0.0,0.0182,0.0213,0.003,0.0182,0.0,0.6302,0.6228,,,,,23220.0,28195.0,0.0,4.0,1.0,1.0,0.0,0.0,0.0,0.0,0.0,0.0,0.0,-1.2913472732844349
11163.0,1.0,6.0,3.0,4.0,1.0,5550.0,0.5948,0.0914,0.1586,0.0285,0.0033999999999999994,0.0011,0.0807,0.0193,0.0223,0.22879999999999998,0.3636,0.4344,0.8357999999999999,1051.0,7312.0,18172.0,13016.0,19552.0,1.0,42.0,6.0,0.0,0.0,1.0,1.0,1.0,1.0,1.0,1.0,-1.2027407916981645
3986.0,2.0,2.0,3.0,4.0,1.0,2383.0,0.7637,0.0436,0.099,0.0264,0.0059,0.0017,0.0,0.0,0.0596,0.24719999999999998,0.278,0.6555,0.7965,1033.0,32350.0,32350.0,27239.0,46691.0,1.0,45.0,6.0,1.0,0.0,1.0,0.0,1.0,1.0,1.0,1.0,-0.8657890060985838
3681.0,2.0,7.0,3.0,4.0,1.0,2188.0,0.7153,0.0101,0.0946,0.0247,0.0037000000000000006,0.0023,0.0352,0.0475,0.0667,0.06169999999999999,0.2357,0.6222,0.9575999999999999,1122.0,30364.0,30364.0,22910.0,39868.0,1.0,57.0,3.0,0.0,0.0,1.0,0.0,1.0,0.0,0.0,1.0,-1.0905650147666786
3194.0,2.0,8.0,3.0,4.0,1.0,2494.0,0.6961,0.0152,0.087,0.0369,0.0044,0.004,0.0585,0.0557,0.0421,0.0974,0.3448,0.6464,0.7776,1081.0,31866.0,31866.0,24600.0,43033.0,1.0,59.0,6.0,1.0,0.0,1.0,0.0,1.0,1.0,1.0,1.0,-0.9019366569021354
2542.0,2.0,4.0,3.0,4.0,1.0,3977.0,0.7257,0.0264,0.0727,0.0938,0.0045,0.0035,0.039,0.0259,0.0085,0.0357,0.1757,0.683,0.7267,1200.0,35360.0,35360.0,27854.0,47780.0,1.0,78.0,8.0,1.0,1.0,1.0,1.0,1.0,1.0,1.0,1.0,-1.0839858418059465
1972.0,2.0,5.0,3.0,4.0,1.0,2092.0,0.6821,0.0966,0.011,0.0053,0.0043,0.0005,0.0139,0.0,0.1864,0.015299999999999998,0.624,0.7927,,,22550.0,22550.0,15894.0,34602.0,1.0,36.0,4.0,0.0,1.0,1.0,0.0,1.0,1.0,0.0,0.0,-0.8962874171394059
1918.0,2.0,4.0,3.0,4.0,1.0,1339.0,0.7043,0.0986,0.0396,0.0209,0.014199999999999999,0.0052,0.0657,0.0,0.0515,0.23599999999999996,0.4574,0.7495,0.6138,1029.0,24630.0,24630.0,17213.0,31952.0,1.0,42.0,3.0,0.0,1.0,1.0,0.0,1.0,0.0,0.0,0.0,-0.7345386129196954
41668.0,3.0,3.0,1.0,1.0,1.0,65.0,0.8615,0.030800000000000004,0.1077,0.0,0.0,0.0,0.0,0.0,0.0,0.3077,0.3889,0.5794,,,,,9090.0,11452.0,0.0,1.0,1.0,1.0,0.0,0.0,0.0,0.0,0.0,0.0,0.0,-1.0492030115792428
5001.0,1.0,8.0,1.0,2.0,1.0,4321.0,0.4867000000000001,0.0586,0.0699,0.1257,0.0074,0.0046,0.0606,0.1146,0.072,0.4316,0.1857,0.1058,,,4462.0,9697.0,7207.0,13600.0,1.0,55.0,2.0,1.0,1.0,0.0,0.0,0.0,0.0,0.0,0.0,-1.4014468003703207
2892.0,1.0,0.0,3.0,4.0,1.0,939.0,0.7636,0.0309,0.099,0.0671,0.0138,0.0,0.0,0.0138,0.0117,0.0,0.0783,0.0668,,,1107.0,1107.0,5538.0,8988.0,1.0,3.0,2.0,0.0,0.0,1.0,0.0,1.0,0.0,0.0,0.0,-2.328069874470974
23586.0,3.0,5.0,1.0,1.0,1.0,103.0,0.8640999999999999,0.1262,0.0,0.0,0.0097,0.0,0.0,0.0,0.0,0.0,0.5241,0.4819,,,,,8811.0,12522.0,0.0,1.0,1.0,1.0,0.0,0.0,0.0,0.0,0.0,0.0,0.0,-0.5701512525681725
31133.0,3.0,8.0,1.0,1.0,2.0,1418.0,0.1544,0.0973,0.6587,0.0346,0.0035,0.0021,0.0212,0.0,0.0282,0.0,0.6596,0.5833,,,,,20701.0,27285.0,0.0,6.0,1.0,1.0,0.0,0.0,0.0,0.0,0.0,0.0,0.0,-1.069707307726548
24990.0,3.0,5.0,1.0,1.0,1.0,137.0,0.5766,0.219,0.0876,0.0,0.0,0.0073,0.1095,0.0,0.0,0.0073,0.636,0.452,,,,,12944.0,17488.0,0.0,2.0,1.0,1.0,0.0,0.0,0.0,0.0,0.0,0.0,0.0,-1.298158385063566
7691.0,1.0,3.0,1.0,2.0,1.0,4548.0,0.7199,0.0198,0.1449,0.0167,0.0022,0.0024,0.0237,0.002,0.0684,0.5464,0.2549,0.1148,,,3164.0,12085.0,7864.0,10902.0,1.0,39.0,2.0,1.0,1.0,0.0,0.0,0.0,0.0,0.0,0.0,-1.9756550439715466
6731.0,2.0,8.0,1.0,2.0,2.0,446.0,0.21969999999999998,0.1435,0.4888,0.1368,0.0,0.0022,0.0067,0.0,0.0022,0.0,0.7701,0.7281,0.875,,,,19899.0,25073.0,0.0,3.0,2.0,1.0,1.0,0.0,0.0,0.0,0.0,0.0,0.0,-0.6210327236900749
11462.0,1.0,8.0,3.0,4.0,1.0,12865.0,0.5747,0.0358,0.0761,0.0778,0.0653,0.0086,0.098,0.0181,0.0457,0.45389999999999997,0.2385,0.2647,,,5494.0,16466.0,8661.0,13610.0,1.0,98.0,7.0,1.0,1.0,1.0,1.0,1.0,1.0,0.0,1.0,-0.9425823357285897
41445.0,3.0,7.0,1.0,1.0,1.0,108.0,0.8056,0.0185,0.1111,0.0185,0.0185,0.0,0.0,0.0185,0.0093,0.1574,0.6425,0.5337,,,,,15288.0,18541.0,0.0,1.0,1.0,1.0,0.0,0.0,0.0,0.0,0.0,0.0,0.0,-1.0361394687572107
9515.0,3.0,3.0,1.0,1.0,1.0,92.0,0.9673999999999999,0.0217,0.010899999999999998,0.0,0.0,0.0,0.0,0.0,0.0,0.0,0.6667,0.5556,,,,,13739.0,17864.0,0.0,1.0,1.0,1.0,0.0,0.0,0.0,0.0,0.0,0.0,0.0,-1.4011829736136412
20522.0,1.0,5.0,1.0,2.0,1.0,1547.0,0.9489,0.0284,0.013599999999999998,0.0006,0.0058,0.0,0.0026,0.0,0.0,0.2708,0.6161,0.3594,,,2688.0,5232.0,6239.0,11865.0,1.0,24.0,2.0,1.0,1.0,0.0,0.0,0.0,0.0,0.0,0.0,-1.298842695830031
41517.0,3.0,2.0,1.0,1.0,1.0,209.0,0.8852,0.1053,0.0,0.0,0.0,0.0,0.0096,0.0,0.0,0.0191,0.3894,0.6854,,,,,15628.0,17819.0,0.0,1.0,1.0,1.0,0.0,0.0,0.0,0.0,0.0,0.0,0.0,-1.1680977587331653
9058.0,2.0,4.0,3.0,4.0,3.0,2936.0,0.8478,0.0484,0.027599999999999996,0.031000000000000003,0.001,0.0003,0.0242,0.0041,0.0157,0.1522,0.2725,0.6636,0.9543000000000001,1146.0,32990.0,32990.0,25568.0,43974.0,1.0,55.0,7.0,1.0,1.0,1.0,0.0,1.0,1.0,1.0,1.0,-1.087135832637783
25306.0,1.0,4.0,2.0,2.0,1.0,6565.0,0.7992,0.0596,0.0385,0.019800000000000005,0.0032000000000000006,0.0009,0.0331,0.0084,0.0373,0.4859,0.2394,0.1061,,,2400.0,5280.0,3368.0,7200.0,1.0,42.0,2.0,1.0,1.0,0.0,0.0,0.0,0.0,0.0,0.0,-1.9252167790481727
25606.0,3.0,5.0,1.0,1.0,1.0,79.0,0.8101,0.11390000000000002,0.0506,0.0,0.0,0.0,0.0253,0.0,0.0,0.0,0.5984,0.8197,,,,,13710.0,17298.0,0.0,1.0,1.0,1.0,0.0,0.0,0.0,0.0,0.0,0.0,0.0,-0.8404022364779049
8129.0,1.0,3.0,1.0,1.0,1.0,109.0,0.2202,0.7064,0.0183,0.0092,0.0092,0.0,0.0367,0.0,0.0,0.0826,0.9195,0.9483,0.8462,,,,12700.0,17136.0,0.0,4.0,1.0,1.0,0.0,0.0,0.0,0.0,0.0,0.0,0.0,-1.251328526131084
23245.0,3.0,3.0,1.0,1.0,1.0,130.0,0.7923,0.1,0.0692,0.0,0.007700000000000001,0.0,0.0231,0.0,0.007700000000000001,0.2308,0.4686,0.3623,,,,,7920.0,11636.0,0.0,1.0,1.0,1.0,0.0,0.0,0.0,0.0,0.0,0.0,0.0,-1.2794941373687316
25208.0,3.0,4.0,1.0,1.0,1.0,105.0,0.8286,0.1143,0.03810000000000001,0.0,0.0,0.0,0.019,0.0,0.0,0.0,0.6115,0.5605,,,,,14730.0,18391.0,0.0,1.0,1.0,1.0,0.0,0.0,0.0,0.0,0.0,0.0,0.0,-1.2486387895837716
12026.0,3.0,8.0,1.0,1.0,1.0,145.0,0.5103,0.0621,0.2966,0.0,0.0069,0.0207,0.0966,0.0,0.0069,0.0,0.6065,0.5812,,,,,29085.0,33062.0,0.0,1.0,1.0,1.0,0.0,0.0,0.0,0.0,0.0,0.0,0.0,-1.5819678793499743
1558.0,1.0,5.0,2.0,3.0,1.0,2833.0,0.6643,0.173,0.0512,0.0173,0.0042,0.0011,0.0381,0.0116,0.0392,0.3537,0.5323,0.4818,0.9234999999999999,920.0,4510.0,12566.0,11034.0,15817.0,1.0,16.0,2.0,0.0,1.0,1.0,0.0,0.0,0.0,0.0,0.0,-0.9610356023359388
2834.0,2.0,2.0,3.0,4.0,1.0,38426.0,0.5933,0.2155,0.0921,0.0306,0.006,0.0057,0.0256,0.0059,0.0254,1.0,0.0745,0.08,,,,,,,,47.0,5.0,1.0,1.0,1.0,0.0,1.0,0.0,0.0,1.0,-1.7405897603755482
1544.0,1.0,5.0,3.0,4.0,1.0,3261.0,0.0485,0.9003,0.0132,0.0014999999999999998,0.0018,0.0003,0.006100000000000001,0.0018,0.0264,0.1496,0.7172,0.8923,0.4729,875.0,5192.0,15196.0,12718.0,18488.0,1.0,38.0,6.0,1.0,1.0,1.0,0.0,1.0,0.0,1.0,1.0,-0.48575370331398293
5339.0,1.0,6.0,1.0,1.0,1.0,1106.0,0.198,0.2495,0.3707,0.0027,0.0172,0.0,0.0651,0.0,0.0967,0.5651,0.2725,0.177,,,,,13680.0,16962.0,0.0,35.0,2.0,1.0,1.0,0.0,0.0,0.0,0.0,0.0,0.0,-1.4079013451370808
8133.0,1.0,3.0,2.0,2.0,1.0,2063.0,0.6995,0.0296,0.0029,0.0029,0.0029,0.0005,0.0218,0.0,0.2399,0.573,0.3645,0.3434,,,4646.0,9206.0,8909.0,12672.0,1.0,46.0,2.0,1.0,1.0,0.0,0.0,0.0,0.0,0.0,0.0,-1.6336093216755436
2551.0,1.0,4.0,3.0,4.0,1.0,5081.0,0.7935,0.0187,0.1,0.0085,0.0018,0.0006,0.0144,0.0555,0.0070999999999999995,0.0968,0.339,0.4965,0.8411000000000001,1049.0,6586.0,12744.0,15100.0,19797.0,1.0,37.0,3.0,0.0,0.0,1.0,0.0,1.0,0.0,0.0,1.0,-0.943706337940591
21059.0,3.0,2.0,1.0,1.0,2.0,311.0,0.13182636655948554,0.49840707395498385,0.3022392282958199,0.025725080385852087,0.0,0.0,0.01607717041800643,0.012883279742765274,0.012883279742765274,0.49838295819935685,0.562751768488746,0.3848337620578778,,,,,17762.0,21509.244372990353,0.0,1.0,1.0,1.0,0.0,0.0,0.0,0.0,0.0,0.0,0.0,-1.0441531571227212
3659.0,1.0,6.0,3.0,4.0,1.0,825.0,0.36,0.0461,0.4048,0.0982,0.0036,0.0012,0.0242,0.0145,0.0473,0.0545,0.2989,0.6204,,,,,,,,20.0,7.0,1.0,0.0,1.0,1.0,1.0,1.0,1.0,1.0,-1.7011780909968164
35883.0,3.0,3.0,1.0,1.0,1.0,329.0,0.7325,0.1824,0.0243,0.0091,0.0,0.0,0.0,0.0,0.051699999999999996,0.0,0.5037,0.5725,,,,,24787.0,26496.0,0.0,1.0,1.0,1.0,0.0,0.0,0.0,0.0,0.0,0.0,0.0,-1.2790750039555645
21830.0,2.0,2.0,1.0,2.0,1.0,332.0,0.3343,0.3434,0.1416,0.0211,0.0,0.0,0.0181,0.0,0.1416,0.3313,0.5524,0.48569999999999997,0.5348,,,,11793.0,18061.0,0.0,8.0,2.0,1.0,1.0,0.0,0.0,0.0,0.0,0.0,0.0,-1.637313276758093
7304.0,2.0,2.0,2.0,3.0,3.0,2778.0,0.5583,0.0522,0.1526,0.058300000000000005,0.0031999999999999997,0.0043,0.0284,0.1012,0.0414,0.0,0.2794,0.6324,0.6369,,28240.0,28240.0,30606.0,41305.0,1.0,3.0,3.0,1.0,1.0,1.0,0.0,0.0,0.0,0.0,0.0,-1.1033628914267075
10491.0,1.0,4.0,1.0,2.0,1.0,5452.0,0.5292,0.24930000000000002,0.059800000000000006,0.0963,0.0044,0.0018,0.0347,0.006100000000000001,0.0185,0.6359,0.4428,0.45020000000000004,,,5133.0,5133.0,13797.0,17735.0,1.0,46.0,2.0,1.0,1.0,0.0,0.0,0.0,0.0,0.0,0.0,-1.4646603515334373
1825.0,1.0,3.0,3.0,4.0,1.0,29977.0,0.6579,0.0304,0.0421,0.0539,0.0012000000000000001,0.0007,0.0212,0.1748,0.0178,0.0532,0.2017,0.3559,0.5929,1213.0,10002.0,28804.0,14797.0,22879.0,1.0,128.0,7.0,1.0,1.0,1.0,0.0,1.0,1.0,1.0,1.0,-1.312123270603438
2575.0,2.0,1.0,3.0,4.0,1.0,1702.0,0.7855,0.0447,0.0247,0.0112,0.0047,0.0012,0.0141,0.03,0.084,0.12339999999999998,0.32019999999999993,0.8881,0.8430000000000001,949.0,31782.0,31782.0,26461.0,45898.0,1.0,45.0,7.0,1.0,1.0,1.0,0.0,1.0,1.0,1.0,1.0,-0.6810933425898161
3469.0,2.0,4.0,3.0,4.0,1.0,1082.0,0.8854,0.0388,0.0139,0.0065,0.0037,0.0018,0.0416,0.0046,0.0037,0.1719,0.3073,0.7227,0.9724,1028.0,25480.0,25480.0,19267.0,35298.0,1.0,39.0,3.0,0.0,1.0,1.0,0.0,1.0,0.0,0.0,0.0,-0.8523238281973166
24926.0,1.0,2.0,1.0,1.0,1.0,106.0,0.434,0.4811,0.0189,0.0566,0.0,0.0,0.0,0.0,0.0094,0.4151000000000001,0.4011,0.8020999999999999,0.6154,,,,14788.0,18819.0,0.0,1.0,1.0,1.0,0.0,0.0,0.0,0.0,0.0,0.0,0.0,-1.617370650616588
2882.0,2.0,2.0,3.0,4.0,1.0,14768.0,0.5534,0.08919999999999999,0.1076,0.0775,0.0077,0.0007,0.0275,0.1085,0.0279,0.0365,0.2608,0.5506,0.5323,1184.0,41886.0,41886.0,29658.0,57450.0,1.0,117.0,8.0,1.0,1.0,1.0,1.0,1.0,1.0,1.0,1.0,-1.113425112007252
5544.0,1.0,4.0,2.0,2.0,1.0,1663.0,0.9164,0.0078,0.0367,0.0048,0.0048,0.0012,0.0192,0.0012,0.0078,0.2249,0.2773,0.40669999999999995,,,5397.0,5397.0,14865.0,17863.0,1.0,36.0,2.0,1.0,1.0,0.0,0.0,0.0,0.0,0.0,0.0,-1.4149020639605674
2691.0,1.0,2.0,2.0,2.0,1.0,25849.0,0.0916,0.2698,0.4425,0.114,0.0026999999999999997,0.0039,0.0157,0.0598,0.0,0.3384,0.6757,0.1033,,,4818.0,7518.0,7436.0,14037.0,1.0,33.0,2.0,1.0,1.0,0.0,0.0,0.0,0.0,0.0,0.0,-1.7202075904853555
9387.0,2.0,8.0,1.0,1.0,1.0,791.0,0.5297,0.0088,0.3388,0.0088,0.0139,0.0025,0.0544,0.0,0.043,0.0,0.6283,0.8349,,,,,18584.0,20154.0,0.0,12.0,2.0,1.0,1.0,0.0,0.0,0.0,0.0,0.0,0.0,-1.4074288076546153
7686.0,1.0,5.0,2.0,2.0,1.0,2683.0,0.0779,0.8871,0.0026,0.0048,0.0004000000000000001,0.0007,0.0029999999999999996,0.0231,0.0004000000000000001,0.2374,0.46919999999999995,0.4109,,,3634.0,3634.0,8783.0,13670.0,1.0,23.0,2.0,1.0,1.0,0.0,0.0,0.0,0.0,0.0,0.0,-0.5817323383619996
3895.0,1.0,3.0,3.0,4.0,1.0,29302.0,0.7705,0.0212,0.0479,0.0549,0.0022,0.0013,0.0276,0.0714,0.003,0.049,0.1522,0.3617,0.5694,1286.0,10410.0,26660.0,18397.0,23839.0,1.0,132.0,4.0,0.0,0.0,1.0,0.0,1.0,1.0,1.0,0.0,-1.28160623104629
1844.0,2.0,3.0,3.0,3.0,1.0,923.0,0.7464999999999999,0.0596,0.0639,0.013,0.0054,0.0011,0.0293,0.07149999999999998,0.0098,0.0011,0.2495,0.6703,0.6998,1128.0,37750.0,37750.0,24206.0,46660.0,1.0,22.0,1.0,0.0,0.0,1.0,0.0,0.0,0.0,0.0,0.0,-0.9519724265497443
11866.0,3.0,8.0,1.0,1.0,1.0,274.0,0.2847,0.0401,0.6168,0.0219,0.0036,0.0036,0.0292,0.0,0.0,0.0,0.6306,0.6071,,,,,15757.0,19549.0,0.0,1.0,1.0,1.0,0.0,0.0,0.0,0.0,0.0,0.0,0.0,-1.296134326177299
1820.0,2.0,3.0,3.0,4.0,1.0,1254.0,0.8405,0.0423,0.0486,0.0112,0.0008,0.0,0.0319,0.0215,0.0032,0.0056,0.3678,0.9282999999999999,0.7428,1000.0,29040.0,29040.0,20425.0,39325.0,1.0,41.0,4.0,0.0,1.0,1.0,0.0,1.0,0.0,1.0,0.0,-0.6512446889059361
3634.0,1.0,6.0,2.0,2.0,1.0,3747.0,0.5954,0.143,0.2074,0.0093,0.0045,0.0032,0.0024,0.0005,0.0342,0.2728,0.5567,0.7372,,,3342.0,7200.0,8071.0,12301.0,1.0,57.0,2.0,1.0,1.0,0.0,0.0,0.0,0.0,0.0,0.0,-1.4101136785066861
2277.0,1.0,3.0,2.0,2.0,1.0,2980.0,0.6426,0.17889999999999998,0.0768,0.0114,0.0063999999999999994,0.0023,0.0258,0.0,0.0557,0.5876,0.447,0.2177,,,4005.0,6861.0,6131.0,11285.0,1.0,52.0,2.0,1.0,1.0,0.0,0.0,0.0,0.0,0.0,0.0,-1.342748753523166
41822.0,3.0,8.0,1.0,1.0,1.0,3.0,0.0,0.0,0.0,0.3333,0.0,0.3333,0.3333,0.0,0.0,0.0,0.7115,0.7115,,,14425.0,14425.0,15962.0,18111.0,1.0,2.0,2.0,1.0,1.0,0.0,0.0,0.0,0.0,0.0,0.0,-1.0955306221307015
3702.0,2.0,5.0,3.0,4.0,1.0,1538.0,0.3991850455136541,0.21521703511053314,0.021476592977893366,0.007154356306892067,0.005191677503250975,0.0,0.0,0.027286866059817946,0.32444278283485045,0.3459029908972692,0.4331276983094928,0.6536162548764629,0.5964,923.0,20557.57477243173,20557.57477243173,23104.132639791937,32713.457737321198,1.0,41.0,3.0,0.0,1.0,1.0,0.0,1.0,0.0,0.0,0.0,-0.7230166141622232
2347.0,2.0,4.0,3.0,4.0,1.0,2167.0,0.6396,0.1251,0.0401,0.0632,0.0065,0.0005,0.0365,0.0434,0.0452,0.4056,0.3744,0.6374,0.5324,,20250.0,20250.0,17779.0,28984.0,1.0,50.0,8.0,1.0,1.0,1.0,1.0,1.0,1.0,1.0,1.0,-1.2111976515703902
2154.0,2.0,1.0,3.0,4.0,1.0,81.0,0.8641999999999999,0.0,0.0123,0.0,0.0,0.0,0.0,0.12350000000000001,0.0,0.0,0.2717,0.4457,,,22339.0,22339.0,19598.0,38405.0,1.0,10.0,2.0,0.0,0.0,1.0,0.0,1.0,0.0,0.0,0.0,-0.877868955299988
3421.0,3.0,5.0,3.0,4.0,1.0,2553.0,0.7697,0.0145,0.0627,0.0219,0.0027,0.0047,0.0294,0.056400000000000006,0.038,0.0223,0.4133,0.3824,0.8101,1052.0,14220.0,14220.0,13671.0,22343.0,1.0,51.0,5.0,0.0,1.0,1.0,0.0,1.0,1.0,0.0,1.0,-0.9837042239468214
2169.0,1.0,1.0,2.0,2.0,1.0,1850.0,0.7843,0.0303,0.0746,0.0389,0.006499999999999999,0.0005,0.0368,0.0,0.0281,0.6059,0.3509,0.20089999999999997,,,4958.0,11078.0,11031.0,13124.0,1.0,40.0,2.0,1.0,1.0,0.0,0.0,0.0,0.0,0.0,0.0,-1.4973805986807516
5301.0,1.0,3.0,1.0,2.0,1.0,6613.0,0.8432,0.024000000000000004,0.0505,0.0345,0.0287,0.0002,0.0188,0.0,0.0002,0.5838,0.3695,0.3609,,,4198.0,6036.0,9715.0,13269.0,1.0,71.0,2.0,1.0,1.0,0.0,0.0,0.0,0.0,0.0,0.0,-1.3354680354404527
2327.0,1.0,3.0,3.0,4.0,1.0,6565.0,0.6778,0.1298,0.0375,0.0178,0.0073,0.0008000000000000001,0.0294,0.05909999999999999,0.0405,0.358,0.4186000000000001,0.7203,0.7864000000000001,993.0,9694.0,18922.0,14026.0,19079.0,1.0,60.0,5.0,0.0,0.0,1.0,0.0,1.0,1.0,1.0,1.0,-0.7557463223164653
2651.0,1.0,6.0,3.0,4.0,3.0,6046.0,0.4311649354945419,0.04099882566986437,0.41136827654647706,0.00812419781673834,0.03160506119748594,0.003332351968243467,0.023173304664240824,0.024788207079060535,0.02548312934171353,0.36684371485279527,0.3242624875951042,0.22194348329474034,0.6306,935.0,3591.301025471386,8116.352464439298,9136.030764141582,14258.940125702944,1.0,88.0,5.0,1.0,1.0,1.0,0.0,1.0,0.0,0.0,1.0,-0.8485957191028036
41618.0,2.0,8.0,3.0,4.0,1.0,3755.0,0.4506,0.0969,0.2953,0.0346,0.0083,0.0115,0.0431,0.0003,0.0594,0.613,0.4672,0.5610999999999999,0.7317,,12200.0,12200.0,15369.0,19925.0,1.0,27.0,7.0,1.0,1.0,1.0,0.0,1.0,1.0,1.0,1.0,-0.9956563785749308
23517.0,3.0,5.0,1.0,1.0,1.0,222.0,0.7838,0.1261,0.027,0.0,0.0,0.0,0.0586,0.0,0.0045,0.009,0.5294,0.6046,,,,,10911.0,14063.0,0.0,1.0,1.0,1.0,0.0,0.0,0.0,0.0,0.0,0.0,0.0,-1.062368934771681
1133.0,2.0,8.0,3.0,4.0,1.0,2799.0,0.5098,0.0432,0.2547,0.0657,0.0114,0.0057,0.027199999999999995,0.0425,0.0397,0.0543,0.2722,0.5765,0.6097,1109.0,37140.0,37140.0,27918.0,50425.0,1.0,48.0,5.0,0.0,0.0,1.0,0.0,1.0,1.0,1.0,1.0,-1.1540411887271043
41690.0,3.0,6.0,1.0,1.0,1.0,68.0,0.0,0.0,1.0,0.0,0.0,0.0,0.0,0.0,0.0,0.0,0.5817,0.5686,,,,,15775.0,20314.0,0.0,1.0,1.0,1.0,0.0,0.0,0.0,0.0,0.0,0.0,0.0,-0.9657533208558926
1936.0,1.0,4.0,1.0,2.0,1.0,1323.0,0.7891,0.10360000000000001,0.0416,0.0128,0.0219,0.0,0.0,0.0302,0.0008,0.3666,0.2794,0.2056,,,4148.0,4148.0,7827.0,13060.0,1.0,21.0,2.0,1.0,1.0,0.0,0.0,0.0,0.0,0.0,0.0,-1.6878358292664681
9917.0,1.0,3.0,1.0,2.0,14.0,77657.0,0.7057,0.1524,0.061799999999999994,0.015200000000000002,0.0042,0.0,0.0241,0.0003,0.0362,0.635,0.5153,0.3384,,,4055.0,7932.0,7186.0,12046.0,1.0,75.0,2.0,1.0,1.0,0.0,0.0,0.0,0.0,0.0,0.0,-1.2431684187425789
41272.0,3.0,8.0,1.0,1.0,1.0,88.0,0.5568,0.0114,0.40909999999999996,0.0,0.0,0.0,0.0227,0.0,0.0,0.1023,0.526,0.6994,,,,,10422.0,14508.0,0.0,2.0,1.0,1.0,0.0,0.0,0.0,0.0,0.0,0.0,0.0,-1.1475443471265347
3760.0,1.0,5.0,2.0,2.0,1.0,5264.0,0.7479,0.1476,0.0327,0.027200000000000002,0.003,0.0013,0.0312,0.0034000000000000002,0.0057,0.5386,0.3314,0.1505,,,4174.0,9624.0,6838.0,11025.0,1.0,43.0,2.0,1.0,1.0,0.0,0.0,0.0,0.0,0.0,0.0,-1.2601898661421553
1258.0,2.0,8.0,3.0,4.0,1.0,1583.0,0.2786,0.0853,0.271,0.18129999999999996,0.0025,0.0208,0.0758,0.0291,0.0556,0.0783,0.4584,0.7787,0.4744,1017.0,28131.0,28131.0,22176.0,39564.0,1.0,43.0,4.0,1.0,1.0,1.0,0.0,1.0,0.0,0.0,0.0,-0.9411997290339585
1079.0,1.0,6.0,1.0,2.0,1.0,5359.0,0.6193,0.0129,0.1329,0.0088,0.0284,0.0015000000000000002,0.0147,0.0022,0.1793,0.633,0.3206,0.1584,,,1896.0,8088.0,7108.0,11321.0,1.0,48.0,2.0,1.0,1.0,0.0,0.0,0.0,0.0,0.0,0.0,-1.4889010885810958
3744.0,2.0,5.0,3.0,4.0,1.0,3223.0,0.5901,0.0782,0.0729,0.0624,0.0028,0.0003,0.0375,0.0813,0.0745,0.0807,0.1916,0.3969,0.318,1337.0,46680.0,46680.0,24859.0,57535.0,1.0,47.0,7.0,1.0,1.0,1.0,1.0,1.0,0.0,1.0,1.0,-1.2885502693725315
1406.0,1.0,1.0,3.0,4.0,1.0,8133.0,0.5757,0.1602,0.1184,0.0273,0.0022,0.0001,0.024,0.0038,0.0883,0.1637,0.3622,0.6214,0.7154,932.0,9157.0,20937.0,14741.0,19704.0,1.0,54.0,4.0,0.0,0.0,1.0,0.0,1.0,1.0,0.0,1.0,-0.9057726893414045
33733.0,2.0,5.0,3.0,3.0,1.0,223.0,0.6996,0.1525,0.0314,0.0224,0.0135,0.0045,0.0538,0.0224,0.0,0.009,0.2421,0.5105,0.5901,,33016.0,33016.0,43362.0,46011.0,1.0,8.0,2.0,0.0,1.0,1.0,0.0,0.0,0.0,0.0,0.0,-0.16279889030509073
3479.0,2.0,5.0,3.0,4.0,1.0,5778.0,0.8049,0.0433,0.046700000000000005,0.0197,0.0026,0.001,0.0348,0.01,0.0369,0.062,0.1729,0.609,0.8272,1176.0,28660.0,28660.0,33717.0,43030.0,1.0,59.0,4.0,0.0,0.0,1.0,0.0,1.0,1.0,1.0,0.0,-1.0036760226891341
39993.0,1.0,8.0,1.0,1.0,1.0,93.0,0.4731,0.0753,0.2796,0.0753,0.0,0.0,0.0,0.0,0.0968,0.0,0.7469000000000001,0.7716,,,,,18776.0,23030.0,0.0,1.0,1.0,1.0,0.0,0.0,0.0,0.0,0.0,0.0,0.0,-1.2288393131269566
1414.0,2.0,1.0,3.0,4.0,1.0,2262.0,0.6485,0.0592,0.0698,0.0438,0.0009,0.0,0.030099999999999995,0.0959,0.0517,0.042,0.1073,0.2538,0.3304,,49056.0,49056.0,29514.0,62310.0,1.0,43.0,2.0,0.0,0.0,1.0,0.0,1.0,0.0,0.0,0.0,-1.3729337653962854
2529.0,1.0,7.0,2.0,2.0,1.0,237.0,0.7848,0.0422,0.0464,0.0127,0.03379999999999999,0.0,0.0,0.0211,0.0591,0.1941,0.3005,0.3457,,,3359.0,10319.0,3620.0,12262.0,1.0,10.0,2.0,1.0,1.0,0.0,0.0,0.0,0.0,0.0,0.0,-1.49048752902571
25459.0,2.0,8.0,1.0,1.0,1.0,75.0,0.6,0.0667,0.1467,0.04,0.0133,0.0,0.1333,0.0,0.0,0.0,0.3233,0.7845,,,,,34111.0,37345.0,0.0,1.0,1.0,1.0,0.0,0.0,0.0,0.0,0.0,0.0,0.0,-0.9368773654825435
3037.0,2.0,3.0,3.0,3.0,1.0,2029.0,0.7033,0.0779,0.0458,0.0439,0.0123,0.0005,0.0,0.0818,0.0345,0.0074,0.1957,0.4943,0.5909,1229.0,43350.0,43350.0,23904.0,53500.0,1.0,36.0,1.0,0.0,0.0,1.0,0.0,0.0,0.0,0.0,0.0,-0.8109972999200451
1654.0,1.0,3.0,1.0,2.0,1.0,3836.0,0.0261,0.8587,0.0688,0.0096,0.0029,0.0005,0.0117,0.0034,0.0182,0.316,0.607,0.2908,,,3070.0,7891.0,9773.0,13979.0,1.0,32.0,2.0,1.0,1.0,0.0,0.0,0.0,0.0,0.0,0.0,-1.5274272501901318
3327.0,1.0,2.0,3.0,4.0,1.0,7529.0,0.8601,0.0518,0.0216,0.0072,0.0013,0.0005,0.028399999999999998,0.009,0.0199,0.0652,0.3156,0.7278,0.6597,999.0,9309.0,12939.0,17690.0,21741.0,1.0,51.0,6.0,1.0,0.0,1.0,0.0,1.0,1.0,1.0,1.0,-0.7520196800708897
22664.0,2.0,4.0,3.0,3.0,1.0,289.0,0.8754,0.0346,0.0242,0.0138,0.0069,0.0,0.0415,0.0,0.0035,0.1869,0.6225,0.8046,0.424,,11700.0,11700.0,11559.0,24213.0,1.0,8.0,3.0,1.0,1.0,1.0,0.0,0.0,0.0,0.0,0.0,-0.683818085271427
30153.0,1.0,3.0,1.0,1.0,1.0,326.0,0.8681000000000001,0.046,0.0644,0.0092,0.0031,0.0031,0.0061,0.0,0.0,0.1656,0.5608,0.5824,,,,,9928.0,13620.0,0.0,17.0,1.0,1.0,0.0,0.0,0.0,0.0,0.0,0.0,0.0,-1.6542228470437765
1958.0,2.0,5.0,3.0,4.0,1.0,1003.0,0.669,0.1326,0.0608,0.002,0.009,0.002,0.0,0.01,0.1147,0.2403,0.4989,0.8219,0.4927,1039.0,19990.0,19990.0,10505.0,27812.0,1.0,41.0,5.0,0.0,1.0,1.0,1.0,1.0,0.0,0.0,1.0,-0.43569776371152336
41584.0,3.0,3.0,1.0,1.0,2.0,164.0,0.6463,0.23169999999999996,0.0427,0.012199999999999999,0.024399999999999998,0.0,0.024399999999999998,0.0,0.0183,0.3049,0.4815,0.4781,,,,,11967.0,15276.0,0.0,1.0,1.0,1.0,0.0,0.0,0.0,0.0,0.0,0.0,0.0,-1.2650710231202023
23182.0,3.0,6.0,2.0,2.0,1.0,162.0,0.3519,0.2778,0.1667,0.0432,0.0062,0.0062,0.0432,0.0062,0.09880000000000001,0.0,0.6536,0.9346000000000001,0.8714,,16336.0,16336.0,21068.0,25106.0,1.0,3.0,1.0,0.0,1.0,0.0,0.0,0.0,0.0,0.0,0.0,-0.861880096524188
8611.0,1.0,2.0,2.0,2.0,1.0,6389.0,0.0227,0.2514,0.6428,0.0208,0.0016,0.0013,0.0074,0.0521,0.0,0.3677,0.6844,0.0735,,,4855.0,7555.0,6393.0,12981.0,1.0,26.0,2.0,1.0,1.0,0.0,0.0,0.0,0.0,0.0,0.0,-1.5677122877777707
1047.0,1.0,5.0,3.0,4.0,4.0,15025.0,0.5132,0.3386,0.0329,0.0078,0.0082,0.0011,0.0244,0.0282,0.0455,0.4001,0.4537,0.6521,0.7326,1047.0,7564.0,14092.0,11907.0,17354.0,1.0,59.0,6.0,0.0,1.0,1.0,0.0,1.0,1.0,1.0,1.0,-0.5202688953932857
30627.0,3.0,8.0,2.0,3.0,3.0,1507.0,0.1711970802919708,0.06500179163901791,0.6164687458526874,0.09289323158593231,0.004636695421366954,0.0032893828798938284,0.04178878566688786,0.0006577969475779694,0.003978765759787658,0.0,0.5894188453881883,0.6370228268082282,,,14820.0,14820.0,30460.0298606503,34938.78234903782,1.0,13.0,3.0,1.0,1.0,1.0,0.0,0.0,0.0,0.0,0.0,-0.7777450685308801
23434.0,3.0,8.0,1.0,1.0,2.0,585.0,0.6375753846153845,0.04447230769230769,0.16235692307692307,0.03932461538461538,0.01028153846153846,0.013715384615384614,0.07691999999999999,0.0,0.015390769230769232,0.06668307692307691,0.4915830769230769,0.5746769230769231,,,,,28100.584615384614,32154.446153846155,0.0,3.0,1.0,1.0,0.0,0.0,0.0,0.0,0.0,0.0,0.0,-1.1587439304848413
3407.0,1.0,1.0,3.0,4.0,1.0,7271.0,0.6315,0.0784,0.1433,0.0297,0.004,0.0008,0.0191,0.0017,0.09150000000000001,0.23769999999999997,0.4136,0.575,0.6545,918.0,7602.0,18300.0,9509.0,15480.0,1.0,64.0,7.0,1.0,0.0,1.0,1.0,1.0,1.0,1.0,1.0,-1.0105893137112447
32993.0,3.0,8.0,1.0,3.0,1.0,274.0,0.1277,0.0839,0.5803,0.1277,0.0,0.0073,0.0073,0.0,0.0657,0.0,0.49229999999999996,0.6538,,,,,11617.0,14026.0,0.0,3.0,3.0,1.0,1.0,1.0,0.0,0.0,0.0,0.0,0.0,-1.137272528634949
21044.0,3.0,1.0,1.0,1.0,4.0,520.0,0.8538490384615385,0.02498711538461539,0.02501307692307692,0.0134625,0.0,0.0,0.0,0.0,0.08271711538461539,0.34618173076923076,0.3880057692307693,0.4670365384615385,,,,,13673.217307692308,15690.334615384616,0.0,3.0,1.0,1.0,0.0,0.0,0.0,0.0,0.0,0.0,0.0,-1.4793698710091017
2728.0,2.0,2.0,3.0,3.0,1.0,1890.0,0.6423,0.0392,0.0783,0.073,0.0005,0.0,0.0286,0.0471,0.09100000000000001,0.0,0.1407,0.3718,0.2635,1393.0,47820.0,47820.0,23121.0,59590.0,1.0,37.0,1.0,0.0,0.0,1.0,0.0,0.0,0.0,0.0,0.0,-1.5287508795806115
4673.0,2.0,3.0,3.0,4.0,10.0,27152.0,0.7577675530347673,0.15759644593400116,0.030594832793164405,0.00950838612256924,0.004112754124926341,0.0027265137006482025,0.03235961255156158,0.0,0.0053140578962875655,0.5148756703005304,0.6499391536535062,0.7031667943429581,,,8642.426340601061,8642.426340601061,13273.588501767825,18367.165070713025,1.0,66.0,7.0,1.0,1.0,1.0,1.0,1.0,1.0,0.0,1.0,-0.3599934316625588
3490.0,2.0,5.0,3.0,4.0,1.0,721.0,0.0069,0.8696000000000002,0.0208,0.0083,0.0,0.0014000000000000002,0.0125,0.0,0.0804,0.0333,0.581,0.7217999999999999,0.8344999999999999,946.0,20858.0,20858.0,22012.0,36781.0,1.0,19.0,3.0,0.0,0.0,1.0,0.0,1.0,0.0,0.0,1.0,-0.5208639595474915
3745.0,1.0,5.0,3.0,4.0,1.0,15515.0,0.6117,0.0619,0.0609,0.1227,0.001,0.0003,0.0455,0.05,0.046,0.0371,0.1256,0.2506,0.29,1357.0,13208.0,42394.0,17863.0,26063.0,1.0,92.0,6.0,1.0,0.0,1.0,0.0,1.0,1.0,1.0,1.0,-1.6021312839183275
8278.0,1.0,3.0,2.0,2.0,1.0,2015.0,0.8303000000000001,0.0422,0.0908,0.004,0.005,0.0,0.0079,0.0045,0.0154,0.6392,0.4365,0.5525,,,4442.0,6976.0,7271.0,10600.0,1.0,57.0,2.0,1.0,1.0,0.0,0.0,0.0,0.0,0.0,0.0,-0.7381751745930646
10879.0,1.0,3.0,2.0,2.0,1.0,2554.0,0.6797,0.1637,0.0094,0.0063,0.0016,0.0008,0.0251,0.0,0.1135,0.6214,0.3808,0.1419,,,3444.0,13164.0,5476.0,9827.0,1.0,51.0,2.0,1.0,1.0,0.0,0.0,0.0,0.0,0.0,0.0,-1.5472996092426172
1817.0,1.0,3.0,3.0,4.0,1.0,5476.0,0.8610000000000001,0.0595,0.0267,0.0144,0.0015,0.0018,0.0241,0.0038000000000000004,0.0071,0.3488,0.3248,0.3936,0.8031999999999999,959.0,6827.0,18081.0,10970.0,16428.0,1.0,43.0,6.0,1.0,1.0,1.0,1.0,1.0,0.0,0.0,1.0,-0.8829426010891752
1444.0,2.0,2.0,3.0,4.0,1.0,10433.0,0.5835,0.0628,0.077,0.09949999999999999,0.0015,0.0011,0.0355,0.0945,0.0447,0.0666,0.142,0.39540000000000003,0.4379,1297.0,48760.0,48760.0,30057.0,61394.0,1.0,124.0,8.0,1.0,1.0,1.0,1.0,1.0,1.0,1.0,1.0,-1.491528945820726
11830.0,3.0,2.0,1.0,1.0,1.0,243.0,0.1523,0.3992,0.3951,0.0206,0.0,0.0082,0.0206,0.0,0.0041,0.0,0.9015,0.8388,,,,,16743.0,19350.0,0.0,2.0,1.0,1.0,0.0,0.0,0.0,0.0,0.0,0.0,0.0,-2.061196204257201
2857.0,1.0,2.0,2.0,3.0,1.0,3407.0,0.5976,0.15969999999999998,0.1468,0.0182,0.0015,0.0018,0.023200000000000002,0.0097,0.0417,0.221,0.4701000000000001,0.6454,0.6819,,7530.0,11700.0,14339.0,20564.0,1.0,47.0,4.0,1.0,1.0,1.0,0.0,1.0,0.0,0.0,0.0,-1.2241047581523439
5264.0,1.0,4.0,1.0,2.0,1.0,548.0,0.7226,0.0274,0.2281,0.0146,0.0036,0.0036,0.0,0.0,0.0,0.2573,0.518,0.512,,,5429.0,5429.0,15041.0,19989.0,1.0,23.0,2.0,1.0,1.0,0.0,0.0,0.0,0.0,0.0,0.0,-1.959446154918095
4560.0,3.0,3.0,1.0,1.0,1.0,51.0,0.9216,0.0784,0.0,0.0,0.0,0.0,0.0,0.0,0.0,0.0,0.75,0.8077000000000001,,,,,11451.0,14082.0,0.0,2.0,1.0,1.0,0.0,0.0,0.0,0.0,0.0,0.0,0.0,-0.6701552972542485
22024.0,3.0,5.0,1.0,1.0,1.0,47.0,0.7234,0.234,0.0,0.0,0.021299999999999996,0.0,0.021299999999999996,0.0,0.0,0.0,0.6308,1.0,,,,,7325.0,11084.0,0.0,1.0,2.0,1.0,0.0,1.0,0.0,0.0,0.0,0.0,0.0,-1.0009399190753754
21596.0,2.0,5.0,3.0,3.0,1.0,454.0,0.7996,0.0639,0.0441,0.0044,0.0066,0.0,0.0308,0.0,0.0507,0.2291,0.5878,0.5602,0.5556,962.0,9700.0,9700.0,11195.0,16788.0,1.0,15.0,3.0,0.0,1.0,1.0,0.0,1.0,0.0,0.0,0.0,-0.596555977119045
2803.0,2.0,2.0,3.0,4.0,2.0,5557.0,0.6172,0.0288,0.0732,0.104,0.0011,0.0005,0.0657,0.0918,0.0176,0.00019999999999999998,0.1681,0.5997,0.375,1372.0,47908.0,47908.0,33595.0,61820.0,1.0,64.0,4.0,0.0,0.0,1.0,0.0,1.0,1.0,0.0,1.0,-1.4578901578452719
25054.0,2.0,9.0,3.0,4.0,1.0,1425.0,0.0,0.0,1.0,0.0,0.0,0.0,0.0,0.0,0.0,0.2779,0.9011000000000001,0.18460000000000001,,,7395.0,7395.0,5265.0,9521.0,1.0,6.0,3.0,0.0,1.0,1.0,0.0,1.0,0.0,0.0,0.0,-1.532797875295689
41750.0,3.0,3.0,1.0,1.0,1.0,152.0,0.375,0.3816,0.2105,0.0263,0.0,0.0,0.0,0.006600000000000001,0.0,0.2829,0.8446999999999999,0.9175000000000001,,,,,11361.0,14943.0,0.0,2.0,1.0,1.0,0.0,0.0,0.0,0.0,0.0,0.0,0.0,-1.750410996264087
31052.0,2.0,5.0,1.0,1.0,1.0,802.0,0.7418999999999999,0.19949999999999998,0.0137,0.0125,0.0087,0.0,0.0224,0.0,0.0012,0.08480000000000001,0.5033,0.7266,0.6154,990.0,8402.0,8402.0,20447.0,24397.0,1.0,5.0,2.0,1.0,1.0,0.0,0.0,0.0,0.0,0.0,0.0,-1.8284770521632179
21073.0,2.0,2.0,3.0,4.0,1.0,169.0,0.5858,0.071,0.071,0.05920000000000001,0.0059,0.0,0.0355,0.0533,0.1183,0.0237,0.4394,0.6414,0.9811000000000001,,32695.0,32695.0,31173.0,45725.0,1.0,2.0,5.0,1.0,0.0,1.0,1.0,1.0,0.0,0.0,1.0,-0.29223264241623154
1847.0,2.0,4.0,3.0,4.0,1.0,1892.0,0.8066,0.0164,0.0476,0.0137,0.0063,0.0005,0.01,0.0264,0.0724,0.1147,0.4911,0.8195,0.6789,1047.0,30406.0,30406.0,18394.0,40430.0,1.0,53.0,2.0,0.0,0.0,1.0,0.0,1.0,0.0,0.0,0.0,-0.6761230895541501
3788.0,2.0,8.0,3.0,4.0,1.0,3253.0,0.6277,0.0363,0.0928,0.111,0.0043,0.0025,0.0818,0.0292,0.0144,0.0452,0.3036,0.6569,0.834,1140.0,35472.0,35472.0,25913.0,47389.0,1.0,72.0,5.0,1.0,0.0,1.0,0.0,1.0,1.0,0.0,1.0,-0.9887044123832003
2810.0,2.0,2.0,3.0,4.0,1.0,1657.0,0.6198,0.1328,0.0978,0.032,0.003,0.0006,0.0241,0.003,0.0869,0.1201,0.4871,0.8146000000000001,0.5481,,28200.0,28200.0,16521.0,40869.0,1.0,48.0,8.0,1.0,1.0,1.0,1.0,1.0,1.0,1.0,1.0,-0.9748340448842597
13039.0,3.0,5.0,2.0,4.0,16.0,18461.0,0.39953847028871675,0.39646540274091324,0.10537670223714857,0.01748592708954011,0.009897757434591843,0.0071038026109094855,0.0025480797356589565,5.372406695195277e-05,0.061522815665456906,0.15924726721196036,0.6282653702399653,0.6556008179405232,,,15719.059205893505,15719.059205893505,22847.228829028154,27739.648155318326,1.0,31.0,7.0,1.0,1.0,1.0,0.0,1.0,1.0,1.0,1.0,-0.27585069090703523
31275.0,3.0,5.0,1.0,2.0,1.0,717.0,0.5174,0.3654,0.06,0.0265,0.0098,0.0014,0.015300000000000001,0.0,0.0042,0.0,0.3374,0.301,0.9045,,13250.0,13250.0,19723.0,23880.0,1.0,4.0,2.0,1.0,1.0,0.0,0.0,0.0,0.0,0.0,0.0,-1.136501188720096
11820.0,1.0,8.0,1.0,2.0,1.0,10722.0,0.3785,0.0488,0.2375,0.2268,0.0035999999999999995,0.0087,0.061599999999999995,0.0039,0.030500000000000003,0.7956,0.20030000000000003,0.023,,,1142.0,5774.0,6449.0,12395.0,1.0,57.0,2.0,1.0,1.0,0.0,0.0,0.0,0.0,0.0,0.0,-1.9663143175596465
2141.0,2.0,1.0,3.0,3.0,1.0,2754.0,0.6932,0.0396,0.1071,0.04970000000000001,0.0018000000000000002,0.0004000000000000001,0.0356,0.0145,0.0581,0.0,0.17,0.5161,0.43339999999999995,,45692.0,45692.0,32149.0,57754.0,1.0,25.0,1.0,0.0,0.0,1.0,0.0,0.0,0.0,0.0,0.0,-1.2099880099807234
2328.0,1.0,3.0,1.0,2.0,1.0,10094.0,0.6282,0.1834,0.0535,0.030199999999999998,0.0056,0.0025,0.0473,0.0187,0.0306,0.6787,0.3583,0.2709,,,2400.0,4896.0,6148.0,10463.0,1.0,57.0,2.0,1.0,1.0,0.0,0.0,0.0,0.0,0.0,0.0,-1.0864930660211245
2598.0,2.0,2.0,3.0,4.0,1.0,1596.0,0.4229,0.1466,0.16170000000000004,0.0482,0.0013,0.0025,0.0,0.04200000000000001,0.17480000000000004,0.1516,0.4214,0.6597000000000001,0.6393,950.0,30050.0,30050.0,16416.0,39782.0,1.0,39.0,5.0,0.0,0.0,1.0,1.0,1.0,1.0,0.0,1.0,-0.7671965795697226
40933.0,3.0,7.0,1.0,2.0,1.0,54.0,0.8333,0.0,0.1667,0.0,0.0,0.0,0.0,0.0,0.0,0.5,0.8222,0.9,,,,,20704.0,25736.0,0.0,1.0,2.0,1.0,1.0,0.0,0.0,0.0,0.0,0.0,0.0,-1.180198678474977
41153.0,3.0,8.0,1.0,1.0,2.0,131.0,0.20611603053435115,0.053446564885496185,0.7022832061068702,0.0076206106870229,0.015292366412213739,0.0076206106870229,0.0076206106870229,0.0,0.0,0.0,0.8554473282442748,0.44729770992366413,,,,,8113.083969465649,12915.045801526718,0.0,1.0,1.0,1.0,0.0,0.0,0.0,0.0,0.0,0.0,0.0,-1.9124070155798985
30113.0,1.0,8.0,3.0,4.0,1.0,11506.0,0.323,0.0342,0.3965,0.0983,0.0041,0.0042,0.0542,0.0245,0.0611,0.163,0.45439999999999997,0.41070000000000007,0.618,948.0,7169.0,18329.0,9736.0,17692.0,1.0,48.0,3.0,0.0,0.0,1.0,0.0,1.0,0.0,1.0,0.0,-1.2880808352356108
35733.0,3.0,6.0,1.0,1.0,1.0,359.0,0.312,0.2841,0.2368,0.06129999999999999,0.005600000000000001,0.0,0.0195,0.0,0.0808,0.030600000000000002,0.4135,0.6305,,,17997.0,17997.0,25744.0,29418.0,1.0,1.0,1.0,1.0,0.0,0.0,0.0,0.0,0.0,0.0,0.0,-0.2736918973480993
2722.0,2.0,2.0,3.0,4.0,1.0,8485.0,0.6039,0.045,0.1391,0.0924,0.0012,0.0008,0.033,0.0645,0.0202,0.0532,0.1977,0.5274,0.4812,1254.0,45623.0,45623.0,33972.0,59105.0,1.0,77.0,5.0,0.0,0.0,1.0,0.0,1.0,1.0,1.0,1.0,-1.2588467176765048
3679.0,1.0,7.0,2.0,3.0,2.0,3394.0,0.8309,0.0206,0.0433,0.0074,0.0112,0.0247,0.013799999999999998,0.0398,0.0082,0.1261,0.2936,0.1466,,,3388.0,11342.0,8096.0,13570.0,1.0,76.0,3.0,1.0,1.0,1.0,0.0,0.0,0.0,0.0,0.0,-1.7681983591043986
22788.0,3.0,5.0,2.0,3.0,1.0,1258.0,0.5572,0.155,0.22180000000000002,0.0127,0.0087,0.0024,0.0318,0.0087,0.0015999999999999999,0.2981,0.7581,0.8517,,,13860.0,13860.0,15139.0,19649.0,1.0,15.0,3.0,1.0,1.0,1.0,0.0,0.0,0.0,0.0,0.0,-1.167447122976486
25227.0,1.0,3.0,1.0,1.0,1.0,221.0,0.7647,0.1674,0.0136,0.0,0.0,0.0045,0.022599999999999995,0.0,0.0271,0.0,0.7143000000000002,0.8143000000000001,,,,,6121.0,8772.0,0.0,8.0,1.0,1.0,0.0,0.0,0.0,0.0,0.0,0.0,0.0,-1.9334030345604236
7468.0,3.0,2.0,3.0,4.0,1.0,3577.0,0.3771,0.0612,0.059,0.1345,0.0103,0.005,0.0,0.3282,0.0246,0.0397,0.2531,0.4621,0.7677,1029.0,33560.0,33560.0,41212.0,50407.0,1.0,8.0,2.0,0.0,0.0,1.0,0.0,1.0,0.0,0.0,0.0,-0.5427333372147721
5265.0,1.0,4.0,1.0,2.0,1.0,482.0,0.9523,0.0104,0.0104,0.0,0.0207,0.0,0.0041,0.0,0.0021,0.0332,0.4668,0.5474,,,5098.0,5098.0,10933.0,14748.0,1.0,23.0,2.0,1.0,1.0,0.0,0.0,0.0,0.0,0.0,0.0,-1.5460294192410495
3463.0,1.0,4.0,3.0,4.0,1.0,1770.0,0.8417999999999999,0.0424,0.0429,0.013,0.0102,0.0023,0.0243,0.013,0.0102,0.35029999999999994,0.2337,0.4315,0.842,1026.0,7506.0,9986.0,15044.0,17913.0,1.0,26.0,6.0,1.0,1.0,1.0,0.0,1.0,1.0,0.0,1.0,-0.7742368032018371
1999.0,1.0,5.0,3.0,4.0,1.0,15038.0,0.763,0.10970000000000002,0.0396,0.0323,0.0013,0.0007,0.0415,0.0102,0.0018,0.1778,0.2925,0.4158,0.7386,1144.0,10432.0,24320.0,14370.0,22389.0,1.0,84.0,8.0,1.0,1.0,1.0,1.0,1.0,1.0,1.0,1.0,-0.9666870387227865
1542.0,2.0,5.0,3.0,3.0,1.0,802.0,0.3229,0.3516,0.09480000000000001,0.0486,0.0012,0.0025,0.0636,0.08979999999999999,0.0249,0.005,0.4404,0.647,0.6772,,35982.0,35982.0,18621.0,46124.0,1.0,31.0,1.0,0.0,0.0,1.0,0.0,0.0,0.0,0.0,0.0,-0.7437355272891794
4453.0,1.0,6.0,2.0,2.0,1.0,8796.0,0.2175,0.3125,0.3814,0.0454,0.0037999999999999996,0.0007,0.0094,0.0023,0.0271,0.8161,0.3808,0.1313,,,1665.0,4695.0,6522.0,11260.0,1.0,46.0,2.0,1.0,1.0,0.0,0.0,0.0,0.0,0.0,0.0,-1.4795450052679482
30790.0,3.0,3.0,1.0,2.0,1.0,152.0,0.7105,0.2632,0.013200000000000002,0.013200000000000002,0.0,0.0,0.0,0.0,0.0,0.47369999999999995,0.9188000000000001,0.725,,,9705.0,9705.0,11448.0,18282.0,1.0,8.0,2.0,1.0,1.0,0.0,0.0,0.0,0.0,0.0,0.0,-0.9018295542756947
1347.0,2.0,7.0,3.0,4.0,1.0,2036.0,0.6631,0.0231,0.0899,0.0462,0.0044,0.0,0.0845,0.0639,0.025,0.0,0.0995,0.3459,0.179,,46410.0,46410.0,27434.0,57400.0,1.0,39.0,3.0,0.0,0.0,1.0,0.0,1.0,0.0,0.0,1.0,-1.273248267199674
4024.0,1.0,5.0,1.0,2.0,1.0,4806.0,0.7815,0.1017,0.087,0.0067,0.0027,0.0008,0.0154,0.004,0.0002,0.6257,0.6639,0.21779999999999997,,,2674.0,4810.0,5522.0,11756.0,1.0,50.0,2.0,1.0,1.0,0.0,0.0,0.0,0.0,0.0,0.0,-1.7172281168965797
2471.0,1.0,4.0,2.0,2.0,1.0,19362.0,0.5309,0.3482,0.0287,0.0339,0.0032,0.0012,0.0339,0.0118,0.0081,0.5665,0.5058,0.1143,,,3030.0,6060.0,7152.0,11923.0,1.0,51.0,2.0,1.0,1.0,0.0,0.0,0.0,0.0,0.0,0.0,-1.6587590030826884
2083.0,1.0,2.0,3.0,4.0,1.0,6239.0,0.0204,0.8473,0.0332,0.0112,0.0026,0.001,0.0351,0.0455,0.0038000000000000004,0.1148,0.5718,0.7623,0.6525,874.0,7378.0,16862.0,15926.0,21666.0,1.0,73.0,4.0,0.0,0.0,1.0,0.0,1.0,1.0,0.0,1.0,-0.6208329409780468
41173.0,3.0,3.0,1.0,1.0,4.0,257.0,0.7198,0.2218,0.0311,0.0117,0.0,0.0,0.0078,0.0,0.0078,0.0,0.513,0.8247,,,15400.0,15400.0,24717.0,27929.0,1.0,2.0,2.0,1.0,1.0,0.0,0.0,0.0,0.0,0.0,0.0,-0.8386349884996118
36964.0,2.0,5.0,2.0,2.0,1.0,600.0,0.0017000000000000001,0.0867,0.9117,0.0,0.0,0.0,0.0,0.0,0.0,0.0,0.8061,0.8035,0.386,,,,20772.0,26105.0,0.0,4.0,2.0,1.0,1.0,0.0,0.0,0.0,0.0,0.0,0.0,-0.6180317080411397
3008.0,1.0,4.0,3.0,4.0,1.0,952.0,0.8067,0.0399,0.0557,0.0042,0.0105,0.0011,0.0305,0.0399,0.0116,0.2405,0.2304,0.4666,0.9027,1020.0,6674.0,15070.0,11711.0,16643.0,1.0,28.0,5.0,1.0,0.0,1.0,1.0,1.0,0.0,0.0,1.0,-0.951075589132835
3818.0,2.0,5.0,3.0,4.0,1.0,1513.0,0.6616,0.1018,0.0284,0.0106,0.0099,0.0007,0.0073,0.0767,0.1031,0.1071,0.4141,0.6501,0.6077,988.0,23200.0,23200.0,17841.0,31350.0,1.0,29.0,5.0,0.0,1.0,1.0,0.0,1.0,1.0,1.0,0.0,-1.0508933454084255
3011.0,2.0,3.0,3.0,4.0,1.0,201.0,0.7761,0.0995,0.0597,0.024900000000000002,0.005000000000000001,0.005000000000000001,0.024900000000000002,0.005000000000000001,0.0,0.049800000000000004,0.4612,0.801,0.2434,961.0,26376.0,26376.0,19213.0,34457.0,1.0,4.0,3.0,0.0,1.0,1.0,0.0,1.0,0.0,0.0,0.0,-0.24128903288207043
3301.0,2.0,2.0,3.0,4.0,1.0,1564.0,0.757,0.0371,0.0953,0.0192,0.0006,0.0,0.020500000000000004,0.0288,0.0416,0.0582,0.3097,0.8524999999999999,0.8619999999999999,1022.0,37572.0,37572.0,25390.0,47447.0,1.0,48.0,4.0,0.0,0.0,1.0,1.0,1.0,0.0,0.0,1.0,-0.8367331078870648
13007.0,2.0,7.0,3.0,3.0,1.0,758.0,0.8193,0.0633,0.0673,0.0079,0.0119,0.004,0.0264,0.0,0.0,0.8364,0.4263,0.48140000000000005,,,11400.0,11400.0,17087.0,20430.0,1.0,9.0,3.0,1.0,1.0,1.0,0.0,0.0,0.0,0.0,0.0,-0.17524412781138687
41414.0,3.0,8.0,1.0,1.0,1.0,897.0,0.2954,0.078,0.2977,0.0245,0.0134,0.0502,0.011099999999999999,0.0,0.2297,0.9108,0.6498,0.8766,,,,,12373.0,14750.0,0.0,7.0,2.0,1.0,1.0,0.0,0.0,0.0,0.0,0.0,0.0,0.04802540238011425
9607.0,3.0,4.0,1.0,1.0,1.0,37.0,0.027,0.973,0.0,0.0,0.0,0.0,0.0,0.0,0.0,0.0,0.5522,0.6418,,,,,16744.0,18720.0,0.0,1.0,1.0,1.0,0.0,0.0,0.0,0.0,0.0,0.0,0.0,-0.27614809629284837
2832.0,2.0,2.0,3.0,4.0,1.0,1206.0,0.5522,0.0846,0.2015,0.0282,0.0017,0.0008,0.0191,0.0224,0.0896,0.0498,0.2488,0.47139999999999993,0.8082,958.0,27630.0,27630.0,19789.0,37860.0,1.0,34.0,5.0,0.0,1.0,1.0,1.0,1.0,0.0,0.0,1.0,-0.9976231696718652
1596.0,2.0,5.0,3.0,3.0,1.0,807.0,0.7757,0.0694,0.0359,0.0867,0.0012,0.0012,0.0149,0.0149,0.0,0.0644,0.5552,0.6782,0.3705,970.0,19700.0,19700.0,17976.0,31415.0,1.0,26.0,3.0,1.0,1.0,1.0,0.0,0.0,0.0,0.0,0.0,-0.4985255681784737
3628.0,1.0,6.0,1.0,2.0,1.0,2701.0,0.5742,0.3051,0.0681,0.0111,0.0085,0.0015,0.026999999999999996,0.0022,0.0022,0.5013,0.4472999999999999,0.2074,,,1880.0,4040.0,9240.0,13982.0,1.0,38.0,2.0,1.0,1.0,0.0,0.0,0.0,0.0,0.0,0.0,-1.1938358846375825
3765.0,1.0,5.0,3.0,4.0,1.0,5284.0,0.0507,0.8336,0.0303,0.0055,0.0021,0.0019,0.0348,0.0034,0.0377,0.1662,0.6139,0.8037,0.6567,866.0,7552.0,20236.0,11920.0,19299.0,1.0,38.0,5.0,0.0,1.0,1.0,0.0,1.0,1.0,1.0,0.0,-0.43191675581180883
11481.0,3.0,8.0,1.0,1.0,1.0,232.0,0.8147,0.0043,0.0388,0.0,0.0086,0.0086,0.0733,0.0,0.0517,0.0,0.4869,0.6205,,,,,32631.0,35375.0,0.0,1.0,1.0,1.0,0.0,0.0,0.0,0.0,0.0,0.0,0.0,-1.8836987426460432
3531.0,1.0,5.0,3.0,4.0,1.0,6387.0,0.7637,0.1595,0.0216,0.0053,0.0014000000000000002,0.0,0.021899999999999996,0.026499999999999996,0.0,0.1029,0.4794,0.555,0.7334,1050.0,8024.0,21968.0,7944.0,16805.0,1.0,40.0,2.0,0.0,0.0,1.0,0.0,1.0,0.0,0.0,0.0,-0.7433542211843951
4069.0,1.0,4.0,3.0,3.0,1.0,1876.0,0.7974,0.06980000000000001,0.0267,0.0245,0.0043,0.0016,0.0139,0.04,0.021900000000000003,0.3342,0.218,0.3741,0.7196,1006.0,11468.0,11468.0,13216.0,22394.0,1.0,31.0,2.0,1.0,0.0,1.0,0.0,0.0,0.0,0.0,0.0,-1.0409831758314734
21136.0,3.0,6.0,3.0,4.0,4.0,11779.0,0.3172894388318193,0.46187587231513705,0.050485482638594106,0.008444239748705323,0.008215400288649291,0.005806367263774514,0.028610934714322103,0.0008784531793870447,0.11849061040835383,0.4788518040580695,0.7178777485355293,0.8865131505221155,,,11556.194238472684,11556.194238472684,16087.500298303929,21322.912042955766,1.0,12.0,4.0,1.0,1.0,1.0,0.0,1.0,0.0,0.0,0.0,-0.15352375524050124
2032.0,2.0,5.0,3.0,4.0,1.0,2313.0,0.0402,0.7713,0.0259,0.1007,0.0009000000000000001,0.0,0.028999999999999998,0.0233,0.0086,0.0355,0.5343,0.8617,0.6599,1039.0,21552.0,21552.0,20728.0,29988.0,1.0,45.0,4.0,0.0,0.0,1.0,0.0,1.0,1.0,1.0,0.0,-0.7745162055966869
2993.0,1.0,4.0,3.0,3.0,1.0,784.0,0.7577000000000002,0.08550000000000002,0.0561,0.0013,0.023,0.0063999999999999994,0.0319,0.037,0.0013,0.1901,0.277,0.4942,,,6489.0,8894.0,12160.0,15843.0,1.0,20.0,3.0,0.0,1.0,1.0,0.0,1.0,0.0,0.0,0.0,-0.945256438308118
25844.0,3.0,1.0,1.0,1.0,2.0,435.0,0.5126241379310346,0.14713793103448278,0.31495517241379306,0.009193103448275862,0.0,0.004572413793103448,0.0022758620689655173,0.0,0.009172413793103448,0.0,0.7155551724137931,0.7112655172413793,,,10245.0,10245.0,11512.51724137931,15408.0,1.0,3.0,1.0,1.0,0.0,0.0,0.0,0.0,0.0,0.0,0.0,-2.1261203449312434
2105.0,1.0,2.0,3.0,4.0,1.0,11274.0,0.442,0.1645,0.0594,0.20060000000000003,0.0018,0.002,0.0365,0.0451,0.048100000000000004,0.1448,0.2742,0.419,0.5961,1213.0,10384.0,22682.0,17657.0,21941.0,1.0,72.0,5.0,1.0,0.0,1.0,0.0,1.0,1.0,0.0,1.0,-1.2775091845807003
2174.0,1.0,1.0,2.0,2.0,1.0,6359.0,0.5125,0.0407,0.39310000000000006,0.0187,0.0017,0.0053,0.012399999999999998,0.0053,0.0101,0.6405,0.5992,0.278,,,4320.0,10104.0,8047.0,12916.0,1.0,46.0,2.0,1.0,1.0,0.0,0.0,0.0,0.0,0.0,0.0,-1.5607610751762648
33683.0,3.0,5.0,1.0,1.0,7.0,2904.0,0.5688741735537188,0.37911449724517904,0.020999621212121213,0.0037754820936639114,0.0027570592286501375,0.0020708333333333334,0.013793973829201106,0.0003419421487603306,0.008281267217630854,0.07506460055096419,0.7938044765840221,0.8261386019283746,,,,,20589.767865068796,25649.760763426544,0.0,12.0,2.0,1.0,1.0,0.0,0.0,0.0,0.0,0.0,0.0,-1.2632640298245486
25782.0,3.0,5.0,2.0,3.0,1.0,261.0,0.7969,0.1456,0.046,0.0115,0.0,0.0,0.0,0.0,0.0,0.0,0.6259,0.8148,0.4891,,17800.0,17800.0,20741.0,22471.0,1.0,3.0,2.0,0.0,1.0,1.0,0.0,0.0,0.0,0.0,0.0,-0.04708569671573691
2072.0,1.0,2.0,3.0,4.0,1.0,4765.0,0.5723,0.2957,0.0489,0.017,0.001,0.0008,0.0439,0.0101,0.0103,0.1282,0.3653,0.5983,0.5851,967.0,7982.0,19274.0,17755.0,20046.0,1.0,54.0,4.0,1.0,0.0,1.0,0.0,1.0,1.0,0.0,0.0,-0.9667469074372319
2812.0,2.0,2.0,2.0,3.0,1.0,1336.0,0.6991,0.146,0.0322,0.015,0.013500000000000002,0.0015,0.0067,0.0007,0.0853,0.4985,0.5389,0.8103,0.5795,,15820.0,15820.0,13095.0,21147.0,1.0,14.0,3.0,1.0,1.0,1.0,0.0,0.0,0.0,0.0,0.0,-1.0173660792990713
1137.0,1.0,8.0,3.0,4.0,1.0,32610.0,0.2397,0.0205,0.3857,0.2158,0.0018,0.0021,0.0423,0.0539,0.0382,0.1817,0.443,0.3308,0.4447,1021.0,6315.0,17475.0,7237.0,15627.0,1.0,80.0,6.0,1.0,0.0,1.0,1.0,1.0,1.0,1.0,0.0,-1.5213178218751113
40293.0,3.0,5.0,1.0,1.0,1.0,30.0,0.0,1.0,0.0,0.0,0.0,0.0,0.0,0.0,0.0,0.3,0.7857,0.625,,,,,13855.0,20270.0,0.0,1.0,1.0,1.0,0.0,0.0,0.0,0.0,0.0,0.0,0.0,-0.8108211903622262
1753.0,2.0,3.0,3.0,4.0,1.0,2783.0,0.4039,0.029100000000000004,0.0744,0.1276,0.004,0.00039999999999999996,0.0244,0.3036,0.0327,0.065,0.2174,0.4504000000000001,0.6915,1065.0,42230.0,42230.0,41196.0,57361.0,1.0,10.0,4.0,0.0,0.0,1.0,1.0,1.0,0.0,0.0,1.0,-0.3968104806785265
21316.0,3.0,2.0,1.0,1.0,1.0,601.0,0.5108,0.2296,0.1681,0.0266,0.014999999999999998,0.0033,0.0116,0.0,0.0349,0.3211,0.8242,0.8610999999999999,,,,,15505.0,20456.0,0.0,5.0,1.0,1.0,0.0,0.0,0.0,0.0,0.0,0.0,0.0,-1.617995597207508
1834.0,2.0,3.0,3.0,4.0,1.0,870.0,0.4161,0.269,0.2931,0.0092,0.0023,0.0,0.0092,0.0011,0.0,0.3885,0.4351,0.568,0.3378,,16405.0,16405.0,10906.0,20711.0,1.0,19.0,5.0,1.0,1.0,1.0,0.0,1.0,0.0,0.0,1.0,-0.7793436223169856
5757.0,1.0,4.0,2.0,2.0,1.0,3736.0,0.8525,0.0388,0.023,0.0134,0.0134,0.0019,0.04259999999999999,0.0019,0.0126,0.4909,0.3928,0.4423,,,5107.0,9524.0,13520.0,16818.0,1.0,35.0,2.0,1.0,1.0,0.0,0.0,0.0,0.0,0.0,0.0,-1.2908648004130414
9010.0,1.0,5.0,1.0,2.0,1.0,2535.0,0.8828,0.0631,0.0229,0.0059,0.0032,0.0008,0.0158,0.0008,0.0047,0.4706,0.3147,0.2136,,,3624.0,12456.0,5471.0,10662.0,1.0,30.0,2.0,1.0,1.0,0.0,0.0,0.0,0.0,0.0,0.0,-1.441908190197791
1538.0,2.0,5.0,3.0,4.0,1.0,6811.0,0.5946,0.0537,0.1226,0.014699999999999998,0.0022,0.0009,0.026399999999999996,0.10310000000000001,0.08180000000000001,0.0392,0.2463,0.6224000000000001,0.5188,1094.0,26330.0,26330.0,26863.0,38635.0,1.0,51.0,5.0,1.0,1.0,1.0,0.0,1.0,0.0,0.0,1.0,-0.8980930280514058
21395.0,3.0,8.0,1.0,1.0,1.0,81.0,0.09880000000000001,0.0617,0.0617,0.3457,0.0,0.3333,0.09880000000000001,0.0,0.0,0.0,0.8112,0.3776,,,,,12958.0,17129.0,0.0,1.0,1.0,1.0,0.0,0.0,0.0,0.0,0.0,0.0,0.0,-1.4715816276777387
2262.0,2.0,3.0,3.0,4.0,1.0,1689.0,0.7644,0.040299999999999996,0.0308,0.0314,0.0024,0.0012,0.0261,0.0521,0.0515,0.0598,0.2613,0.5932,0.7164,1223.0,36980.0,36980.0,33861.0,51277.0,1.0,23.0,3.0,0.0,0.0,1.0,0.0,1.0,0.0,0.0,1.0,-1.256175129863892
2237.0,1.0,3.0,2.0,2.0,1.0,1282.0,0.9423,0.0195,0.0109,0.0078,0.0148,0.0016,0.0,0.0,0.0031,0.3713,0.5117,0.3189,,,3990.0,5970.0,3886.0,8653.0,1.0,59.0,3.0,1.0,1.0,1.0,0.0,0.0,0.0,0.0,0.0,-1.3958342608719838
8976.0,1.0,5.0,3.0,4.0,1.0,6064.0,0.189,0.653,0.0262,0.0486,0.0012,0.0005,0.029499999999999995,0.0127,0.0392,0.4094999999999999,0.5761,0.6618,0.42450000000000004,930.0,5246.0,15251.0,11519.0,17292.0,1.0,37.0,4.0,1.0,1.0,1.0,0.0,1.0,0.0,0.0,0.0,-0.6487422754244889
1705.0,1.0,3.0,1.0,2.0,1.0,2769.0,0.8162,0.0246,0.11849999999999998,0.009,0.0011,0.0,0.0105,0.0,0.0202,0.494,0.3452,0.0899,,,3562.0,10560.0,7598.0,11679.0,1.0,34.0,2.0,1.0,1.0,0.0,0.0,0.0,0.0,0.0,0.0,-1.6007766811014255
26063.0,3.0,4.0,1.0,1.0,1.0,132.0,0.5455,0.197,0.1439,0.015200000000000002,0.015200000000000002,0.0,0.0682,0.015200000000000002,0.0,0.3258,0.7039,0.6893,,,,,26931.0,30168.0,0.0,1.0,1.0,1.0,0.0,0.0,0.0,0.0,0.0,0.0,0.0,-1.1659245958319382
2846.0,1.0,2.0,3.0,4.0,1.0,6464.0,0.6504,0.0563,0.1556,0.0521,0.0017,0.0009,0.0192,0.0186,0.0452,0.064,0.2962,0.5239,0.4193,1122.0,7418.0,17068.0,16353.0,20939.0,1.0,51.0,3.0,0.0,0.0,1.0,0.0,1.0,0.0,0.0,1.0,-1.1305070874206122
10319.0,3.0,2.0,1.0,1.0,5.0,3055.0,0.3266582651391162,0.5842734533551555,0.03666716857610475,0.007837250409165303,0.0026172831423895253,0.0006527659574468086,0.012125564648117839,0.0,0.029129296235679218,0.0,0.6904804909983633,0.7069043207855973,,,14626.610017123288,14626.610017123288,19016.243535188216,24802.123715753423,1.0,12.0,2.0,1.0,1.0,0.0,0.0,0.0,0.0,0.0,0.0,-1.0642076739326247
3164.0,2.0,6.0,3.0,4.0,1.0,1824.0,0.7094,0.0625,0.0236,0.0088,0.0548,0.0027,0.0872,0.0296,0.0214,0.0214,0.36400000000000005,0.5092,0.6048,1171.0,22800.0,22800.0,17200.0,33213.0,1.0,85.0,4.0,0.0,1.0,1.0,0.0,1.0,0.0,0.0,1.0,-0.6693180714996616
2274.0,1.0,3.0,2.0,2.0,1.0,4992.0,0.7242,0.0956,0.0493,0.007,0.0076,0.0006,0.0272,0.0012,0.0873,0.5561,0.5337,0.3674,,,3648.0,6024.0,7036.0,11855.0,1.0,37.0,3.0,1.0,1.0,1.0,0.0,0.0,0.0,0.0,0.0,-0.9780686894030755
41003.0,3.0,3.0,1.0,1.0,1.0,132.0,0.2652,0.4091,0.303,0.0,0.0,0.0,0.015200000000000002,0.0,0.007600000000000001,0.2424,0.6599,0.5425,,,,,13325.0,17667.0,0.0,2.0,1.0,1.0,0.0,0.0,0.0,0.0,0.0,0.0,0.0,-0.9652880293983743
21111.0,1.0,5.0,2.0,2.0,1.0,533.0,0.8705,0.0018999999999999998,0.0394,0.0113,0.0244,0.0018999999999999998,0.0281,0.0094,0.0131,0.3396,0.3981,0.0,,,2352.0,5280.0,5714.0,12005.0,1.0,19.0,2.0,1.0,1.0,0.0,0.0,0.0,0.0,0.0,0.0,-1.5306277781631095
23396.0,3.0,3.0,1.0,1.0,1.0,75.0,0.6667,0.3067,0.0133,0.0,0.0,0.0,0.0133,0.0,0.0,0.16,0.7655,0.5172,,,,,10762.0,15924.0,0.0,1.0,1.0,1.0,0.0,0.0,0.0,0.0,0.0,0.0,0.0,-0.5796920250365095
39173.0,3.0,8.0,1.0,1.0,1.0,106.0,0.5755,0.0377,0.0755,0.0755,0.0283,0.0,0.0472,0.0,0.1604,0.0,0.44089999999999996,0.49549999999999994,,,,,13319.0,17342.0,0.0,1.0,1.0,1.0,0.0,0.0,0.0,0.0,0.0,0.0,0.0,-1.222072506120695
12351.0,3.0,8.0,1.0,1.0,1.0,42.0,0.5476,0.0476,0.23809999999999998,0.0476,0.0,0.0,0.0714,0.0,0.0476,0.0,0.9185999999999999,0.8605000000000002,,,,,2220.0,12871.0,0.0,1.0,3.0,1.0,0.0,1.0,1.0,0.0,0.0,0.0,0.0,-0.9941841102075045
2120.0,2.0,1.0,3.0,4.0,1.0,2985.0,0.6858,0.0325,0.0573,0.014099999999999998,0.001,0.0,0.0147,0.0586,0.136,0.0452,0.2313,0.6835,0.7777,,36215.0,36215.0,28773.0,47996.0,1.0,59.0,4.0,0.0,1.0,1.0,0.0,1.0,0.0,0.0,1.0,-1.029407754570568
3031.0,2.0,3.0,3.0,4.0,1.0,236.0,0.1229,0.0169,0.0169,0.0297,0.0,0.0,0.0,0.178,0.6356,0.0085,0.159,0.4351,0.4389,,46027.0,46027.0,29989.0,61399.0,1.0,1.0,5.0,1.0,0.0,1.0,0.0,1.0,1.0,0.0,1.0,-0.26797416191301887
1919.0,1.0,4.0,2.0,2.0,1.0,1510.0,0.4318,0.09740000000000001,0.3768,0.0291,0.0066,0.0,0.0,0.0013,0.057,0.2702,0.38759999999999994,0.2008,,,2720.0,3328.0,4713.0,9669.0,1.0,38.0,2.0,1.0,1.0,0.0,0.0,0.0,0.0,0.0,0.0,-1.8587948705642132
1106.0,2.0,5.0,3.0,3.0,1.0,508.0,0.8504,0.0906,0.0236,0.0,0.0098,0.0,0.0,0.0197,0.0059,0.0295,0.4704,0.6028,0.7049,983.0,14360.0,14360.0,13239.0,23161.0,1.0,16.0,2.0,0.0,1.0,1.0,0.0,0.0,0.0,0.0,0.0,-0.5674155900940935
1725.0,2.0,3.0,3.0,3.0,1.0,1281.0,0.6432,0.1132,0.1335,0.0148,0.0062,0.0008000000000000001,0.012499999999999999,0.0343,0.0414,0.007,0.4231,0.7801,0.6906,1033.0,33200.0,33200.0,16661.0,42027.0,1.0,33.0,1.0,0.0,0.0,1.0,0.0,0.0,0.0,0.0,0.0,-0.6381433067758592
40764.0,3.0,8.0,1.0,1.0,1.0,376.0,0.4282000000000001,0.021299999999999996,0.125,0.1277,0.0027,0.008,0.0293,0.1277,0.1303,0.5426,0.10339999999999999,0.11489999999999999,1.0,,,,30395.0,32880.0,0.0,3.0,2.0,1.0,1.0,0.0,0.0,0.0,0.0,0.0,0.0,-1.3990689054361585
34343.0,3.0,5.0,1.0,2.0,2.0,326.0,0.5245736196319017,0.29750981595092024,0.07666012269938652,0.02143803680981595,0.0030625766871165646,0.0030625766871165646,0.06747239263803681,0.0,0.006125153374233129,0.0,0.6750766871165644,0.6894920245398773,,,14208.0,14208.0,19845.19018404908,24716.0,1.0,10.0,2.0,1.0,1.0,0.0,0.0,0.0,0.0,0.0,0.0,-0.9308136987428329
41659.0,3.0,8.0,1.0,1.0,1.0,231.0,0.4026,0.0433,0.4762,0.0303,0.0,0.0043,0.013,0.0,0.0303,0.316,0.6531000000000001,0.5918,,,,,13212.0,17039.0,0.0,1.0,1.0,1.0,0.0,0.0,0.0,0.0,0.0,0.0,0.0,-0.9674048845628036
1699.0,1.0,3.0,2.0,2.0,1.0,12606.0,0.6066,0.0988,0.2089,0.0178,0.0046,0.001,0.0386,0.0004000000000000001,0.023199999999999995,0.5632,0.2266,0.0771,,,3450.0,10006.0,4607.0,8067.0,1.0,55.0,2.0,1.0,1.0,0.0,0.0,0.0,0.0,0.0,0.0,-1.4853561191866138
7573.0,3.0,5.0,1.0,1.0,13.0,1576.0,0.29822823604060916,0.4663656725888325,0.13830799492385787,0.010786738578680203,0.003810723350253807,0.0006338832487309644,0.015234010152284264,0.0,0.0666330583756345,0.21701427664974618,0.7593433375634518,0.6633978426395938,,,,,13586.180203045686,17887.43464467005,0.0,1.0,1.0,1.0,0.0,0.0,0.0,0.0,0.0,0.0,0.0,-0.8273053102770667
1172.0,2.0,8.0,3.0,3.0,1.0,1076.0,0.4981,0.0428,0.1515,0.0567,0.0046,0.0019,0.0948,0.0697,0.0799,0.0344,0.1554,0.3543,0.1302,,47020.0,47020.0,27624.0,61416.0,1.0,66.0,1.0,0.0,0.0,1.0,0.0,0.0,0.0,0.0,0.0,-1.4231011412658294
23577.0,3.0,6.0,1.0,1.0,1.0,328.0,0.42679999999999996,0.189,0.2988,0.048799999999999996,0.0,0.0152,0.012199999999999999,0.0,0.0091,0.2683,0.5758,0.5868,,,,,17915.0,20811.0,0.0,1.0,1.0,1.0,0.0,0.0,0.0,0.0,0.0,0.0,0.0,-0.8819753988395048
23068.0,3.0,6.0,1.0,3.0,4.0,693.0,0.502160606060606,0.28571919191919193,0.09956132756132756,0.012994227994227992,0.056305772005772,0.004312987012987013,0.03030995670995671,0.0,0.008674603174603175,0.0,0.7396969696969697,0.7608088023088023,,,,,25395.323232323233,28546.607503607505,0.0,36.0,3.0,1.0,1.0,1.0,0.0,0.0,0.0,0.0,0.0,-0.6698844053514285
2067.0,2.0,2.0,3.0,4.0,1.0,790.0,0.0987,0.5646,0.119,0.0684,0.0139,0.0037999999999999996,0.0127,0.030399999999999996,0.0886,0.1443,0.5727,0.7854,0.4492,854.0,21395.0,21395.0,17040.0,29547.0,1.0,47.0,4.0,1.0,1.0,1.0,0.0,1.0,0.0,0.0,0.0,-0.7450394758385052
23408.0,3.0,5.0,1.0,1.0,1.0,229.0,0.8428000000000001,0.0786,0.048,0.0,0.0,0.0044,0.0175,0.0,0.0087,0.3188,0.5833,0.5753,,,,,11652.0,14745.0,0.0,1.0,1.0,1.0,0.0,0.0,0.0,0.0,0.0,0.0,0.0,-0.8587098815026024
8403.0,1.0,4.0,2.0,2.0,1.0,2845.0,0.7712,0.0703,0.0394,0.0074,0.0025,0.0011,0.0179,0.0351,0.055200000000000006,0.22809999999999997,0.5137,0.55,,,3720.0,5580.0,8987.0,12172.0,1.0,37.0,2.0,1.0,1.0,0.0,0.0,0.0,0.0,0.0,0.0,-1.350099541520162
21232.0,3.0,4.0,1.0,1.0,1.0,515.0,0.7476,0.0621,0.0563,0.033,0.0233,0.0019,0.0641,0.0038999999999999994,0.007799999999999999,0.0,0.3677,0.4575,,,,,15427.0,18936.0,0.0,2.0,2.0,1.0,1.0,0.0,0.0,0.0,0.0,0.0,0.0,-1.699783374634698
2243.0,1.0,3.0,3.0,4.0,1.0,20297.0,0.7954,0.0783,0.033,0.0095,0.0067,0.0006,0.0228,0.017,0.0368,0.1201,0.3626,0.7754,0.6927,1050.0,11550.0,23670.0,15558.0,21828.0,1.0,98.0,5.0,0.0,0.0,1.0,0.0,1.0,1.0,1.0,1.0,-0.7272622896775264
1005.0,1.0,5.0,3.0,4.0,1.0,4811.0,0.0158,0.9208,0.0121,0.0019,0.001,0.0006,0.0098,0.0243,0.0137,0.0892,0.7347,0.7554,0.5326,851.0,8720.0,15656.0,11110.0,18184.0,1.0,36.0,6.0,1.0,0.0,1.0,0.0,1.0,1.0,1.0,1.0,-0.10703008888640626
2763.0,2.0,2.0,2.0,3.0,1.0,849.0,0.6608,0.1284,0.0318,0.0212,0.0035000000000000005,0.0,0.0165,0.0012,0.1366,0.7138,0.2955,0.6977,0.35,,12050.0,12050.0,7308.0,13875.0,1.0,13.0,3.0,1.0,1.0,1.0,0.0,0.0,0.0,0.0,0.0,-0.993836169637415
10509.0,2.0,6.0,2.0,4.0,1.0,858.0,0.2914,0.1002,0.5268,0.0291,0.0117,0.0,0.0396,0.0,0.0012,0.0,0.6072,0.5489,,,,,15769.0,19443.0,0.0,10.0,4.0,1.0,1.0,1.0,0.0,1.0,0.0,0.0,0.0,-0.4571999015822233
41364.0,3.0,2.0,1.0,1.0,1.0,330.0,0.5091,0.0939,0.1939,0.1848,0.0,0.006100000000000001,0.0,0.003,0.0091,0.0576,0.2894,0.4235999999999999,,,,,18550.0,21574.0,0.0,6.0,1.0,1.0,0.0,0.0,0.0,0.0,0.0,0.0,0.0,-1.2145131409931298
10043.0,2.0,5.0,3.0,3.0,1.0,489.0,0.7403,0.1084,0.0327,0.0389,0.0041,0.002,0.0307,0.0,0.0429,0.5112,0.2347,0.8411,,,4871.0,4871.0,18593.0,18593.0,1.0,1.0,1.0,0.0,0.0,1.0,0.0,0.0,0.0,0.0,0.0,-1.0668424905164031
2180.0,1.0,1.0,3.0,4.0,1.0,1781.0,0.6536,0.0298,0.0865,0.0719,0.0039,0.0022,0.0146,0.0348,0.1028,0.08700000000000001,0.2656,0.5684,0.7294,1077.0,11225.0,29925.0,22594.0,25838.0,1.0,9.0,4.0,1.0,0.0,1.0,0.0,1.0,0.0,0.0,1.0,-0.5260154380571813
23616.0,3.0,4.0,1.0,2.0,2.0,1137.0,0.3007489885664028,0.2541656992084433,0.368496218117854,0.01758970976253298,0.0026464379947229552,0.0035281442392260335,0.024614951627088832,0.0,0.028109850483729115,0.0,0.4030422163588391,0.44644749340369394,1.0,,,,20955.917326297273,25481.851363236587,0.0,6.0,3.0,1.0,1.0,1.0,0.0,0.0,0.0,0.0,0.0,-1.3109467545400437
6240.0,2.0,3.0,3.0,4.0,1.0,401.0,0.9002000000000001,0.0175,0.0224,0.044899999999999995,0.0,0.0025,0.0025,0.0025,0.0075,0.2369,0.3714,0.5167,,,,,,,,1.0,4.0,0.0,0.0,1.0,0.0,1.0,1.0,0.0,1.0,-1.5803523315390038
2927.0,2.0,5.0,3.0,4.0,1.0,5782.0,0.8222,0.057600000000000005,0.0507,0.0214,0.0035000000000000005,0.0005,0.0183,0.0183,0.0074,0.024900000000000002,0.0898,0.3281,0.5393,1225.0,31247.0,31247.0,34102.0,43388.0,1.0,66.0,3.0,0.0,0.0,1.0,0.0,1.0,0.0,1.0,0.0,-1.2909780837359999
13016.0,3.0,6.0,1.0,1.0,3.0,367.0,0.2206942779291553,0.22618610354223434,0.36512452316076294,0.01363024523160763,0.010889100817438692,0.0,0.1416959128065395,0.0,0.021806267029972754,0.329741689373297,0.7503283378746594,0.7490972752043599,,,,,19116.351498637603,22108.972752043595,0.0,1.0,1.0,1.0,0.0,0.0,0.0,0.0,0.0,0.0,0.0,-1.3667474798219696
3884.0,2.0,3.0,3.0,3.0,1.0,820.0,0.8402,0.0232,0.0488,0.0146,0.0024,0.0,0.0183,0.0317,0.0207,0.0073,0.3772,0.6560000000000001,0.6745,1108.0,33482.0,33482.0,18325.0,42703.0,1.0,32.0,1.0,0.0,0.0,1.0,0.0,0.0,0.0,0.0,0.0,-0.7097129117200996
3603.0,1.0,6.0,1.0,2.0,1.0,1839.0,0.6732000000000001,0.0674,0.1648,0.0,0.0049,0.004399999999999999,0.0604,0.0228,0.0021999999999999997,0.4415,0.3687,0.2326,,,2370.0,4710.0,6259.0,11429.0,1.0,6.0,2.0,1.0,1.0,0.0,0.0,0.0,0.0,0.0,0.0,-1.3197046148507243
3995.0,1.0,5.0,2.0,2.0,1.0,3400.0,0.4553,0.4685,0.0262,0.0074,0.0015000000000000002,0.0006000000000000001,0.0094,0.0,0.0312,0.6476,0.6555,0.3772,,,4345.0,7405.0,7717.0,13248.0,1.0,29.0,2.0,1.0,1.0,0.0,0.0,0.0,0.0,0.0,0.0,-1.184121864747171
2270.0,1.0,3.0,2.0,2.0,1.0,12333.0,0.4802,0.2592,0.0242,0.0182,0.005900000000000001,0.0009,0.0204,0.0152,0.1758,0.6037,0.5153,0.38459999999999994,,,2638.0,4252.0,3969.0,8788.0,1.0,63.0,3.0,1.0,1.0,1.0,0.0,0.0,0.0,0.0,0.0,-0.8927167915821539
1621.0,1.0,7.0,3.0,3.0,1.0,3168.0,0.8213,0.0098,0.054,0.0088,0.0205,0.0032,0.0256,0.0354,0.0215,0.2355,0.37799999999999995,0.4628,0.9904,923.0,8624.0,19142.0,12029.0,16517.0,1.0,56.0,3.0,1.0,1.0,1.0,0.0,0.0,0.0,0.0,0.0,-0.9108924032989592
1083.0,1.0,6.0,3.0,4.0,1.0,32646.0,0.5323,0.0355,0.2535,0.0555,0.0115,0.0027,0.0419,0.0574,0.0096,0.1036,0.3349,0.4055,0.7462,,10957.0,29421.0,15215.0,24617.0,1.0,137.0,7.0,1.0,0.0,1.0,1.0,1.0,1.0,1.0,1.0,-1.1174450468205883
1937.0,2.0,4.0,3.0,4.0,5.0,1800.0,0.6077857777777778,0.1194388888888889,0.07388255555555555,0.013871888888888888,0.041107055555555556,0.0011105,0.01834411111111111,0.0038883333333333335,0.12053494444444446,0.6755447777777777,0.44236338888888893,0.6565832222222222,0.6495,,16067.282222222222,16067.282222222222,18487.0,36243.0,1.0,40.0,3.0,0.0,0.0,1.0,0.0,1.0,0.0,0.0,1.0,-0.9492665839042679
3219.0,1.0,8.0,3.0,4.0,1.0,4397.0,0.6316,0.0255,0.1019,0.0248,0.0139,0.0057,0.05840000000000001,0.025,0.1133,0.2179,0.3849,0.4756,0.7737,1029.0,7701.0,21279.0,13755.0,19231.0,1.0,51.0,4.0,0.0,0.0,1.0,1.0,1.0,0.0,0.0,1.0,-0.8831893646904666
26094.0,3.0,5.0,1.0,1.0,1.0,140.0,0.75,0.15,0.0214,0.0071,0.0,0.0071,0.05,0.0,0.014300000000000002,0.0,0.6803,0.7459,,,,,20628.0,26053.0,0.0,6.0,2.0,1.0,1.0,0.0,0.0,0.0,0.0,0.0,0.0,-0.9635760048641667
3046.0,2.0,3.0,3.0,4.0,1.0,4592.0,0.6653,0.211,0.0322,0.028500000000000004,0.0022,0.0008999999999999999,0.030299999999999997,0.012,0.0176,0.6592,0.4603999999999999,0.6554,,,11161.0,11161.0,21927.0,27742.0,1.0,44.0,4.0,0.0,1.0,1.0,0.0,1.0,0.0,0.0,1.0,-0.9124823758258209
1921.0,1.0,4.0,1.0,2.0,1.0,1797.0,0.7613,0.1191,0.0267,0.0011,0.0161,0.0028,0.0607,0.0,0.0122,0.4112,0.2739,0.269,,,3072.0,3712.0,4866.0,9608.0,1.0,36.0,2.0,1.0,1.0,0.0,0.0,0.0,0.0,0.0,0.0,-1.6071639746406767
2235.0,2.0,3.0,3.0,3.0,1.0,1249.0,0.799,0.0376,0.0368,0.0184,0.0024,0.0008,0.026399999999999996,0.024,0.0544,0.008,0.2502,0.6129,0.6079,1125.0,37485.0,37485.0,23195.0,48073.0,1.0,43.0,1.0,0.0,0.0,1.0,0.0,0.0,0.0,0.0,0.0,-0.7782879819529137
2326.0,1.0,3.0,3.0,4.0,1.0,6906.0,0.6994,0.09860000000000001,0.0565,0.064,0.0045,0.0006,0.0282,0.0145,0.0337,0.3134,0.4296,0.6533,0.6267,1105.0,10952.0,23150.0,12227.0,17766.0,1.0,66.0,5.0,1.0,0.0,1.0,0.0,1.0,1.0,0.0,1.0,-0.9749620747336794
3773.0,1.0,8.0,2.0,2.0,1.0,9383.0,0.7017,0.0201,0.088,0.0361,0.0076,0.0058,0.0809,0.0111,0.0487,0.48360000000000003,0.3838,0.2254,,,3653.0,8843.0,7561.0,13133.0,1.0,43.0,3.0,1.0,1.0,1.0,0.0,0.0,0.0,0.0,0.0,-1.359091938599333
3145.0,1.0,3.0,3.0,4.0,1.0,10695.0,0.7627,0.12230000000000002,0.0344,0.0091,0.0023,0.0007,0.0219,0.0103,0.0363,0.1872,0.4903,0.6583,0.833,985.0,8317.0,8557.0,10922.0,16029.0,1.0,101.0,7.0,1.0,1.0,1.0,0.0,1.0,1.0,1.0,1.0,-0.5486992761940722
2044.0,1.0,1.0,3.0,4.0,1.0,1031.0,0.9486,0.0058,0.0078000000000000005,0.0068,0.0029,0.0019,0.0,0.0,0.0262,0.0126,0.2857,0.8078,0.7863,1024.0,12400.0,24040.0,20861.0,23940.0,1.0,14.0,3.0,0.0,1.0,1.0,0.0,1.0,0.0,0.0,0.0,-1.2035727243045964
22306.0,3.0,6.0,1.0,1.0,2.0,280.0,0.26430000000000003,0.30715714285714285,0.3464714285714286,0.014299999999999998,0.007157142857142858,0.0,0.0429,0.0,0.017871428571428573,0.3321857142857143,0.7077714285714285,0.7556857142857142,,,,,17056.285714285714,19764.428571428572,0.0,1.0,1.0,1.0,0.0,0.0,0.0,0.0,0.0,0.0,0.0,-1.3805941746805463
1426.0,2.0,1.0,3.0,4.0,1.0,5473.0,0.4705,0.0678,0.11,0.1655,0.0064,0.0,0.05960000000000001,0.104,0.0163,0.0011,0.1186,0.0934,0.063,1493.0,45800.0,45800.0,20168.0,61620.0,1.0,80.0,6.0,1.0,0.0,1.0,0.0,1.0,1.0,1.0,1.0,-2.047461602758375
3801.0,1.0,8.0,2.0,2.0,1.0,2612.0,0.575,0.007299999999999999,0.322,0.0088,0.0195,0.0,0.0314,0.0011,0.0348,0.2397,0.4724999999999999,0.20169999999999996,,,3711.0,4105.0,6261.0,12906.0,1.0,28.0,2.0,1.0,1.0,0.0,0.0,0.0,0.0,0.0,0.0,-1.3814189648882789
9163.0,1.0,6.0,2.0,2.0,1.0,17944.0,0.2687,0.064,0.5994,0.0263,0.0032,0.0016,0.030500000000000003,0.0052,0.0009,0.7572,0.3114,0.069,,,2088.0,10740.0,6904.0,11974.0,1.0,63.0,2.0,1.0,1.0,0.0,0.0,0.0,0.0,0.0,0.0,-1.3302529702362658
1022.0,1.0,5.0,2.0,2.0,1.0,7443.0,0.6696,0.2246,0.0486,0.0183,0.0024,0.0008,0.030099999999999995,0.0054,0.0001,0.6049999999999999,0.3372,0.2101,,,4320.0,7710.0,9207.0,13418.0,1.0,18.0,2.0,1.0,1.0,0.0,0.0,0.0,0.0,0.0,0.0,-1.4357035925810708
1768.0,2.0,3.0,3.0,4.0,1.0,2940.0,0.484,0.1446,0.2782,0.0269,0.0027,0.0,0.0201,0.002,0.0415,0.1337,0.5048,0.7531,0.49639999999999995,1008.0,30100.0,30100.0,16064.0,36152.0,1.0,61.0,4.0,1.0,0.0,1.0,0.0,1.0,0.0,0.0,1.0,-0.970562083057963
1046.0,2.0,5.0,3.0,3.0,1.0,819.0,0.0647,0.8742,0.044000000000000004,0.0024,0.0,0.0,0.0,0.0,0.0147,0.08179999999999998,0.5747,0.5956,,,12509.0,12509.0,12629.0,20918.0,1.0,20.0,2.0,0.0,1.0,1.0,0.0,0.0,0.0,0.0,0.0,-0.12296258107791024
41211.0,3.0,3.0,1.0,1.0,1.0,142.0,0.2746,0.5986,0.028199999999999996,0.0423,0.0,0.0,0.028199999999999996,0.0,0.028199999999999996,0.3873,0.4437,0.4603,,,,,12770.0,17446.0,0.0,1.0,1.0,1.0,0.0,0.0,0.0,0.0,0.0,0.0,0.0,-0.9787546249595896
23062.0,1.0,2.0,1.0,1.0,1.0,64.0,0.9688,0.0313,0.0,0.0,0.0,0.0,0.0,0.0,0.0,0.0,0.7231,0.8923,0.8409,,,,12444.0,16522.0,0.0,1.0,1.0,1.0,0.0,0.0,0.0,0.0,0.0,0.0,0.0,-1.039124366243079
1569.0,1.0,5.0,3.0,4.0,1.0,13996.0,0.5308,0.0641,0.0651,0.18499999999999997,0.0006,0.0009,0.0354,0.10680000000000002,0.0114,0.0604,0.18230000000000002,0.33720000000000006,0.33379999999999993,1400.0,11394.0,30698.0,10994.0,23216.0,1.0,52.0,3.0,0.0,0.0,1.0,0.0,1.0,1.0,0.0,0.0,-1.556491837597005
23344.0,3.0,5.0,1.0,2.0,4.0,749.0,0.19759412550066754,0.6194775700934579,0.054743257676902544,0.012004405874499333,0.0,0.002676234979973298,0.07878811748998665,0.0,0.03472029372496662,0.37652122830440593,0.6290276368491321,0.7034895861148198,,,16264.43658210948,16264.43658210948,23616.712950600802,28640.46194926569,1.0,12.0,3.0,1.0,1.0,1.0,0.0,0.0,0.0,0.0,0.0,-0.5641575167647441
2003.0,2.0,5.0,3.0,4.0,1.0,548.0,0.6807,0.1533,0.06019999999999999,0.0347,0.0109,0.0018,0.0383,0.0201,0.0,0.0091,0.3515,0.6092,0.6567,1109.0,33500.0,33500.0,21734.0,44596.0,1.0,24.0,2.0,0.0,0.0,1.0,0.0,1.0,0.0,0.0,0.0,-0.6227644547839396
21963.0,1.0,3.0,1.0,1.0,1.0,452.0,0.9912,0.0088,0.0,0.0,0.0,0.0,0.0,0.0,0.0,0.0642,0.878,0.7367999999999999,,,,,5427.0,9575.0,0.0,16.0,1.0,1.0,0.0,0.0,0.0,0.0,0.0,0.0,0.0,-1.2261700647292406
3036.0,2.0,3.0,3.0,4.0,1.0,2065.0,0.8276,0.0034,0.0973,0.0179,0.0015,0.0005,0.0208,0.0097,0.0213,0.0329,0.2562,0.7618,0.7792,1183.0,23930.0,23930.0,25447.0,33851.0,1.0,37.0,4.0,0.0,1.0,1.0,0.0,1.0,0.0,0.0,1.0,-0.7605707976911689
1580.0,2.0,5.0,3.0,4.0,1.0,4418.0,0.4753,0.3155,0.0453,0.0552,0.0054,0.0014,0.0199,0.0312,0.0507,0.1544,0.4062,0.6531,0.6672,1205.0,33780.0,33780.0,20347.0,47379.0,1.0,82.0,6.0,1.0,0.0,1.0,0.0,1.0,1.0,1.0,1.0,-0.8802165982305248
39696.0,3.0,8.0,1.0,1.0,2.0,1487.0,0.0229,0.1567,0.3349,0.0208,0.004,0.0027,0.0148,0.0007,0.44250000000000006,0.0,0.6535,0.5307,,,,,19672.0,25667.0,0.0,7.0,1.0,1.0,0.0,0.0,0.0,0.0,0.0,0.0,0.0,-1.17778011982164
5318.0,1.0,5.0,2.0,2.0,1.0,3853.0,0.7322,0.0953,0.0252,0.0773,0.013,0.0018,0.0083,0.0,0.047,0.496,0.4377,0.0842,,,2502.0,8646.0,9837.0,14681.0,1.0,32.0,2.0,1.0,1.0,0.0,0.0,0.0,0.0,0.0,0.0,-2.0133357068127897
41628.0,3.0,8.0,1.0,1.0,1.0,90.0,0.1778,0.1111,0.2556,0.0444,0.0,0.0,0.3222,0.0,0.0889,0.1444,0.7818,0.6545,,,,,8323.0,12545.0,0.0,1.0,1.0,1.0,0.0,0.0,0.0,0.0,0.0,0.0,0.0,-1.5302615711589702
7115.0,1.0,8.0,2.0,2.0,1.0,13180.0,0.5149,0.0195,0.3145,0.08500000000000002,0.003,0.0023,0.0489,0.0057,0.0063,0.5782,0.1777,0.0184,,,1388.0,7050.0,2636.0,8631.0,1.0,53.0,2.0,1.0,1.0,0.0,0.0,0.0,0.0,0.0,0.0,-1.6414260557636455
11113.0,2.0,4.0,3.0,4.0,1.0,392.0,0.3801,0.0918,0.0893,0.0332,0.0051,0.0,0.0332,0.3622,0.0051,0.2908,0.815,0.8621,0.381,,26430.0,26430.0,16803.0,38630.0,1.0,23.0,4.0,0.0,0.0,1.0,0.0,1.0,1.0,0.0,1.0,-0.12144847790098504
2568.0,1.0,8.0,3.0,4.0,1.0,16330.0,0.624,0.037,0.1784,0.0685,0.0074,0.0049,0.0627,0.0126,0.0045,0.1515,0.2983,0.4033,0.8388,1081.0,6610.0,20520.0,14579.0,20675.0,1.0,89.0,7.0,1.0,0.0,1.0,1.0,1.0,1.0,1.0,1.0,-1.1642006232135989
3783.0,2.0,8.0,3.0,4.0,1.0,1453.0,0.6827,0.044700000000000004,0.0853,0.0475,0.0124,0.0165,0.044700000000000004,0.02,0.0461,0.12390000000000001,0.379,0.6787,0.9612,1018.0,26968.0,26968.0,19560.0,35991.0,1.0,41.0,6.0,1.0,1.0,1.0,0.0,1.0,1.0,0.0,1.0,-0.966449880896745
1138.0,1.0,8.0,3.0,4.0,1.0,12275.0,0.1725,0.1088,0.2831,0.23780000000000004,0.0019000000000000002,0.010799999999999999,0.056,0.0588,0.0702,0.1308,0.4758,0.3865,0.7031,,6564.0,17724.0,10340.0,19793.0,1.0,58.0,3.0,0.0,0.0,1.0,0.0,1.0,1.0,0.0,0.0,-1.4622883765236834
2896.0,2.0,2.0,2.0,3.0,1.0,469.0,0.6077,0.258,0.064,0.0128,0.0043,0.0021,0.049,0.0,0.0021,0.2303,0.6323,0.8237,0.7984,,19170.0,19170.0,12316.0,22965.0,1.0,11.0,3.0,1.0,1.0,1.0,0.0,0.0,0.0,0.0,0.0,-0.6035313453929116
21458.0,1.0,2.0,1.0,1.0,1.0,34.0,0.9118,0.0294,0.0,0.0,0.0,0.0,0.0588,0.0,0.0,0.0,0.8235,0.8824,,,8501.0,8501.0,14588.0,19702.0,1.0,2.0,1.0,1.0,0.0,0.0,0.0,0.0,0.0,0.0,0.0,-1.3804793068262131
1767.0,2.0,3.0,3.0,4.0,1.0,3750.0,0.4557,0.0944,0.1053,0.1501,0.0024,0.0021,0.0,0.0149,0.1749,0.1888,0.367,0.6008,0.7717,1030.0,26558.0,26558.0,19722.0,35143.0,1.0,62.0,6.0,1.0,1.0,1.0,0.0,1.0,1.0,0.0,1.0,-1.0366738411976373
3556.0,2.0,6.0,2.0,2.0,1.0,228.0,0.5482,0.2675,0.1667,0.0175,0.0,0.0,0.0,0.0,0.0,0.0877,0.4932,0.5753,,,10904.0,10904.0,21780.0,26662.0,1.0,1.0,2.0,1.0,1.0,0.0,0.0,0.0,0.0,0.0,0.0,-1.380646865044631
39703.0,3.0,6.0,1.0,1.0,1.0,51.0,0.4706,0.3137,0.1961,0.0,0.0,0.0196,0.0,0.0,0.0,0.6667,0.7048,0.8571,,,,,19612.0,23435.0,0.0,2.0,1.0,1.0,0.0,0.0,0.0,0.0,0.0,0.0,0.0,-1.2746618492291923
2506.0,2.0,4.0,3.0,4.0,1.0,7822.0,0.6652,0.0697,0.0404,0.0828,0.0005999999999999998,0.0,0.0529,0.0672,0.0211,0.1047,0.13190000000000002,0.3357,0.6108,1239.0,37966.0,37966.0,30543.0,52310.0,1.0,97.0,8.0,1.0,1.0,1.0,1.0,1.0,1.0,1.0,1.0,-1.0407430340053827
1616.0,1.0,7.0,3.0,4.0,1.0,16206.0,0.7516,0.0166,0.1031,0.0201,0.0061,0.0036,0.0353,0.0408,0.0228,0.2519,0.3461,0.4662,0.77,1042.0,6641.0,19493.0,14512.0,18651.0,1.0,91.0,7.0,1.0,1.0,1.0,1.0,1.0,1.0,0.0,1.0,-0.9242201861010386
41697.0,3.0,8.0,1.0,3.0,2.0,1017.0,0.1386,0.0423,0.1544,0.2989,0.001,0.0197,0.058,0.0049,0.2822,0.0,0.5194,0.6222,,,22256.0,22256.0,25849.0,29083.0,1.0,5.0,3.0,1.0,1.0,1.0,0.0,0.0,0.0,0.0,0.0,-2.0061420133159356
2978.0,2.0,5.0,3.0,4.0,1.0,4861.0,0.7371,0.0648,0.0632,0.049,0.0012,0.0006,0.0261,0.0564,0.0016,0.0119,0.1081,0.32,0.3441,,46200.0,46200.0,30472.0,60210.0,1.0,57.0,5.0,0.0,0.0,1.0,0.0,1.0,1.0,1.0,1.0,-1.2906794837371822
4855.0,3.0,3.0,2.0,2.0,1.0,190.0,0.5579,0.38949999999999996,0.0316,0.0,0.005299999999999999,0.0,0.0,0.0,0.0158,0.7367999999999999,0.7936,0.8716,,,14130.0,14130.0,26586.0,28172.0,1.0,13.0,2.0,1.0,1.0,0.0,0.0,0.0,0.0,0.0,0.0,-0.3951506245437539
3298.0,2.0,2.0,3.0,4.0,1.0,2713.0,0.8474,0.0217,0.0358,0.0199,0.00039999999999999996,0.00039999999999999996,0.0343,0.030999999999999996,0.0092,0.0129,0.20320000000000002,0.6406,0.7998,1125.0,31340.0,31340.0,25455.0,42624.0,1.0,61.0,4.0,0.0,0.0,1.0,0.0,1.0,0.0,1.0,1.0,-0.7467562022588298
1232.0,1.0,8.0,1.0,2.0,1.0,26803.0,0.4695,0.09889999999999999,0.2063,0.10630000000000002,0.0076,0.0085,0.0587,0.005700000000000001,0.0385,0.7447,0.2843,0.056,,,1104.0,7272.0,6371.0,12513.0,1.0,83.0,2.0,1.0,1.0,0.0,0.0,0.0,0.0,0.0,0.0,-1.42855739476642
41954.0,3.0,8.0,1.0,1.0,2.0,166.0,0.1385590361445783,0.06628433734939759,0.16263975903614455,0.48193253012048193,0.0060409638554216865,0.06022891566265061,0.04216144578313252,0.0,0.042153012048192766,0.0,0.5068072289156627,0.6701144578313253,,,,,,,,2.0,1.0,1.0,0.0,0.0,0.0,0.0,0.0,0.0,0.0,-2.1056943680056794
25443.0,3.0,2.0,1.0,1.0,3.0,89.0,0.842685393258427,0.13483483146067415,0.0,0.0,0.0,0.0,0.022479775280898878,0.0,0.0,0.0,0.45230449438202247,0.4393988764044943,,,,,10110.595505617977,13555.786516853932,0.0,1.0,2.0,1.0,1.0,0.0,0.0,0.0,0.0,0.0,0.0,-1.1207216216636169
2052.0,2.0,1.0,3.0,4.0,1.0,851.0,0.7532,0.0329,0.0223,0.0024,0.0035,0.0,0.0952,0.0329,0.057600000000000005,0.0846,0.31740000000000007,0.5534,0.7428,,23460.0,23460.0,20045.0,34202.0,1.0,21.0,3.0,0.0,1.0,1.0,0.0,1.0,0.0,0.0,0.0,-0.6180458523841604
41937.0,2.0,8.0,3.0,4.0,1.0,195.0,0.559,0.0051,0.1897,0.05129999999999999,0.0103,0.0051,0.0308,0.0,0.1487,0.17440000000000003,0.2698,0.5079,0.875,1086.0,24900.0,24900.0,30249.0,41646.0,1.0,5.0,4.0,1.0,0.0,1.0,0.0,1.0,0.0,0.0,1.0,-0.7471714650312309
1193.0,1.0,8.0,2.0,2.0,1.0,14817.0,0.2058,0.0426,0.44039999999999996,0.2268,0.0024000000000000002,0.0045,0.0357,0.0113,0.0306,0.6589,0.286,0.0216,,,1138.0,6226.0,6993.0,10774.0,1.0,61.0,2.0,1.0,1.0,0.0,0.0,0.0,0.0,0.0,0.0,-1.4709341781830199
2260.0,1.0,3.0,3.0,4.0,1.0,12632.0,0.7924,0.0747,0.0371,0.0133,0.0055,0.0004,0.0316,0.0254,0.0196,0.2839,0.41239999999999993,0.6637999999999998,0.7842,1010.0,10677.0,16467.0,13230.0,21215.0,1.0,95.0,8.0,1.0,1.0,1.0,1.0,1.0,1.0,1.0,1.0,-0.9579809208330976
2068.0,1.0,2.0,3.0,4.0,1.0,2652.0,0.0147,0.8258,0.0219,0.0019,0.0,0.00039999999999999996,0.0222,0.0822,0.030899999999999997,0.22889999999999996,0.6103,0.6839,0.4312,880.0,6624.0,11885.0,9363.0,15837.0,1.0,40.0,6.0,1.0,0.0,1.0,0.0,1.0,1.0,1.0,1.0,-0.6203614108342925
1785.0,2.0,3.0,3.0,4.0,1.0,1831.0,0.7995999999999999,0.0563,0.0251,0.0082,0.0027,0.0027,0.0104,0.0306,0.0644,0.0863,0.2118,0.4688,0.5491,1048.0,26850.0,26850.0,23220.0,38820.0,1.0,56.0,4.0,0.0,1.0,1.0,0.0,1.0,1.0,0.0,0.0,-0.5939200803696447
1671.0,2.0,3.0,3.0,4.0,1.0,15858.0,0.5518,0.0832,0.1756,0.0778,0.0008,0.0017,0.0388,0.0292,0.0411,0.1438,0.3504,0.578,0.6988000000000001,,35071.0,35071.0,27565.0,48173.0,1.0,96.0,7.0,1.0,0.0,1.0,1.0,1.0,1.0,1.0,1.0,-1.0877192656921362
1166.0,1.0,8.0,2.0,2.0,1.0,11388.0,0.1992,0.0394,0.5962,0.086,0.0019,0.0014,0.028900000000000002,0.0394,0.0075,0.5828,0.3228,0.0237,,,1176.0,6144.0,3179.0,9245.0,1.0,44.0,2.0,1.0,1.0,0.0,0.0,0.0,0.0,0.0,0.0,-1.6785751287866584
1290.0,1.0,8.0,2.0,2.0,1.0,17296.0,0.5886,0.0269,0.2575,0.0463,0.0057,0.0032,0.0532,0.0099,0.0087,0.6148,0.3221,0.0631,,,1150.0,6190.0,8062.0,13850.0,1.0,66.0,2.0,1.0,1.0,0.0,0.0,0.0,0.0,0.0,0.0,-1.461799316222065
3794.0,2.0,8.0,3.0,4.0,1.0,1316.0,0.5638,0.05090000000000001,0.1163,0.0456,0.0068000000000000005,0.022,0.0737,0.0919,0.028899999999999995,0.1733,0.3655,0.5623,0.8882,1057.0,31688.0,31688.0,19717.0,42353.0,1.0,34.0,5.0,1.0,0.0,1.0,1.0,1.0,0.0,0.0,1.0,-1.0151018469538224
40144.0,3.0,8.0,1.0,1.0,1.0,48.0,0.0208,0.0208,0.8958,0.0208,0.0,0.0,0.0,0.0,0.041699999999999994,0.0,0.9868,0.9868,,,,,15052.0,19481.0,0.0,6.0,1.0,1.0,0.0,0.0,0.0,0.0,0.0,0.0,0.0,-1.5012508541068665
2151.0,2.0,1.0,2.0,3.0,1.0,484.0,0.3058,0.2913,0.2045,0.093,0.0041,0.0021,0.0269,0.0083,0.064,0.1116,0.6701,0.7801,,,16950.0,16950.0,16188.0,25707.0,1.0,12.0,3.0,1.0,1.0,1.0,0.0,0.0,0.0,0.0,0.0,-1.5678517371131708
41209.0,3.0,6.0,1.0,1.0,1.0,119.0,0.6134,0.0588,0.1345,0.0168,0.0336,0.0084,0.0924,0.0,0.042,0.0,0.3241,0.4444,,,,,32519.0,38054.0,0.0,1.0,1.0,1.0,0.0,0.0,0.0,0.0,0.0,0.0,0.0,-1.478033579321972
41423.0,3.0,6.0,1.0,1.0,1.0,285.0,0.4175,0.0421,0.5298,0.0105,0.0,0.0,0.0,0.0,0.0,0.0,0.5706,0.7014,,,,,12295.0,16505.0,0.0,1.0,1.0,1.0,0.0,0.0,0.0,0.0,0.0,0.0,0.0,-1.4018996036915137
7544.0,2.0,5.0,3.0,4.0,1.0,196.0,0.9643,0.0,0.015299999999999998,0.0,0.0051,0.0102,0.0,0.0051,0.0,0.06119999999999999,0.4388,0.277,0.6914,1007.0,13590.0,13590.0,13585.0,23948.0,1.0,2.0,5.0,1.0,1.0,1.0,1.0,1.0,0.0,0.0,0.0,-1.2255652727506872
6331.0,2.0,1.0,2.0,2.0,1.0,283.0,0.6643,0.1025,0.0742,0.0318,0.0035,0.0,0.0247,0.0071,0.0919,0.0707,0.3245,0.8146,,,25120.0,25120.0,28913.0,31881.0,1.0,3.0,1.0,0.0,1.0,0.0,0.0,0.0,0.0,0.0,0.0,-1.6239914934416118
3776.0,1.0,8.0,2.0,2.0,1.0,4800.0,0.6302,0.0244,0.0802,0.0604,0.0094,0.0033,0.0681,0.0258,0.0981,0.4413,0.2058,0.0928,,,3778.0,8967.0,7069.0,12538.0,1.0,33.0,2.0,1.0,1.0,0.0,0.0,0.0,0.0,0.0,0.0,-1.4728216364387172
21371.0,3.0,4.0,1.0,1.0,1.0,109.0,0.8165000000000001,0.0,0.0183,0.0642,0.0917,0.0,0.0,0.0,0.0092,0.0,0.3931,0.4162,,,,,8643.0,11770.0,0.0,1.0,1.0,1.0,0.0,0.0,0.0,0.0,0.0,0.0,0.0,-1.02291632933139
2341.0,2.0,4.0,3.0,3.0,1.0,2020.0,0.8109,0.0238,0.048,0.0574,0.0069,0.0015,0.0059,0.0455,0.0,0.0139,0.2418,0.6524,0.8218,1179.0,39402.0,39402.0,23679.0,49920.0,1.0,38.0,1.0,0.0,0.0,1.0,0.0,0.0,0.0,0.0,0.0,-0.8534925798175866
9621.0,3.0,3.0,3.0,4.0,11.0,5436.0,0.3921944260485651,0.30538375643855775,0.054269867549668865,0.02613294701986755,0.004603679175864606,0.010878035320088299,0.034571780721118474,0.0009300956585724796,0.17108230316409123,0.4828717071376012,0.7075927152317881,0.838347259013981,1.0,,12844.845474613687,12844.845474613687,20157.81714495953,23980.8097866078,1.0,30.0,4.0,1.0,1.0,1.0,0.0,1.0,0.0,0.0,0.0,-0.5404024886125245
1581.0,1.0,5.0,3.0,3.0,1.0,7487.0,0.5604,0.3422,0.0339,0.0215,0.0024,0.0012,0.028,0.0064,0.0039,0.368,0.5086,0.4949,0.6038,,3474.0,9919.0,9603.0,14158.0,1.0,23.0,3.0,1.0,1.0,1.0,0.0,0.0,0.0,0.0,0.0,-0.7657860289668738
1590.0,1.0,5.0,3.0,4.0,1.0,4659.0,0.0421,0.8851999999999999,0.0236,0.0009000000000000001,0.003,0.0009000000000000001,0.0309,0.006,0.007499999999999999,0.1075,0.7447,0.8561,0.7763,847.0,5556.0,15561.0,10530.0,15929.0,1.0,29.0,3.0,0.0,1.0,1.0,0.0,1.0,0.0,0.0,0.0,-0.30488152450949957
7692.0,1.0,3.0,2.0,2.0,1.0,11460.0,0.5353,0.0965,0.2182,0.0217,0.0025,0.0006,0.0181,0.0209,0.0861,0.4909,0.2826,0.0679,,,3936.0,10146.0,5271.0,9941.0,1.0,61.0,2.0,1.0,1.0,0.0,0.0,0.0,0.0,0.0,0.0,-1.5304402725220576
35793.0,2.0,4.0,1.0,2.0,1.0,125.0,1.0,0.0,0.0,0.0,0.0,0.0,0.0,0.0,0.0,0.32,0.9137,0.7914,,,16044.0,16044.0,21311.0,25935.0,1.0,5.0,2.0,1.0,1.0,0.0,0.0,0.0,0.0,0.0,0.0,-1.1298974780380262
38684.0,3.0,8.0,2.0,2.0,1.0,147.0,0.2925,0.0476,0.1293,0.0476,0.0204,0.0068,0.034,0.1973,0.2245,0.0476,0.2095,0.3986,,,22875.0,22875.0,32947.0,34081.0,1.0,2.0,3.0,1.0,1.0,1.0,0.0,0.0,0.0,0.0,0.0,-0.1281568927985463
2666.0,2.0,2.0,3.0,4.0,1.0,5036.0,0.5409,0.1015,0.1418,0.0808,0.0012,0.0006,0.0208,0.0381,0.0743,0.0913,0.3079,0.5982,0.7242,1092.0,32340.0,32340.0,26055.0,43006.0,1.0,57.0,8.0,1.0,1.0,1.0,1.0,1.0,1.0,1.0,1.0,-1.1050183923664276
2036.0,2.0,1.0,3.0,3.0,1.0,1773.0,0.7186,0.0479,0.0677,0.0462,0.0023,0.0,0.04059999999999999,0.0688,0.0079,0.0,0.1167,0.2859,0.2542,,47030.0,47030.0,24944.0,61000.0,1.0,32.0,1.0,0.0,0.0,1.0,0.0,0.0,0.0,0.0,0.0,-1.58278821963619
33193.0,3.0,3.0,1.0,1.0,2.0,292.0,0.7260493150684931,0.21232739726027397,0.010261643835616438,0.030830136986301368,0.0,0.0,0.0,0.0,0.02053150684931507,0.31846986301369856,0.5752958904109589,0.5597465753424657,,,,,9433.17808219178,13308.671232876712,0.0,1.0,1.0,1.0,0.0,0.0,0.0,0.0,0.0,0.0,0.0,-0.8279687178788605
3582.0,1.0,6.0,2.0,2.0,1.0,7585.0,0.014,0.0016,0.9788,0.002,0.0004,0.0,0.0008,0.0012,0.0013,0.6272,0.5647,0.0,,,3300.0,5748.0,4540.0,10009.0,1.0,38.0,2.0,1.0,1.0,0.0,0.0,0.0,0.0,0.0,0.0,-2.439566088202675
7291.0,2.0,4.0,2.0,2.0,1.0,254.0,0.8465,0.0276,0.0669,0.0315,0.0039,0.0039,0.0197,0.0,0.0,0.3504,0.6467,0.8424,0.24,,18820.0,18820.0,23163.0,26458.0,1.0,5.0,3.0,1.0,1.0,1.0,0.0,0.0,0.0,0.0,0.0,-1.4033645003987814
1229.0,2.0,8.0,1.0,4.0,1.0,3.0,0.3333,0.0,0.0,0.0,0.0,0.0,0.0,0.0,0.6667,1.0,0.0124,0.0421,,,,,,,,8.0,6.0,1.0,1.0,1.0,0.0,1.0,1.0,1.0,0.0,-1.8241105993482436
7780.0,3.0,2.0,1.0,2.0,2.0,825.0,0.8460999999999999,0.1152,0.0206,0.0024,0.0012,0.0,0.0,0.0,0.0145,0.0,0.678,0.4849,1.0,,,,8806.0,13361.0,0.0,9.0,2.0,1.0,1.0,0.0,0.0,0.0,0.0,0.0,0.0,-1.5442009139069544
11046.0,1.0,3.0,2.0,2.0,1.0,3068.0,0.7867999999999999,0.1203,0.0156,0.0085,0.0039,0.0007000000000000001,0.0254,0.0,0.0388,0.6493,0.5855,0.6653,,,4296.0,7056.0,13969.0,17501.0,1.0,29.0,2.0,1.0,1.0,0.0,0.0,0.0,0.0,0.0,0.0,-1.176971365424313
3732.0,1.0,5.0,3.0,4.0,1.0,8843.0,0.7402,0.1195,0.0547,0.0145,0.0027,0.0023,0.0477,0.0067,0.0116,0.0404,0.2896,0.599,0.7891,968.0,9360.0,22046.0,16560.0,20582.0,1.0,59.0,7.0,1.0,1.0,1.0,1.0,1.0,1.0,0.0,1.0,-0.8060851645531291
41767.0,3.0,7.0,1.0,1.0,1.0,58.0,0.931,0.0,0.0517,0.0,0.0,0.0,0.0172,0.0,0.0,0.1724,0.5488,0.5366,,,,,17789.0,20612.0,0.0,1.0,1.0,1.0,0.0,0.0,0.0,0.0,0.0,0.0,0.0,-1.431690210765526
3540.0,1.0,6.0,2.0,2.0,1.0,9346.0,0.5104,0.0507,0.3888,0.029300000000000003,0.0122,0.0,0.0,0.0001,0.0085,0.6922,0.3786,0.1573,,,1914.0,4362.0,6069.0,10446.0,1.0,51.0,2.0,1.0,1.0,0.0,0.0,0.0,0.0,0.0,0.0,-1.01286072384239
3378.0,2.0,2.0,3.0,4.0,1.0,10678.0,0.45430000000000004,0.0716,0.10339999999999999,0.189,0.0008,0.0004,0.0402,0.10840000000000001,0.0319,0.0443,0.1444,0.2226,0.1037,1452.0,47668.0,47668.0,24370.0,61800.0,1.0,119.0,8.0,1.0,1.0,1.0,1.0,1.0,1.0,1.0,1.0,-1.9582513001939128
2906.0,1.0,5.0,3.0,4.0,1.0,16116.0,0.8582,0.0308,0.0411,0.0156,0.0021,0.0006,0.0259,0.0083,0.0172,0.0545,0.2714,0.4698,0.6266,1148.0,6553.0,19720.0,14165.0,19017.0,1.0,77.0,6.0,1.0,0.0,1.0,0.0,1.0,1.0,1.0,1.0,-0.9408688070778913
30838.0,1.0,3.0,2.0,2.0,1.0,4326.0,0.7517,0.1068,0.0481,0.0155,0.0018,0.0016,0.0365,0.0028,0.0351,0.537,0.3004,0.1792,,,4170.0,11970.0,8124.0,11455.0,1.0,32.0,2.0,1.0,1.0,0.0,0.0,0.0,0.0,0.0,0.0,-1.6504459361614774
11210.0,1.0,1.0,2.0,2.0,1.0,12696.0,0.2488,0.2815,0.2413,0.1011,0.0028,0.0014,0.0287,0.0516,0.0428,0.6493,0.5082,0.0779,,,3384.0,8328.0,7240.0,12138.0,1.0,56.0,2.0,1.0,1.0,0.0,0.0,0.0,0.0,0.0,0.0,-1.5118355838532327
1512.0,1.0,5.0,2.0,3.0,1.0,25217.0,0.3682,0.2459,0.2752,0.0261,0.0017,0.0019,0.0202,0.0185,0.04229999999999999,0.7055,0.4549,0.1168,,,2378.0,8612.0,2391.0,7802.0,1.0,59.0,3.0,1.0,1.0,1.0,0.0,0.0,0.0,0.0,0.0,-1.7784194616680018
2031.0,1.0,5.0,3.0,4.0,1.0,14667.0,0.6774000000000001,0.21209999999999998,0.0323,0.0214,0.0046,0.001,0.0181,0.0228,0.0102,0.1486,0.331,0.3072,0.558,1070.0,6872.0,19272.0,8588.0,16112.0,1.0,69.0,5.0,0.0,0.0,1.0,0.0,1.0,1.0,1.0,1.0,-0.7208151851076344
41218.0,2.0,6.0,3.0,4.0,1.0,253.0,0.581,0.1897,0.1146,0.0395,0.0079,0.0,0.0,0.0,0.0672,0.4506,0.4468,0.2298,1.0,,7870.0,7870.0,18847.0,22993.0,1.0,9.0,4.0,0.0,1.0,1.0,1.0,1.0,0.0,0.0,0.0,-0.5328722860723765
2878.0,1.0,2.0,2.0,2.0,1.0,22222.0,0.58,0.0894,0.2032,0.0319,0.0035,0.0007,0.0066,0.0037,0.081,0.3568,0.2861,0.1588,,,5100.0,9490.0,6371.0,10254.0,1.0,51.0,2.0,1.0,1.0,0.0,0.0,0.0,0.0,0.0,0.0,-1.7999480731336077
7684.0,1.0,3.0,2.0,2.0,1.0,3293.0,0.6335,0.1928,0.1206,0.0155,0.0058,0.0009,0.0185,0.0,0.0125,0.406,0.3933,0.2167,,,3810.0,14610.0,8252.0,13244.0,1.0,37.0,2.0,1.0,1.0,0.0,0.0,0.0,0.0,0.0,0.0,-1.4400898443999437
39713.0,3.0,8.0,1.0,2.0,1.0,1483.0,0.149,0.0796,0.5806,0.0755,0.002,0.0155,0.0796,0.0,0.0182,0.0,0.6808,0.6611,,,,,22429.0,26080.0,0.0,7.0,2.0,1.0,1.0,0.0,0.0,0.0,0.0,0.0,0.0,-1.3991586288876592
2355.0,1.0,4.0,2.0,2.0,1.0,1110.0,0.855,0.0486,0.0243,0.0036,0.0144,0.0018,0.0405,0.0009,0.0108,0.3459,0.5313,0.5792,,,5309.0,6491.0,10014.0,13984.0,1.0,26.0,2.0,1.0,1.0,0.0,0.0,0.0,0.0,0.0,0.0,-1.3343429554877908
2278.0,1.0,3.0,2.0,2.0,1.0,13470.0,0.6612,0.11740000000000002,0.0721,0.0327,0.0048,0.0024,0.0313,0.0094,0.0687,0.6083,0.4105,0.5066,,,2930.0,8030.0,6613.0,10490.0,1.0,99.0,2.0,1.0,1.0,0.0,0.0,0.0,0.0,0.0,0.0,-1.1272278028436868
8645.0,3.0,1.0,1.0,1.0,2.0,205.0,0.9170448780487804,0.024399999999999998,0.03903756097560976,0.004858536585365854,0.0,0.0,0.014618536585365856,0.0,0.0,0.4341190243902439,0.5594517073170732,0.9512726829268292,,,,,12679.49268292683,14910.619512195122,0.0,1.0,1.0,1.0,0.0,0.0,0.0,0.0,0.0,0.0,0.0,-1.4407524985635036
41143.0,1.0,8.0,3.0,3.0,1.0,3254.0,0.42719999999999997,0.1168,0.22860000000000003,0.102,0.0043,0.0163,0.0409,0.0,0.0639,0.6174,0.3676,0.4012,0.5459,,4482.0,14758.0,12653.0,17725.0,1.0,22.0,2.0,0.0,0.0,1.0,1.0,0.0,0.0,0.0,0.0,-0.9932574157301872
2861.0,1.0,2.0,2.0,2.0,1.0,2720.0,0.8412,0.0643,0.039,0.0055,0.0037,0.0004,0.0228,0.014700000000000001,0.0085,0.2585,0.4463,0.3823,,,4596.0,8796.0,6407.0,11569.0,1.0,19.0,2.0,1.0,1.0,0.0,0.0,0.0,0.0,0.0,0.0,-1.1711654813498182
41580.0,3.0,2.0,1.0,1.0,1.0,200.0,0.745,0.045,0.15,0.015,0.0,0.01,0.035,0.0,0.0,0.245,0.3787,0.6131,,,,,15857.0,18422.0,0.0,2.0,1.0,1.0,0.0,0.0,0.0,0.0,0.0,0.0,0.0,-1.4392694119620677
2456.0,2.0,4.0,3.0,4.0,1.0,15141.0,0.545,0.2502,0.0766,0.0141,0.0102,0.0053,0.026,0.0101,0.0625,0.4016,0.5423,0.576,,,7465.0,7465.0,11831.0,17312.0,1.0,41.0,4.0,1.0,1.0,1.0,0.0,1.0,0.0,0.0,0.0,-0.6420279945012735
41416.0,3.0,2.0,1.0,1.0,1.0,85.0,0.4,0.4824,0.0353,0.0353,0.0,0.0,0.047099999999999996,0.0,0.0,0.4,0.2441,0.5433,,,,,,,,2.0,1.0,1.0,0.0,0.0,0.0,0.0,0.0,0.0,0.0,-2.139402841942886
30255.0,3.0,9.0,1.0,2.0,1.0,3101.0,0.0,0.0,1.0,0.0,0.0,0.0,0.0,0.0,0.0,0.1432,0.9243,0.0582,,,8904.0,8904.0,10539.0,15548.0,1.0,13.0,2.0,1.0,1.0,0.0,0.0,0.0,0.0,0.0,0.0,-1.964791984405417
2775.0,2.0,2.0,3.0,4.0,1.0,3293.0,0.6259000000000001,0.1248,0.1445,0.0698,0.003,0.0052,0.0094,0.0024,0.0149,0.18799999999999997,0.317,0.7559,0.754,1072.0,26850.0,26850.0,24045.0,38282.0,1.0,36.0,5.0,0.0,1.0,1.0,0.0,1.0,1.0,0.0,1.0,-1.0581631670089595
1313.0,1.0,8.0,3.0,4.0,1.0,27547.0,0.2967,0.020900000000000002,0.1834,0.342,0.0017,0.0049,0.0539,0.0816,0.015,0.0274,0.4284,0.4191,0.40370000000000006,1226.0,13896.0,36774.0,15514.0,32638.0,1.0,116.0,5.0,0.0,0.0,1.0,0.0,1.0,1.0,1.0,1.0,-1.8274977945402289
2914.0,2.0,5.0,3.0,4.0,1.0,1274.0,0.686,0.2064,0.0377,0.011,0.0094,0.0,0.0212,0.026699999999999998,0.0016,0.044,0.45180000000000003,0.7306,0.359,,27360.0,27360.0,18706.0,39042.0,1.0,34.0,2.0,0.0,0.0,1.0,0.0,1.0,0.0,0.0,0.0,-0.668711035079073
2029.0,2.0,5.0,3.0,4.0,1.0,7892.0,0.7138,0.0898,0.0603,0.0348,0.0033,0.0009,0.0309,0.0286,0.0375,0.2126,0.1542,0.3534,0.2795,1342.0,48305.0,48305.0,34740.0,61055.0,1.0,83.0,8.0,1.0,1.0,1.0,1.0,1.0,1.0,1.0,1.0,-1.12695478595688
30780.0,3.0,3.0,1.0,1.0,1.0,70.0,0.3714,0.5857,0.0,0.0,0.0,0.0,0.0429,0.0,0.0,0.0,0.8438,0.9375,,,,,18986.0,24522.0,0.0,4.0,1.0,1.0,0.0,0.0,0.0,0.0,0.0,0.0,0.0,-1.1131724399994394
41448.0,3.0,8.0,1.0,1.0,1.0,119.0,0.6134,0.0084,0.2185,0.0168,0.0252,0.0084,0.1092,0.0,0.0,0.0,0.7765,0.7598,,,,,9719.0,16316.0,0.0,1.0,1.0,1.0,0.0,0.0,0.0,0.0,0.0,0.0,0.0,-1.6418762118580612
30837.0,3.0,6.0,1.0,2.0,4.0,3277.0,0.5245630759841318,0.11169792493133965,0.12755770521818738,0.015570979554470551,0.002130180042722002,0.0018349404943545926,0.016757003356728712,0.0015094598718339946,0.1983452548062252,0.4293359169972536,0.578927097955447,0.8543389685688129,,,,,22000.21137586472,25261.82782475019,0.0,2.0,3.0,1.0,1.0,1.0,0.0,0.0,0.0,0.0,0.0,-0.9337652320652787
3157.0,1.0,6.0,3.0,4.0,1.0,2050.0,0.0634,0.8654,0.0132,0.0,0.0151,0.0,0.0,0.0024,0.0405,0.0976,0.7267,0.7586,,,4603.0,11589.0,6379.0,12070.0,1.0,38.0,5.0,0.0,1.0,1.0,0.0,1.0,1.0,1.0,0.0,-0.24628900143684218
30987.0,3.0,8.0,1.0,1.0,2.0,412.0,0.15052184466019417,0.08733834951456311,0.7184121359223302,0.012163106796116504,0.007247087378640777,0.002442233009708738,0.002442233009708738,0.007301456310679611,0.012131553398058255,0.0,0.669981067961165,0.6240616504854369,,,,,18055.281553398057,21775.334951456312,0.0,6.0,1.0,1.0,0.0,0.0,0.0,0.0,0.0,0.0,0.0,-1.3426050966594758
3116.0,2.0,3.0,2.0,4.0,1.0,1329.0,0.8352,0.0579,0.0098,0.0015,0.0023,0.0008000000000000001,0.0023,0.0113,0.079,0.1753,0.6188,0.6668,,,21930.0,21930.0,29099.0,32760.0,1.0,79.0,5.0,1.0,1.0,1.0,1.0,1.0,0.0,0.0,0.0,-0.848777650269758
3455.0,2.0,5.0,3.0,3.0,1.0,468.0,0.0,0.9808,0.0021,0.0,0.0,0.0,0.0,0.0128,0.0043,0.0342,0.8857,0.8914,0.5004,,10780.0,10780.0,15235.0,24486.0,1.0,14.0,1.0,0.0,0.0,1.0,0.0,0.0,0.0,0.0,0.0,-0.2803236045371705
1097.0,2.0,5.0,3.0,4.0,2.0,4485.0,0.8299,0.0397,0.0308,0.008,0.0071,0.0002,0.0161,0.064,0.0042,0.0713,0.2663,0.5526,0.9912000000000001,1131.0,17040.0,17040.0,16425.0,26364.0,1.0,74.0,4.0,0.0,0.0,1.0,0.0,1.0,1.0,1.0,0.0,-0.6908048167249767
41539.0,2.0,8.0,3.0,3.0,1.0,91.0,0.6374,0.022,0.2088,0.033,0.0,0.011,0.011,0.0769,0.0,0.022,0.4706,0.7058999999999999,0.4455,,25680.0,25680.0,19507.0,37961.0,1.0,7.0,1.0,0.0,0.0,1.0,0.0,0.0,0.0,0.0,0.0,-0.6154882959877164
3800.0,1.0,8.0,3.0,4.0,4.0,23585.0,0.6499,0.034,0.1192,0.0524,0.0061,0.0038,0.0746,0.0433,0.0166,0.1193,0.3379,0.48700000000000004,0.8208,1030.0,12428.0,25510.0,16864.0,26543.0,1.0,145.0,7.0,1.0,0.0,1.0,1.0,1.0,1.0,1.0,1.0,-1.2623142787574069
12872.0,3.0,8.0,1.0,1.0,4.0,999.0,0.07107747747747747,0.05505305305305306,0.518498998998999,0.024983983983983986,0.0,0.008004004004004004,0.0,0.0,0.32235565565565566,0.0,0.9238574574574573,0.9404152152152151,1.0,,,,21229.04104104104,25356.02202202202,0.0,6.0,1.0,1.0,0.0,0.0,0.0,0.0,0.0,0.0,0.0,-1.4344828405539622
1100.0,2.0,5.0,3.0,4.0,1.0,1742.0,0.7618,0.0253,0.0591,0.0121,0.0178,0.0,0.0339,0.059699999999999996,0.0304,0.1016,0.3053,0.5067,0.6977999999999999,,23588.0,23588.0,19034.0,34776.0,1.0,41.0,4.0,0.0,1.0,1.0,0.0,1.0,0.0,0.0,1.0,-0.9309034442420006
7729.0,1.0,2.0,2.0,2.0,1.0,7250.0,0.58,0.0502,0.1921,0.0516,0.0032000000000000006,0.0017,0.0145,0.0251,0.0817,0.4495,0.23420000000000002,0.1576,,,4330.0,10870.0,7219.0,11279.0,1.0,41.0,2.0,1.0,1.0,0.0,0.0,0.0,0.0,0.0,0.0,-1.7196466564167474
23120.0,1.0,2.0,1.0,1.0,1.0,90.0,0.3667,0.2778,0.2889,0.0667,0.0,0.0,0.0,0.0,0.0,0.0,0.6132,0.6981,,,,,15517.0,21901.0,0.0,5.0,1.0,1.0,0.0,0.0,0.0,0.0,0.0,0.0,0.0,-2.6236357314291556
2855.0,1.0,2.0,2.0,3.0,1.0,3140.0,0.6806,0.1392,0.0901,0.010200000000000002,0.015299999999999998,0.0013,0.0175,0.015000000000000001,0.0309,0.11050000000000001,0.5629,0.7281,0.8067,,7519.0,11689.0,12149.0,19541.0,1.0,44.0,3.0,1.0,1.0,1.0,0.0,0.0,0.0,0.0,0.0,-0.8725478089262363
6214.0,2.0,3.0,3.0,4.0,3.0,258.0,0.922501550387597,0.031018604651162792,0.011585271317829457,0.023285271317829457,0.011609302325581395,0.0,0.0,0.0,0.0,0.15890232558139536,0.27400620155038763,0.5231930232558138,,,,,,,,3.0,4.0,1.0,1.0,1.0,0.0,1.0,0.0,0.0,0.0,-1.717671220745698
1696.0,2.0,3.0,3.0,3.0,1.0,1883.0,0.7094999999999999,0.0457,0.068,0.0435,0.0027,0.0005,0.0228,0.0781,0.0292,0.0031999999999999997,0.1911,0.6162,0.6043,1249.0,40844.0,40844.0,24774.0,50324.0,1.0,39.0,1.0,0.0,0.0,1.0,0.0,0.0,0.0,0.0,0.0,-0.9650244570611669
2910.0,2.0,5.0,3.0,3.0,1.0,1545.0,0.4064999999999999,0.2524,0.0142,0.0097,0.0025999999999999994,0.0,0.0032,0.013600000000000001,0.2977,0.0634,0.5086,0.7485,0.6922999999999999,1000.0,18500.0,18500.0,22625.0,31278.0,1.0,19.0,1.0,0.0,0.0,1.0,0.0,0.0,0.0,0.0,0.0,-0.6117911108038792
3367.0,2.0,2.0,3.0,4.0,1.0,5378.0,0.7973,0.0655,0.056,0.0253,0.0009000000000000001,0.0004,0.0186,0.0173,0.0188,0.1328,0.1318,0.4941,0.8464999999999999,,40580.0,40580.0,32823.0,54432.0,1.0,65.0,6.0,0.0,1.0,1.0,1.0,1.0,1.0,0.0,1.0,-1.2258609140839174
4920.0,1.0,5.0,1.0,2.0,1.0,14201.0,0.5628,0.3229,0.0461,0.0168,0.006700000000000001,0.0031,0.0242,0.0,0.0175,0.5039,0.528,0.467,,,3942.0,7434.0,8477.0,13943.0,1.0,56.0,2.0,1.0,1.0,0.0,0.0,0.0,0.0,0.0,0.0,-1.07704434634872
1428.0,1.0,2.0,3.0,4.0,1.0,3654.0,0.1125,0.7455,0.0569,0.0079,0.003,0.0014,0.0413,0.023299999999999998,0.0082,0.0698,0.4846,0.7084,0.4374,894.0,7336.0,15692.0,15655.0,20587.0,1.0,65.0,3.0,0.0,0.0,1.0,0.0,1.0,1.0,0.0,0.0,-0.6399695207774592
7171.0,1.0,3.0,2.0,2.0,1.0,1431.0,0.9078000000000002,0.0112,0.0175,0.0049,0.0133,0.0014,0.0119,0.0007,0.0314,0.6254,0.5745,0.2958,,,3445.0,7225.0,6087.0,11174.0,1.0,23.0,2.0,1.0,1.0,0.0,0.0,0.0,0.0,0.0,0.0,-1.008723472493372
3510.0,1.0,5.0,3.0,4.0,1.0,19928.0,0.6596,0.207,0.0433,0.025799999999999997,0.0032,0.0011,0.0303,0.0211,0.0088,0.1685,0.4472999999999999,0.5668,0.7206,1032.0,7876.0,24124.0,11174.0,19251.0,1.0,77.0,5.0,1.0,0.0,1.0,0.0,1.0,1.0,0.0,1.0,-0.886676528097974
21702.0,1.0,2.0,1.0,1.0,1.0,141.0,0.4823,0.2979,0.1064,0.0071,0.0,0.0,0.0426,0.0496,0.0142,0.0,0.716,0.8107,,,,,16899.0,21571.0,0.0,1.0,1.0,1.0,0.0,0.0,0.0,0.0,0.0,0.0,0.0,-1.614331183987334
2889.0,2.0,2.0,3.0,3.0,1.0,2204.0,0.745,0.0381,0.0662,0.0617,0.0005,0.0005,0.0209,0.0672,0.0,0.0009,0.1558,0.5757,0.4112,,48384.0,48384.0,31498.0,60042.0,1.0,36.0,1.0,0.0,0.0,1.0,0.0,0.0,0.0,0.0,0.0,-1.2519112253318543
3290.0,1.0,2.0,3.0,4.0,1.0,1576.0,0.014,0.8103,0.015200000000000002,0.0,0.0025,0.0,0.014,0.04,0.1041,0.09840000000000002,0.6275,0.8836000000000002,0.2716,862.0,10232.0,15618.0,15146.0,23239.0,1.0,41.0,2.0,0.0,0.0,1.0,0.0,1.0,0.0,0.0,0.0,-0.4239828568569402
41394.0,3.0,4.0,1.0,1.0,1.0,52.0,0.9423,0.0,0.03849999999999999,0.0,0.0,0.0,0.0192,0.0,0.0,0.0,0.375,0.4125,,,,,13834.0,16323.0,0.0,1.0,1.0,1.0,0.0,0.0,0.0,0.0,0.0,0.0,0.0,-0.9922640556720138
1493.0,1.0,5.0,2.0,3.0,1.0,14368.0,0.5561,0.1789,0.1819,0.0152,0.0028000000000000004,0.002,0.019000000000000003,0.0133,0.0308,0.6374999999999998,0.4024,0.1227,,,2764.0,10201.0,2535.0,6564.0,1.0,64.0,4.0,1.0,1.0,1.0,1.0,0.0,0.0,0.0,0.0,-1.5635290476508485
3563.0,1.0,6.0,2.0,2.0,1.0,10439.0,0.273,0.0286,0.6342,0.0182,0.0028,0.0018,0.0312,0.0015,0.0086,0.7288,0.3496,0.1059,,,2546.0,4808.0,4884.0,10369.0,1.0,63.0,2.0,1.0,1.0,0.0,0.0,0.0,0.0,0.0,0.0,-1.9499539100739245
2486.0,1.0,4.0,2.0,2.0,1.0,3778.0,0.9029000000000001,0.0304,0.0095,0.0032,0.0056,0.0005,0.0,0.0011,0.0469,0.2679,0.4097,0.1941,,,3110.0,5240.0,8801.0,13289.0,1.0,37.0,2.0,1.0,1.0,0.0,0.0,0.0,0.0,0.0,0.0,-1.2139797106649612
34835.0,1.0,8.0,2.0,2.0,1.0,2093.0,0.571,0.0177,0.0936,0.0764,0.0043,0.0019,0.0827,0.061599999999999995,0.0908,0.408,0.1556,0.0925,,,3793.0,8982.0,10935.0,14706.0,1.0,13.0,3.0,1.0,1.0,1.0,0.0,0.0,0.0,0.0,0.0,-2.1401585328629595
3284.0,2.0,2.0,3.0,3.0,1.0,2471.0,0.6819,0.0478,0.0664,0.031199999999999995,0.0012,0.0004,0.0214,0.0793,0.0704,0.0101,0.1054,0.3717,0.2975,1300.0,46385.0,46385.0,30759.0,59750.0,1.0,32.0,1.0,0.0,0.0,1.0,0.0,0.0,0.0,0.0,0.0,-1.742766159425946
1991.0,1.0,5.0,1.0,2.0,1.0,5558.0,0.8273000000000001,0.0817,0.0394,0.0103,0.0043,0.0027,0.028800000000000003,0.0004000000000000001,0.0052,0.5014,0.5017,0.3786,,,3624.0,12456.0,5910.0,10625.0,1.0,32.0,2.0,1.0,1.0,0.0,0.0,0.0,0.0,0.0,0.0,-1.384166200898189
41512.0,3.0,2.0,1.0,1.0,1.0,143.0,0.6993,0.0909,0.0769,0.021,0.021,0.0,0.0629,0.0,0.028000000000000004,0.4965,0.3609,0.3826,,,,,15730.0,18975.0,0.0,1.0,1.0,1.0,0.0,0.0,0.0,0.0,0.0,0.0,0.0,-1.4298601011525165
1681.0,1.0,3.0,2.0,2.0,1.0,1456.0,0.7946,0.09,0.0316,0.0082,0.0165,0.0013999999999999998,0.0323,0.0,0.0254,0.3819,0.4372,0.1664,,,3231.0,5151.0,6066.0,10500.0,1.0,31.0,2.0,1.0,1.0,0.0,0.0,0.0,0.0,0.0,0.0,-1.5526296383972702
9741.0,1.0,6.0,3.0,4.0,1.0,14300.0,0.388,0.0636,0.17790000000000003,0.2757,0.002,0.002,0.0409,0.0353,0.014699999999999998,0.1867,0.3553,0.5309,0.6194,1259.0,10864.0,26894.0,12050.0,22713.0,1.0,54.0,5.0,0.0,0.0,1.0,0.0,1.0,1.0,1.0,1.0,-1.3324686230358822
40053.0,3.0,8.0,3.0,4.0,1.0,246.0,0.1179,0.248,0.2033,0.0935,0.0081,0.0447,0.0528,0.0,0.2317,0.0,0.5562,0.7022,,,10140.0,10140.0,11126.0,16676.0,1.0,10.0,5.0,1.0,0.0,1.0,1.0,1.0,0.0,0.0,1.0,-1.6700162275924013
30514.0,1.0,3.0,1.0,1.0,1.0,167.0,0.9041999999999999,0.0479,0.0359,0.006,0.0,0.0,0.0,0.0,0.006,0.3593,0.4098,0.4832,,,,,12005.0,16119.0,0.0,13.0,2.0,1.0,1.0,0.0,0.0,0.0,0.0,0.0,0.0,-1.7609681717195995
21383.0,2.0,8.0,3.0,4.0,1.0,194.0,0.3093,0.0258,0.232,0.2732,0.0,0.0103,0.0773,0.0258,0.0464,0.0258,0.5052,0.6822999999999999,,,,,,,,4.0,3.0,0.0,0.0,1.0,0.0,1.0,1.0,0.0,0.0,-1.4006661994744973
2829.0,2.0,2.0,3.0,4.0,1.0,2282.0,0.7918,0.0329,0.0443,0.0184,0.0026,0.0009,0.0241,0.0828,0.0022,0.0009,0.1823,0.5539,0.4764,,47696.0,47696.0,27154.0,59550.0,1.0,36.0,3.0,0.0,0.0,1.0,0.0,1.0,0.0,0.0,1.0,-0.9126991045103525
8404.0,1.0,2.0,2.0,2.0,1.0,12077.0,0.6589,0.111,0.141,0.0319,0.0041,0.0023,0.0103,0.0079,0.0325,0.43799999999999994,0.2903,0.1513,,,3534.0,6984.0,6471.0,11072.0,1.0,40.0,2.0,1.0,1.0,0.0,0.0,0.0,0.0,0.0,0.0,-1.3078597347902081
4926.0,1.0,5.0,2.0,2.0,1.0,5581.0,0.8094,0.1055,0.0369,0.0104,0.0025,0.0007,0.0265,0.0,0.0081,0.3659,0.42960000000000004,0.19319999999999998,,,3852.0,8568.0,9356.0,16621.0,1.0,33.0,2.0,1.0,1.0,0.0,0.0,0.0,0.0,0.0,0.0,-1.4941766943212262
3223.0,1.0,8.0,3.0,4.0,1.0,20252.0,0.6191,0.0202,0.0897,0.0535,0.0054,0.0042,0.0628,0.1347,0.0103,0.0789,0.2539,0.393,0.749,1116.0,9918.0,30888.0,15487.0,23055.0,1.0,79.0,5.0,0.0,0.0,1.0,0.0,1.0,1.0,1.0,1.0,-1.1135130498234835
3774.0,1.0,8.0,2.0,3.0,1.0,5218.0,0.5631,0.0123,0.3294,0.0194,0.0077,0.0017,0.0324,0.0015,0.0326,0.3739,0.3179,0.1094,,,4450.0,6841.0,7395.0,13494.0,1.0,32.0,3.0,1.0,1.0,1.0,0.0,0.0,0.0,0.0,0.0,-1.1467310844254233
7473.0,1.0,3.0,1.0,1.0,1.0,160.0,0.6063,0.3625,0.0313,0.0,0.0,0.0,0.0,0.0,0.0,0.325,0.6364,0.6948,,,8200.0,8200.0,16668.0,19995.0,1.0,9.0,1.0,1.0,0.0,0.0,0.0,0.0,0.0,0.0,0.0,-1.8406650668502298
1704.0,2.0,3.0,3.0,3.0,1.0,1376.0,0.5262,0.0792,0.1272,0.055200000000000006,0.0022,0.0,0.04,0.1294,0.0407,0.008,0.2907,0.6201,0.6824,,40497.0,40497.0,21001.0,49190.0,1.0,32.0,1.0,0.0,0.0,1.0,0.0,0.0,0.0,0.0,0.0,-0.7082182248703106
1571.0,1.0,5.0,2.0,2.0,1.0,6623.0,0.3979,0.4469,0.0581,0.0162,0.0131,0.0,0.0021,0.0024,0.0633,0.3337,0.6202,0.7483,,,5734.0,5734.0,8473.0,11747.0,1.0,24.0,1.0,0.0,1.0,0.0,0.0,0.0,0.0,0.0,0.0,-1.5226791762320155
3627.0,1.0,6.0,2.0,2.0,1.0,5013.0,0.5272,0.1899,0.2348,0.0211,0.0074,0.0036000000000000003,0.0,0.0012,0.0148,0.6585,0.5002,0.43989999999999996,,,2160.0,5664.0,5373.0,10670.0,1.0,40.0,2.0,1.0,1.0,0.0,0.0,0.0,0.0,0.0,0.0,-1.1048106824126676
3839.0,2.0,3.0,3.0,4.0,1.0,2835.0,0.7464,0.0533,0.0427,0.0113,0.0042,0.0025,0.025,0.0,0.1146,0.0843,0.278,0.8106,0.7165,1104.0,36570.0,36570.0,29377.0,47276.0,1.0,49.0,4.0,1.0,0.0,1.0,1.0,1.0,0.0,0.0,0.0,-0.7840771518717091
41384.0,3.0,3.0,1.0,1.0,1.0,67.0,0.8358,0.1045,0.0,0.0149,0.0,0.0,0.0448,0.0,0.0,0.3582,0.6105,0.6,,,,,16054.0,19297.0,0.0,1.0,1.0,1.0,0.0,0.0,0.0,0.0,0.0,0.0,0.0,-1.222464906806446
3196.0,1.0,8.0,2.0,2.0,1.0,8370.0,0.6924,0.0208,0.0961,0.0174,0.0171,0.0066,0.0466,0.0104,0.0927,0.5422,0.5606,0.6614,,,3988.0,9064.0,8248.0,13097.0,1.0,90.0,2.0,1.0,1.0,0.0,0.0,0.0,0.0,0.0,0.0,-0.9475693312263659
36543.0,3.0,5.0,1.0,2.0,1.0,203.0,0.6502,0.22169999999999998,0.069,0.0,0.0049,0.0,0.0148,0.0,0.0394,0.2463,0.391,0.3974,,,,,19370.0,22605.0,0.0,9.0,2.0,1.0,1.0,0.0,0.0,0.0,0.0,0.0,0.0,-1.267725302342542
31019.0,2.0,5.0,3.0,4.0,1.0,352.0,0.6278,0.2244,0.0881,0.017,0.0114,0.0028,0.0085,0.0,0.0199,0.179,0.594,0.8054000000000001,0.6368,899.0,10110.0,10110.0,11703.0,17757.0,1.0,17.0,3.0,0.0,1.0,1.0,0.0,1.0,0.0,0.0,0.0,-0.42990624326731
21585.0,3.0,3.0,1.0,2.0,4.0,954.0,0.6048129979035639,0.28826100628930823,0.08594213836477987,0.004192452830188679,0.0021081761006289308,0.0,0.005222222222222223,0.0,0.009461006289308176,0.3322857442348008,0.7874761006289308,0.8651566037735848,,,8500.0,8500.0,14818.452830188678,20775.94663573086,1.0,12.0,2.0,1.0,1.0,0.0,0.0,0.0,0.0,0.0,0.0,-0.8950947373853991
22050.0,3.0,5.0,1.0,1.0,1.0,224.0,0.6339,0.3393,0.0045,0.0134,0.0,0.0,0.0089,0.0,0.0,0.1518,0.624,0.8,,,,,12888.0,15642.0,0.0,3.0,1.0,1.0,0.0,0.0,0.0,0.0,0.0,0.0,0.0,-0.7135780269796392
12092.0,3.0,5.0,1.0,1.0,2.0,297.0,0.6936070707070706,0.2693387205387205,0.02692087542087542,0.003377104377104377,0.0067134680134680125,0.0,0.0,0.0,0.0,0.29967845117845116,0.7576121212121213,0.6200367003367004,,,,,12836.757575757576,17333.131313131315,0.0,1.0,1.0,1.0,0.0,0.0,0.0,0.0,0.0,0.0,0.0,-1.2980764514721541
7993.0,1.0,8.0,3.0,4.0,1.0,7523.0,0.1836,0.0638,0.5185,0.0678,0.006,0.0007,0.028,0.0311,0.1005,0.0989,0.626,0.4069,0.706,,6792.0,17952.0,6297.0,15975.0,1.0,46.0,3.0,0.0,0.0,1.0,0.0,1.0,0.0,0.0,1.0,-1.2682872792826987
6789.0,1.0,2.0,2.0,2.0,1.0,1462.0,0.7695,0.08960000000000001,0.0821,0.0171,0.0027,0.0021,0.0328,0.0014000000000000002,0.0027,0.42,0.4089,0.2587,,,4410.0,8490.0,6122.0,11034.0,1.0,19.0,2.0,1.0,1.0,0.0,0.0,0.0,0.0,0.0,0.0,-1.309255816980482
3225.0,2.0,8.0,3.0,4.0,1.0,1215.0,0.5489428806584362,0.11111604938271605,0.11190222222222224,0.035402469135802465,0.008229053497942387,0.0156441975308642,0.02550732510288066,0.006575720164609054,0.13662543209876543,0.02467028806584362,0.5353634567901234,0.7762753909465021,0.5274,,15108.230452674898,15108.230452674898,20526.172016460907,27282.225514403293,1.0,32.0,3.0,0.0,1.0,1.0,0.0,1.0,0.0,0.0,0.0,-0.7921595895575928
7570.0,1.0,7.0,2.0,2.0,1.0,1065.0,0.8563,0.0094,0.0207,0.0103,0.0432,0.0,0.0122,0.0,0.0479,0.3793,0.4832000000000001,0.4909,,,3061.0,8357.0,11956.0,14646.0,1.0,19.0,2.0,1.0,1.0,0.0,0.0,0.0,0.0,0.0,0.0,-1.0275105912114366
30913.0,2.0,5.0,3.0,4.0,1.0,2273.0,0.6124,0.22,0.0717,0.0185,0.0062,0.0018000000000000002,0.0365,0.0062,0.0268,0.3608,0.49,0.7554,0.7982,1066.0,16478.0,16478.0,16797.0,27182.0,1.0,46.0,6.0,0.0,1.0,1.0,0.0,1.0,1.0,1.0,1.0,-0.5953843337314058
41702.0,3.0,7.0,1.0,1.0,1.0,241.0,0.6805,0.0996,0.1577,0.0041,0.0041,0.0,0.0539,0.0,0.0,0.2407,0.5913,0.5681,,,,,15810.0,18842.0,0.0,1.0,1.0,1.0,0.0,0.0,0.0,0.0,0.0,0.0,0.0,-1.2838931018027508
37833.0,3.0,5.0,1.0,1.0,1.0,82.0,0.6585,0.3415,0.0,0.0,0.0,0.0,0.0,0.0,0.0,0.0,0.7422,0.7422,,,,,19668.0,24735.0,0.0,3.0,1.0,1.0,0.0,0.0,0.0,0.0,0.0,0.0,0.0,-0.9927417229066916
38144.0,2.0,8.0,3.0,3.0,1.0,411.0,0.1922,0.0487,0.0949,0.1898,0.0097,0.0024,0.0195,0.3771,0.0657,0.0,0.2864,0.3519,0.4346,1223.0,30214.0,30214.0,12208.0,42076.0,1.0,2.0,2.0,0.0,0.0,1.0,0.0,1.0,0.0,0.0,0.0,-1.2571713113966454
8880.0,2.0,3.0,2.0,2.0,1.0,85.0,0.8941000000000001,0.011799999999999998,0.058800000000000005,0.011799999999999998,0.011799999999999998,0.0,0.011799999999999998,0.0,0.0,0.0,0.4946999999999999,0.7158,,,15590.0,15590.0,20064.0,22909.0,1.0,2.0,2.0,0.0,1.0,1.0,0.0,0.0,0.0,0.0,0.0,-1.6672507417271685
21921.0,1.0,3.0,1.0,1.0,1.0,370.0,0.8405,0.11350000000000002,0.0243,0.0054,0.0054,0.0027,0.0081,0.0,0.0,0.0,0.46199999999999997,0.36549999999999994,0.821,,,,23188.0,24248.0,0.0,10.0,1.0,1.0,0.0,0.0,0.0,0.0,0.0,0.0,0.0,-2.181130927353744
3761.0,1.0,5.0,1.0,2.0,1.0,2084.0,0.8493,0.096,0.0307,0.0043,0.0034,0.0005,0.0139,0.001,0.001,0.4842,0.3723,0.0585,,,4170.0,10008.0,2285.0,6922.0,1.0,30.0,2.0,1.0,1.0,0.0,0.0,0.0,0.0,0.0,0.0,-1.520329793361767
35773.0,3.0,8.0,1.0,1.0,1.0,36.0,0.5,0.0,0.47220000000000006,0.0278,0.0,0.0,0.0,0.0,0.0,0.0,0.6,0.6,,,,,12634.0,15315.0,0.0,1.0,1.0,1.0,0.0,0.0,0.0,0.0,0.0,0.0,0.0,-1.2086044114524312
2269.0,2.0,3.0,3.0,3.0,1.0,160.0,0.6438,0.225,0.0,0.0125,0.0,0.0,0.025,0.0188,0.075,0.21879999999999997,0.7216,0.768,,,14890.0,14890.0,18515.0,25648.0,1.0,13.0,2.0,0.0,1.0,1.0,0.0,0.0,0.0,0.0,0.0,-0.5029561978436536
6656.0,1.0,3.0,2.0,2.0,1.0,20964.0,0.5666,0.0889,0.1861,0.0966,0.002,0.0027,0.0245,0.0091,0.0236,0.5736,0.23979999999999999,0.2961,,,5371.0,13081.0,7130.0,12839.0,1.0,66.0,2.0,1.0,1.0,0.0,0.0,0.0,0.0,0.0,0.0,-1.5054426720699408
4927.0,1.0,5.0,2.0,2.0,1.0,294.0,0.3469,0.2789,0.0204,0.0034,0.0,0.0,0.034,0.0,0.3163,0.23470000000000002,0.4401,0.4318,0.7116,774.0,6686.0,16130.0,10155.0,16896.0,1.0,1.0,2.0,0.0,1.0,1.0,0.0,0.0,0.0,0.0,0.0,-1.1195728905291713
26127.0,3.0,5.0,1.0,1.0,1.0,74.0,0.7297,0.0811,0.1622,0.0,0.0135,0.0,0.0,0.0,0.0135,0.1486,0.76,0.8800000000000001,,,,,14187.0,18889.0,0.0,2.0,1.0,1.0,0.0,0.0,0.0,0.0,0.0,0.0,0.0,-0.7856396565596745
9647.0,1.0,6.0,2.0,3.0,1.0,6192.0,0.5491,0.155,0.098,0.0257,0.0394,0.0,0.09009999999999999,0.0,0.0426,0.6518,0.4038999999999999,0.3463,,,2859.0,7719.0,6083.0,10728.0,1.0,41.0,3.0,1.0,1.0,1.0,0.0,0.0,0.0,0.0,0.0,-1.0642750704156854
37974.0,3.0,8.0,1.0,1.0,1.0,585.0,0.2034,0.1385,0.5641,0.0462,0.0034,0.0171,0.0137,0.0,0.0137,0.0,0.7112,0.8545,,,,,23705.0,26802.0,0.0,4.0,1.0,1.0,0.0,0.0,0.0,0.0,0.0,0.0,0.0,-0.8751679402392842
12452.0,1.0,8.0,2.0,2.0,1.0,7325.0,0.0796,0.0296,0.4057,0.3825,0.0042,0.0051,0.0269,0.0049,0.061399999999999996,0.6602,0.3182,0.0153,,,1326.0,7010.0,10056.0,16468.0,1.0,37.0,2.0,1.0,1.0,0.0,0.0,0.0,0.0,0.0,0.0,-1.3900885008068178
33613.0,3.0,5.0,1.0,1.0,1.0,124.0,0.371,0.5887,0.0242,0.0081,0.0,0.0,0.0081,0.0,0.0,0.3468,0.4606,0.489,,,,,18358.0,21718.0,0.0,3.0,1.0,1.0,0.0,0.0,0.0,0.0,0.0,0.0,0.0,-1.3063200692778043
3580.0,1.0,6.0,2.0,2.0,1.0,5768.0,0.5822,0.2077,0.1527,0.009,0.006200000000000001,0.0009000000000000001,0.0251,0.0068000000000000005,0.0094,0.5517,0.3544,0.2277,,,1392.0,4248.0,4715.0,10051.0,1.0,59.0,2.0,1.0,1.0,0.0,0.0,0.0,0.0,0.0,0.0,-0.9310802709348266
1181.0,1.0,8.0,1.0,2.0,1.0,7981.0,0.3016,0.0342,0.2966,0.2399,0.0014,0.02,0.0514,0.0363,0.0185,0.7261,0.1466,0.0089,,,1418.0,6206.0,2177.0,8377.0,1.0,61.0,2.0,1.0,1.0,0.0,0.0,0.0,0.0,0.0,0.0,-1.3046568699222443
4075.0,1.0,4.0,2.0,2.0,1.0,4062.0,0.7378,0.0881,0.0923,0.0172,0.0054,0.0017,0.0271,0.0066,0.0236,0.5209,0.4188,0.3395,,,4384.0,6528.0,9400.0,13164.0,1.0,38.0,2.0,1.0,1.0,0.0,0.0,0.0,0.0,0.0,0.0,-1.1204307713208832
21252.0,2.0,2.0,1.0,1.0,1.0,42.0,0.9523999999999999,0.0238,0.0,0.0,0.0238,0.0,0.0,0.0,0.0,0.0,0.45450000000000007,0.4727,,,,,,,,1.0,1.0,1.0,0.0,0.0,0.0,0.0,0.0,0.0,0.0,-1.797023368347596
7738.0,1.0,5.0,1.0,2.0,1.0,732.0,0.6093,0.3443,0.0164,0.0027,0.0027,0.0,0.0164,0.0014,0.0068,0.2842,0.196,0.1416,,,4677.0,6117.0,8112.0,15573.0,1.0,34.0,2.0,1.0,1.0,0.0,0.0,0.0,0.0,0.0,0.0,-1.8021497472946544
1253.0,2.0,8.0,3.0,4.0,1.0,2605.0,0.3681,0.054099999999999995,0.4184,0.0388,0.0104,0.0069,0.02,0.02,0.0633,0.1459,0.5617,0.6761,0.6662,1010.0,26638.0,26638.0,18920.0,35508.0,1.0,73.0,5.0,0.0,1.0,1.0,1.0,1.0,0.0,0.0,1.0,-0.9339511972107792
1924.0,1.0,4.0,1.0,2.0,1.0,620.0,0.6484,0.2048,0.0435,0.0,0.0097,0.006500000000000001,0.0484,0.0371,0.0016,0.1597,0.3404,0.1387,,,3088.0,4656.0,4372.0,9937.0,1.0,38.0,2.0,1.0,1.0,0.0,0.0,0.0,0.0,0.0,0.0,-1.742916155649489
3558.0,1.0,6.0,2.0,2.0,1.0,9873.0,0.6342,0.0935,0.1965,0.0211,0.0063,0.0018,0.03,0.0126,0.0042,0.6484,0.2249,0.1826,,,1440.0,3816.0,5723.0,9373.0,1.0,18.0,2.0,1.0,1.0,0.0,0.0,0.0,0.0,0.0,0.0,-1.4041124497150452
7730.0,1.0,2.0,2.0,2.0,1.0,8668.0,0.5606,0.2048,0.1006,0.0346,0.0023,0.0022,0.0295,0.0156,0.0498,0.4608,0.3057,0.1316,,,3885.0,6315.0,7643.0,11817.0,1.0,37.0,2.0,1.0,1.0,0.0,0.0,0.0,0.0,0.0,0.0,-1.4496044494713438
2949.0,2.0,5.0,3.0,3.0,1.0,3258.0,0.4862,0.32539999999999997,0.0565,0.011400000000000002,0.004,0.0034,0.0003,0.0292,0.0838,0.5798,0.5281,0.7425,0.4685,902.0,17800.0,17800.0,13331.0,26982.0,1.0,32.0,4.0,1.0,1.0,1.0,0.0,1.0,0.0,0.0,0.0,-0.549552882950705
2908.0,2.0,5.0,3.0,4.0,1.0,998.0,0.5842,0.2305,0.0551,0.012,0.009,0.0,0.0281,0.0301,0.0511,0.1082,0.4664,0.7843,0.3846,962.0,26664.0,26664.0,20282.0,38209.0,1.0,28.0,2.0,0.0,0.0,1.0,0.0,1.0,0.0,0.0,0.0,-0.6160323230578388
41577.0,3.0,3.0,1.0,1.0,1.0,74.0,0.8514,0.0946,0.027,0.0135,0.0,0.0,0.0135,0.0,0.0,0.0,0.7209,0.845,,,,,10066.0,14841.0,0.0,2.0,1.0,1.0,0.0,0.0,0.0,0.0,0.0,0.0,0.0,-1.3005631856655913
2916.0,2.0,5.0,3.0,3.0,1.0,1478.0,0.182,0.7077000000000001,0.0345,0.002,0.0054,0.0,0.0318,0.0189,0.0176,0.0474,0.6892,0.8648000000000001,0.5981,773.0,22900.0,22900.0,15353.0,31573.0,1.0,26.0,3.0,0.0,1.0,1.0,0.0,1.0,0.0,0.0,0.0,-0.26428477872353345
41549.0,3.0,2.0,1.0,1.0,2.0,291.0,0.0103,0.7491,0.2371,0.0034,0.0,0.0,0.0,0.0,0.0,0.0,1.0,0.9091000000000001,,,15100.0,15100.0,23371.0,27442.0,1.0,3.0,1.0,1.0,0.0,0.0,0.0,0.0,0.0,0.0,0.0,-1.3635010316707254
2276.0,1.0,3.0,2.0,2.0,1.0,4764.0,0.7252,0.1383,0.0468,0.0193,0.0063,0.0002,0.0426,0.0027,0.0185,0.6591,0.3696,0.5115,,,3395.0,7347.0,5186.0,9815.0,1.0,45.0,2.0,1.0,1.0,0.0,0.0,0.0,0.0,0.0,0.0,-0.8129934457707678
2843.0,1.0,2.0,3.0,4.0,1.0,6311.0,0.7368,0.0493,0.1068,0.0124,0.0019,0.001,0.02,0.0062,0.0658,0.0171,0.2805,0.6642,0.48960000000000004,,7719.0,17369.0,18661.0,22480.0,1.0,51.0,3.0,0.0,0.0,1.0,0.0,1.0,0.0,0.0,1.0,-1.030217245090956
3675.0,1.0,7.0,3.0,4.0,1.0,22804.0,0.7051,0.0136,0.1011,0.0545,0.005,0.0060999999999999995,0.0368,0.0634,0.0146,0.2584,0.3092,0.3394,0.8142,1131.0,7835.0,25057.0,13874.0,18931.0,1.0,139.0,6.0,1.0,0.0,1.0,0.0,1.0,1.0,1.0,1.0,-1.2627877401123329
4844.0,1.0,5.0,2.0,2.0,1.0,19942.0,0.49939999999999996,0.2474,0.0837,0.0258,0.005,0.0012,0.0311,0.0757,0.0305,0.6283,0.4223,0.3508,,,2640.0,8784.0,9586.0,13639.0,1.0,55.0,3.0,1.0,1.0,1.0,0.0,0.0,0.0,0.0,0.0,-1.2472477878072579
1926.0,1.0,4.0,3.0,4.0,1.0,5842.0,0.8076,0.0421,0.0469,0.008,0.013699999999999999,0.0017,0.04900000000000001,0.0294,0.0015,0.0642,0.3943,0.5855,0.7919,1010.0,6230.0,16336.0,12395.0,15931.0,1.0,54.0,7.0,1.0,1.0,1.0,0.0,1.0,1.0,1.0,1.0,-0.9807304026414511
2751.0,2.0,2.0,3.0,4.0,6.0,8583.0,0.32613121286263547,0.2278538273331003,0.14431502970989166,0.11013593149248514,0.0022945473610625653,0.0009400559245019225,0.017949038797623208,0.05755875567983223,0.11277717581265292,0.12579419783292556,0.40824065012233485,0.5143016777350576,0.8486535701723532,950.0,34852.0,34852.0,24989.03130495955,44926.027084066125,1.0,109.0,7.0,1.0,1.0,1.0,0.0,1.0,1.0,1.0,1.0,-0.9332392209213757
3522.0,1.0,5.0,3.0,4.0,1.0,6968.0,0.1429,0.7166,0.012800000000000002,0.0096,0.0014,0.0,0.0283,0.0832,0.0052,0.1867,0.6469,0.7229,,,6930.0,19650.0,9770.0,17119.0,1.0,46.0,5.0,0.0,1.0,1.0,0.0,1.0,1.0,0.0,1.0,-0.4590643836516045
9475.0,3.0,3.0,1.0,1.0,1.0,39.0,0.8461999999999998,0.0,0.051300000000000005,0.0,0.0256,0.0,0.0,0.0,0.0769,0.0,0.68,0.62,,,,,9417.0,13903.0,0.0,1.0,1.0,1.0,0.0,0.0,0.0,0.0,0.0,0.0,0.0,-0.8029775045987996
1052.0,1.0,5.0,3.0,4.0,1.0,11383.0,0.5922,0.26,0.0283,0.0518,0.0022,0.0007,0.0368,0.0179,0.01,0.2607,0.346,0.5214,0.8568999999999999,1107.0,7510.0,17062.0,14789.0,20621.0,1.0,82.0,6.0,1.0,0.0,1.0,0.0,1.0,1.0,1.0,1.0,-0.8936323716586446
3423.0,1.0,5.0,3.0,4.0,1.0,2688.0,0.7697,0.0804,0.0662,0.024600000000000004,0.0119,0.0026,0.0316,0.0104,0.0026,0.058399999999999994,0.24419999999999997,0.5239,0.7554,1073.0,11098.0,30706.0,17685.0,25442.0,1.0,31.0,3.0,0.0,0.0,1.0,0.0,1.0,0.0,0.0,1.0,-1.2287625292128816
3961.0,1.0,3.0,1.0,2.0,1.0,11636.0,0.5768,0.0419,0.2076,0.1008,0.0013,0.003,0.029799999999999997,0.0,0.0387,0.5889,0.2273,0.0837,,,3096.0,11076.0,8290.0,12310.0,1.0,56.0,2.0,1.0,1.0,0.0,0.0,0.0,0.0,0.0,0.0,-1.551861223430016
38133.0,3.0,8.0,3.0,4.0,1.0,208.0,0.524,0.1394,0.0577,0.0144,0.0096,0.0,0.024,0.0,0.2308,0.7404,0.384,0.388,,,,,,,,4.0,5.0,0.0,0.0,1.0,1.0,1.0,1.0,0.0,1.0,-1.354060383786169
9248.0,2.0,2.0,2.0,2.0,1.0,164.0,0.9023999999999999,0.048799999999999996,0.0183,0.0305,0.0,0.0,0.0,0.0,0.0,0.9634,0.3272,0.6728,1.0,,11211.0,11211.0,15351.0,17899.0,1.0,2.0,2.0,1.0,1.0,0.0,0.0,0.0,0.0,0.0,0.0,-1.4402701200540338
13208.0,2.0,4.0,3.0,4.0,1.0,317.0,0.8644,0.0347,0.0379,0.0126,0.0158,0.0031999999999999997,0.0284,0.0,0.0031999999999999997,0.1546,0.6328,0.682,,,9050.0,9050.0,12799.0,17281.0,1.0,14.0,4.0,1.0,1.0,1.0,0.0,1.0,0.0,0.0,0.0,-0.3897765986905395
41604.0,3.0,8.0,1.0,3.0,1.0,94.0,0.0532,0.117,0.1915,0.617,0.0106,0.0,0.0,0.0,0.0106,0.3404,0.5023,0.5302,,,,,15203.0,19262.0,0.0,7.0,3.0,1.0,1.0,1.0,0.0,0.0,0.0,0.0,0.0,-1.08932912817828
33614.0,3.0,5.0,1.0,1.0,2.0,285.0,0.5157999999999999,0.4596287719298246,0.003503157894736842,0.0,0.01403543859649123,0.0,0.0034929824561403507,0.0,0.003503157894736842,0.05966315789473685,0.7528098245614036,0.7143080701754386,,,,,14823.838596491229,19352.23157894737,0.0,3.0,1.0,1.0,0.0,0.0,0.0,0.0,0.0,0.0,0.0,-1.2377332934211804
13029.0,2.0,2.0,2.0,4.0,1.0,1104.0,0.0063,0.1422,0.8315,0.0,0.0,0.0027,0.0,0.0,0.0172,0.0,0.9257,0.1362,,,10625.0,10625.0,21628.0,26225.0,1.0,6.0,3.0,0.0,1.0,1.0,0.0,1.0,0.0,0.0,0.0,-1.6582210040926142
3083.0,2.0,3.0,3.0,4.0,1.0,2144.0,0.8302,0.0569,0.0187,0.0065,0.0019,0.0,0.0387,0.0285,0.0187,0.0117,0.3311,0.7476,0.7355,1057.0,27990.0,27990.0,23001.0,38400.0,1.0,59.0,2.0,0.0,0.0,1.0,0.0,1.0,0.0,0.0,0.0,-0.6785410281705833
2323.0,2.0,3.0,3.0,4.0,1.0,2677.0,0.5622,0.10870000000000002,0.0288,0.0396,0.0036999999999999997,0.0015,0.0321,0.0445,0.1789,0.2155,0.2832,0.6063,0.6906,1110.0,37320.0,37320.0,24101.0,49617.0,1.0,68.0,7.0,1.0,0.0,1.0,1.0,1.0,1.0,1.0,1.0,-1.1167971909763532
41644.0,3.0,8.0,1.0,1.0,1.0,114.0,0.0175,0.2193,0.38599999999999995,0.3158,0.0,0.0263,0.0175,0.0088,0.0088,0.0,0.6275,0.8138000000000001,,,,,25313.0,27789.0,0.0,1.0,1.0,1.0,0.0,0.0,0.0,0.0,0.0,0.0,0.0,-1.2669492376090943
2817.0,2.0,2.0,3.0,4.0,1.0,1735.0,0.6963,0.0513,0.0726,0.0409,0.0017,0.0023,0.0173,0.0173,0.1003,0.0098,0.2941,0.6977,0.7043,1066.0,30466.0,30466.0,22617.0,42234.0,1.0,44.0,3.0,0.0,0.0,1.0,0.0,1.0,0.0,0.0,1.0,-0.7887020856613469
3233.0,2.0,2.0,3.0,4.0,1.0,2272.0,0.6959,0.1413,0.0757,0.011,0.0026,0.0004,0.014099999999999998,0.0018,0.05720000000000001,0.2091,0.3496,0.795,0.7479,970.0,30080.0,30080.0,26975.0,40723.0,1.0,44.0,4.0,0.0,1.0,1.0,0.0,1.0,1.0,0.0,0.0,-0.7124958195612254
1734.0,2.0,3.0,3.0,4.0,1.0,2685.0,0.7337,0.0402,0.09680000000000001,0.0186,0.0011,0.0007,0.0279,0.014900000000000002,0.0659,0.0369,0.2567,0.6943,0.5984,1125.0,34230.0,34230.0,22336.0,43557.0,1.0,53.0,3.0,0.0,0.0,1.0,0.0,1.0,0.0,0.0,1.0,-0.8977193462887197
30980.0,2.0,3.0,3.0,3.0,2.0,125.0,0.960016,0.0159936,0.0079968,0.0159936,0.0,0.0,0.0,0.0,0.0,0.1039584,0.18421200000000001,0.714,,,,,,,,2.0,3.0,1.0,0.0,1.0,1.0,0.0,0.0,0.0,0.0,-1.5269949932227445
5252.0,1.0,4.0,2.0,2.0,2.0,3199.0,0.8399,0.0381,0.0703,0.0069,0.0025,0.0006,0.0284,0.0013,0.0119,0.4008,0.4259,0.5003,,,5400.0,5400.0,10402.0,13564.0,1.0,49.0,2.0,1.0,1.0,0.0,0.0,0.0,0.0,0.0,0.0,-1.2953434160304864
7607.0,3.0,8.0,1.0,2.0,1.0,620.0,0.1339,0.0516,0.5677,0.10810000000000002,0.0032,0.0403,0.0145,0.0016,0.079,0.0,0.4176000000000001,0.5708,1.0,,,,21316.0,25127.0,0.0,5.0,2.0,1.0,1.0,0.0,0.0,0.0,0.0,0.0,0.0,-1.671710710864659
7170.0,1.0,3.0,1.0,2.0,1.0,5573.0,0.8032000000000001,0.1166,0.0242,0.0113,0.0027,0.0016,0.0045,0.0,0.0359,0.4997,0.3507,0.1615,,,2748.0,7716.0,4300.0,8868.0,1.0,45.0,2.0,1.0,1.0,0.0,0.0,0.0,0.0,0.0,0.0,-1.2512178648023826
21323.0,3.0,2.0,1.0,1.0,2.0,854.0,0.19786065573770492,0.2739981264637002,0.3594892271662763,0.010498126463700233,0.002343325526932084,0.0023114754098360656,0.02812833723653396,0.0,0.12527072599531616,0.0,0.7052709601873537,0.7623430913348945,,,,,17636.68618266979,22537.290398126464,0.0,12.0,2.0,1.0,1.0,0.0,0.0,0.0,0.0,0.0,0.0,-1.357461611028156
22346.0,3.0,2.0,1.0,1.0,1.0,131.0,0.4427,0.2672,0.2366,0.0229,0.0,0.0,0.0,0.0,0.0305,0.3206,0.686,0.6446,,,,,22168.0,25632.0,0.0,1.0,1.0,1.0,0.0,0.0,0.0,0.0,0.0,0.0,0.0,-1.2165415201628504
1798.0,2.0,3.0,3.0,3.0,1.0,1022.0,0.8376,0.0421,0.0196,0.0059,0.002,0.0,0.0362,0.0196,0.0372,0.0196,0.3895,0.7722,0.6922,1031.0,28185.0,28185.0,21553.0,39697.0,1.0,41.0,1.0,0.0,0.0,1.0,0.0,0.0,0.0,0.0,0.0,-0.7183094208886593
2423.0,1.0,5.0,3.0,4.0,1.0,15800.0,0.7217,0.2012,0.022,0.0121,0.0051,0.0007,0.0136,0.0161,0.0075,0.0784,0.3318,0.4959,0.7102,1126.0,7140.0,18478.0,15902.0,21581.0,1.0,86.0,5.0,0.0,0.0,1.0,0.0,1.0,1.0,1.0,1.0,-0.8443579455625002
2989.0,1.0,4.0,3.0,3.0,1.0,1231.0,0.7758,0.0471,0.0487,0.0057,0.0089,0.0032,0.0276,0.06010000000000001,0.0227,0.2063,0.2519,0.4479,0.6103,957.0,6050.0,8495.0,10703.0,13730.0,1.0,35.0,3.0,1.0,1.0,1.0,0.0,0.0,0.0,0.0,0.0,-1.011689638012021
2033.0,1.0,1.0,3.0,3.0,1.0,847.0,0.7981,0.0142,0.0142,0.0024,0.026,0.0,0.0295,0.0803,0.0354,0.2326,0.39980000000000004,0.4909,,,7300.0,10600.0,10247.0,16437.0,1.0,22.0,3.0,1.0,1.0,1.0,0.0,0.0,0.0,0.0,0.0,-0.9399095974727891
3937.0,2.0,9.0,3.0,4.0,1.0,4596.0,0.0,0.0,1.0,0.0,0.0,0.0,0.0,0.0,0.0,0.1388,0.6745,0.4049,0.2809,,5680.0,5680.0,7748.0,13126.0,1.0,44.0,5.0,0.0,1.0,1.0,1.0,1.0,0.0,0.0,1.0,-0.6699257928795733
1305.0,2.0,8.0,3.0,4.0,1.0,7018.0,0.3751999999999999,0.0591,0.1607,0.1979,0.0114,0.0037999999999999996,0.1067,0.08189999999999999,0.0031,0.0,0.15560000000000002,0.1256,0.0509,1465.0,45195.0,45195.0,14559.0,60311.0,1.0,74.0,5.0,0.0,0.0,1.0,0.0,1.0,1.0,1.0,1.0,-2.336019869080283
10405.0,3.0,4.0,1.0,2.0,2.0,720.0,0.6000055555555555,0.22638055555555556,0.07638611111111111,0.005519444444444445,0.008308333333333334,0.012486111111111111,0.049958333333333334,0.0,0.020794444444444445,0.0,0.8084611111111111,0.8550944444444445,,,14048.0,14048.0,21127.0,24905.63888888889,1.0,9.0,2.0,1.0,1.0,0.0,0.0,0.0,0.0,0.0,0.0,-1.0811696490750744
25083.0,1.0,4.0,2.0,2.0,1.0,6979.0,0.8226,0.0569,0.0592,0.0291,0.0057,0.0016,0.0202,0.0,0.004700000000000001,0.39479999999999993,0.434,0.4312,,,2689.0,3296.0,7503.0,10686.0,1.0,32.0,2.0,1.0,1.0,0.0,0.0,0.0,0.0,0.0,0.0,-1.3726793690454007
2569.0,1.0,8.0,3.0,4.0,1.0,23329.0,0.3663,0.0763,0.2517,0.1549,0.0029,0.0144,0.0874,0.036,0.0101,0.2567,0.3511,0.36860000000000004,0.8689,1000.0,6710.0,20620.0,11970.0,17781.0,1.0,98.0,7.0,1.0,0.0,1.0,1.0,1.0,1.0,1.0,1.0,-1.0401586162611836
22042.0,3.0,5.0,1.0,2.0,1.0,347.0,0.5965,0.36889999999999995,0.0346,0.0,0.0,0.0,0.0,0.0,0.0,0.0,0.5778,0.7048,,,10087.0,10087.0,22412.0,27079.0,1.0,8.0,2.0,1.0,1.0,0.0,0.0,0.0,0.0,0.0,0.0,-1.190602870776141
2663.0,1.0,6.0,3.0,4.0,5.0,25527.0,0.32880407803502176,0.02247725545500842,0.44885243467700864,0.025897857170838715,0.11363046969875035,0.0017448662200806988,0.03169527167313041,0.010784432169859366,0.016188960708269674,0.26937566889959647,0.39641105104399266,0.3730865710815999,0.45380000000000004,1060.0,5780.624201825518,17288.918556822187,9528.53092803698,16344.643749755161,1.0,123.0,7.0,1.0,1.0,1.0,0.0,1.0,1.0,1.0,1.0,-0.886965181560056
3277.0,1.0,2.0,3.0,4.0,1.0,12032.0,0.7630999999999999,0.11189999999999999,0.0367,0.0093,0.0012,0.0003,0.032,0.0362,0.0092,0.0538,0.3666,0.7244,0.9473,958.0,9470.0,20965.0,18204.0,22692.0,1.0,76.0,7.0,1.0,1.0,1.0,0.0,1.0,1.0,1.0,1.0,-0.6438708544983623
6787.0,1.0,2.0,2.0,2.0,1.0,1220.0,0.7287,0.073,0.023,0.009,0.0041,0.0008,0.0066,0.0352,0.11969999999999999,0.2533,0.3598,0.3101,,,4530.0,9270.0,7598.0,12659.0,1.0,27.0,2.0,1.0,1.0,0.0,0.0,0.0,0.0,0.0,0.0,-1.0858519757748994
2845.0,1.0,2.0,3.0,4.0,1.0,5497.0,0.7513,0.0309,0.0664,0.0642,0.0022,0.0005,0.0255,0.024899999999999995,0.034,0.0151,0.251,0.4898,0.5913,1221.0,7774.0,17424.0,18305.0,21589.0,1.0,35.0,2.0,0.0,0.0,1.0,0.0,1.0,0.0,0.0,0.0,-1.2389834842811258
2501.0,1.0,4.0,3.0,4.0,1.0,9382.0,0.7839,0.1009,0.0178,0.011,0.0052,0.0003,0.0007,0.0673,0.0128,0.156,0.3487,0.48260000000000003,0.8478,1050.0,7058.0,12450.0,12050.0,17405.0,1.0,69.0,5.0,1.0,1.0,1.0,0.0,1.0,0.0,0.0,1.0,-0.7168182846340453
41607.0,3.0,6.0,1.0,1.0,1.0,236.0,0.589,0.0593,0.1822,0.0212,0.0042,0.0,0.1186,0.0,0.0254,0.3178,0.4179,0.597,,,,,21271.0,22965.0,0.0,2.0,1.0,1.0,0.0,0.0,0.0,0.0,0.0,0.0,0.0,-1.3414750823799513
41653.0,3.0,3.0,1.0,1.0,1.0,155.0,0.6387,0.129,0.071,0.0,0.0,0.0129,0.0387,0.0,0.10970000000000002,0.3161,0.5459,0.5721,,,,,12930.0,15218.0,0.0,1.0,1.0,1.0,0.0,0.0,0.0,0.0,0.0,0.0,0.0,-0.8737029221147202
2821.0,2.0,2.0,3.0,4.0,1.0,2834.0,0.8373000000000002,0.0363,0.043,0.0314,0.0017999999999999997,0.0007,0.0176,0.0035,0.028200000000000003,0.0618,0.3096,0.7668000000000001,0.6791,1091.0,29550.0,29550.0,23666.0,40209.0,1.0,37.0,6.0,1.0,0.0,1.0,0.0,1.0,1.0,1.0,1.0,-1.0575513169690378
2144.0,2.0,1.0,2.0,3.0,1.0,1256.0,0.4857,0.1425,0.0565,0.0183,0.004,0.0008000000000000001,0.0303,0.0932,0.1688,0.1545,0.3169,0.6623,0.6866,857.0,34390.0,34390.0,25062.0,47892.0,1.0,22.0,3.0,1.0,1.0,1.0,0.0,0.0,0.0,0.0,0.0,-0.4215746498412326
21609.0,3.0,4.0,1.0,1.0,2.0,191.0,0.8376774869109948,0.06285078534031413,0.06809685863874346,0.005222513089005235,0.010445549738219895,0.005222513089005235,0.010484293193717277,0.0,0.0,0.12043193717277485,0.41838743455497385,0.519082722513089,,,,,12336.183246073299,15179.340314136125,0.0,2.0,1.0,1.0,0.0,0.0,0.0,0.0,0.0,0.0,0.0,-1.681902216631142
23492.0,3.0,7.0,1.0,1.0,1.0,38.0,0.9473999999999999,0.0,0.0,0.0,0.0526,0.0,0.0,0.0,0.0,0.0,0.8052,0.6364,,,,,21421.0,26142.0,0.0,2.0,1.0,1.0,0.0,0.0,0.0,0.0,0.0,0.0,0.0,-0.5172656229830023
35573.0,3.0,5.0,1.0,1.0,1.0,139.0,0.2878,0.6619,0.014399999999999998,0.0,0.0,0.0,0.028799999999999996,0.0,0.007199999999999999,0.2302,0.7021,0.6773,,,,,18401.0,22270.0,0.0,1.0,1.0,1.0,0.0,0.0,0.0,0.0,0.0,0.0,0.0,-1.3159501552316324
2765.0,2.0,2.0,3.0,4.0,1.0,5240.0,0.7752,0.0399,0.0916,0.0279,0.0017,0.0011,0.0206,0.0181,0.0239,0.0702,0.1597,0.5571,0.3851,,32590.0,32590.0,33402.0,47906.0,1.0,43.0,4.0,1.0,0.0,1.0,0.0,1.0,0.0,0.0,1.0,-1.1355097924385904
3856.0,2.0,3.0,3.0,3.0,1.0,1483.0,0.7147999999999999,0.0344,0.0674,0.0405,0.0054,0.0,0.0398,0.09310000000000002,0.0047,0.0229,0.2151,0.5885,0.7295,,42657.0,42657.0,25163.0,51897.0,1.0,33.0,1.0,0.0,0.0,1.0,0.0,0.0,0.0,0.0,0.0,-0.7634801793161076
25372.0,3.0,8.0,1.0,1.0,1.0,121.0,0.5702,0.0413,0.3636,0.0165,0.0083,0.0,0.0,0.0,0.0,0.0,0.3712,0.4541,,,,,12969.0,16461.0,0.0,1.0,1.0,1.0,0.0,0.0,0.0,0.0,0.0,0.0,0.0,-1.3091390803720098
3926.0,1.0,3.0,3.0,4.0,1.0,10533.0,0.8394,0.0475,0.0505,0.0163,0.0021,0.0006,0.0356,0.0073,0.0008000000000000001,0.060000000000000005,0.3005,0.6329,0.8179,1050.0,7600.0,15173.0,13815.0,16950.0,1.0,50.0,5.0,0.0,1.0,1.0,1.0,1.0,0.0,0.0,1.0,-0.8701501508861974
3042.0,2.0,3.0,3.0,3.0,1.0,2265.0,0.6645,0.0698,0.1002,0.0371,0.0004,0.0009,0.0353,0.0728,0.019,0.0009,0.1843,0.5193,0.5553,,45670.0,45670.0,25404.0,56520.0,1.0,40.0,1.0,0.0,0.0,1.0,0.0,0.0,0.0,0.0,0.0,-0.9577722012007828
4838.0,1.0,5.0,1.0,2.0,1.0,11813.0,0.4124,0.4219,0.0646,0.0384,0.0081,0.0006,0.0181,0.0119,0.023900000000000005,0.517,0.6071,0.3572,,,2489.0,8633.0,11802.0,16794.0,1.0,50.0,2.0,1.0,1.0,0.0,0.0,0.0,0.0,0.0,0.0,-0.8229891368274247
2314.0,1.0,3.0,3.0,4.0,1.0,8453.0,0.7208,0.1064,0.0354,0.0071,0.0035,0.0005,0.018,0.0479,0.0605,0.1481,0.3815,0.6502,0.7996,1030.0,8691.0,20409.0,14058.0,18378.0,1.0,55.0,4.0,0.0,0.0,1.0,0.0,1.0,1.0,0.0,1.0,-0.7315021344364093
3811.0,2.0,5.0,3.0,3.0,1.0,839.0,0.6341,0.0453,0.0012,0.0024,0.0048,0.0,0.0,0.1466,0.16570000000000001,0.0167,0.4188,0.6579,0.5822,986.0,27492.0,27492.0,16854.0,34587.0,1.0,49.0,2.0,0.0,1.0,1.0,0.0,0.0,0.0,0.0,0.0,-0.4748759992086265
2185.0,1.0,1.0,3.0,4.0,1.0,4329.0,0.7501,0.079,0.0945,0.0268,0.0016,0.0005,0.0344,0.0058,0.007400000000000001,0.1056,0.2956,0.6431,0.6226,1011.0,8320.0,14400.0,17801.0,22097.0,1.0,48.0,4.0,1.0,0.0,1.0,0.0,1.0,0.0,0.0,1.0,-0.7390570100691431
1586.0,2.0,5.0,3.0,4.0,1.0,1064.0,0.3383,0.188,0.1053,0.0404,0.0028,0.0,0.0273,0.0479,0.25,0.0461,0.3685,0.7085,0.7823,1139.0,32500.0,32500.0,20168.0,45158.0,1.0,23.0,1.0,0.0,0.0,1.0,0.0,0.0,0.0,0.0,0.0,-0.792666670592762
10142.0,2.0,2.0,3.0,4.0,1.0,5870.0,0.606,0.1528,0.09079999999999999,0.0332,0.0024,0.0012,0.0,0.05500000000000001,0.05859999999999999,0.1768,0.4598,0.2771,0.2978,,15650.0,15650.0,22502.0,31668.0,1.0,76.0,7.0,1.0,1.0,1.0,0.0,1.0,1.0,1.0,1.0,-1.234298793958316
31563.0,1.0,6.0,2.0,2.0,2.0,8111.0,0.3151476513376895,0.09217420786586118,0.4803847491061521,0.03696491184810751,0.012427160646036245,0.0016509924793490323,0.0203126001726051,0.001811922081124399,0.03913044014301566,0.6270523856491186,0.4192160399457527,0.2324675995561583,,,2046.0,7830.0,8087.517938601899,11800.0,1.0,46.0,2.0,1.0,1.0,0.0,0.0,0.0,0.0,0.0,0.0,-1.7773449665487047
41444.0,3.0,6.0,1.0,1.0,1.0,38.0,0.8421,0.0789,0.0263,0.0,0.0,0.0,0.0526,0.0,0.0,0.1579,0.4085,0.5634,,,,,12602.0,18247.0,0.0,1.0,1.0,1.0,0.0,0.0,0.0,0.0,0.0,0.0,0.0,-0.3564870474994231
3781.0,1.0,8.0,2.0,2.0,1.0,3510.0,0.3618,0.1057,0.112,0.1558,0.0085,0.0154,0.0963,0.0536,0.0909,0.4003,0.2855,0.072,,,4000.0,4401.0,6996.0,13671.0,1.0,41.0,3.0,1.0,1.0,1.0,0.0,0.0,0.0,0.0,0.0,-1.617176314669552
8466.0,1.0,5.0,2.0,2.0,1.0,1907.0,0.8138,0.0157,0.0435,0.009400000000000002,0.0792,0.0021,0.0199,0.01,0.0063,0.5029,0.503,0.12170000000000002,,,2100.0,7476.0,8371.0,13540.0,1.0,39.0,2.0,1.0,1.0,0.0,0.0,0.0,0.0,0.0,0.0,-1.179240905249575
3162.0,1.0,6.0,2.0,2.0,1.0,3383.0,0.7414,0.0467,0.0603,0.0095,0.1227,0.0,0.0003,0.0192,0.0,0.3834,0.2522,0.2288,,,3219.0,7980.0,6223.0,10975.0,1.0,40.0,2.0,1.0,1.0,0.0,0.0,0.0,0.0,0.0,0.0,-1.2282041131928578
31249.0,3.0,5.0,1.0,1.0,1.0,398.0,0.6859000000000001,0.1985,0.057800000000000004,0.0025,0.0075,0.0,0.0251,0.0,0.0226,0.1834,0.514,0.7238,,,,,17281.0,19806.0,0.0,1.0,1.0,1.0,0.0,0.0,0.0,0.0,0.0,0.0,0.0,-0.8368539012261204
23310.0,3.0,2.0,1.0,1.0,1.0,102.0,0.6078,0.2843,0.1078,0.0,0.0,0.0,0.0,0.0,0.0,0.6961,0.6928,0.8133000000000001,,,,,12642.0,14957.0,0.0,1.0,1.0,1.0,0.0,0.0,0.0,0.0,0.0,0.0,0.0,-0.8776721903203348
1614.0,1.0,8.0,2.0,2.0,1.0,1212.0,0.1592,0.0083,0.1081,0.2929,0.0008,0.0842,0.3309,0.0116,0.0041,0.5561,0.3895,0.166,,,2844.0,7692.0,6393.0,11726.0,1.0,18.0,2.0,1.0,1.0,0.0,0.0,0.0,0.0,0.0,0.0,-1.25596870896794
5258.0,1.0,8.0,2.0,2.0,1.0,2633.0,0.139,0.0060999999999999995,0.1458,0.1698,0.0027,0.11890000000000002,0.38969999999999994,0.0235,0.0046,0.4546,0.46769999999999995,0.10799999999999998,,,2870.0,7718.0,8106.0,12925.0,1.0,26.0,2.0,1.0,1.0,0.0,0.0,0.0,0.0,0.0,0.0,-1.2008536591320673
1950.0,1.0,4.0,3.0,4.0,1.0,11289.0,0.6369,0.0607,0.10010000000000001,0.07,0.0088,0.0011,0.0323,0.0627,0.0275,0.23019999999999996,0.36360000000000003,0.5096,0.9553,,7265.0,15299.0,11939.0,15367.0,1.0,70.0,7.0,1.0,1.0,1.0,0.0,1.0,1.0,1.0,1.0,-0.9217780877849158
5452.0,3.0,2.0,1.0,1.0,1.0,160.0,0.25,0.0875,0.625,0.0,0.0,0.0375,0.0,0.0,0.0,0.0,0.41980000000000006,0.5394,,,,,11277.0,13477.0,0.0,1.0,1.0,1.0,0.0,0.0,0.0,0.0,0.0,0.0,0.0,-1.644883198054424
9673.0,3.0,3.0,1.0,1.0,2.0,181.0,0.8121370165745857,0.0938828729281768,0.04422872928176796,0.016601657458563537,0.0,0.0,0.016601657458563537,0.0,0.016531491712707184,0.22650000000000003,0.6340314917127072,0.6770574585635359,,,,,12584.397790055249,16175.28729281768,0.0,1.0,1.0,1.0,0.0,0.0,0.0,0.0,0.0,0.0,0.0,-0.9971039927976975
3114.0,2.0,3.0,1.0,1.0,1.0,89.0,0.9326000000000001,0.0112,0.0225,0.0,0.0,0.0,0.0225,0.0112,0.0,0.2921,0.5524,0.819,,,,,,,,1.0,1.0,1.0,0.0,0.0,0.0,0.0,0.0,0.0,0.0,-1.7662306915462334
3966.0,2.0,1.0,3.0,4.0,1.0,352.0,0.5114,0.0625,0.1676,0.0852,0.0028,0.0028,0.0426,0.04549999999999999,0.0795,0.0256,0.2889,0.4983,,,19706.0,19706.0,36691.0,37970.0,1.0,5.0,3.0,1.0,0.0,1.0,0.0,1.0,0.0,0.0,0.0,-0.5114643459140596
1205.0,2.0,8.0,3.0,4.0,4.0,482.0,0.2697,0.1183,0.1618,0.1535,0.0041,0.0394,0.0394,0.0145,0.1992,0.7905,0.2653,0.6695,,,14640.0,14640.0,,,,24.0,7.0,1.0,1.0,1.0,0.0,1.0,1.0,1.0,1.0,-1.0738622127810085
1402.0,2.0,1.0,3.0,4.0,1.0,6503.0,0.7678,0.0489,0.0878,0.0258,0.002,0.0006,0.0181,0.0225,0.0264,0.0258,0.1574,0.6093,0.6591,1104.0,40670.0,40670.0,35566.0,55265.0,1.0,69.0,6.0,1.0,0.0,1.0,0.0,1.0,1.0,1.0,1.0,-1.16984708959656
34404.0,3.0,8.0,1.0,1.0,2.0,180.0,0.08331999999999999,0.050005,0.31115000000000004,0.46113,0.0055650000000000005,0.050005,0.01666,0.022230000000000003,0.0,0.0,0.5819700000000001,0.611905,,,,,22949.7,27097.7,0.0,1.0,1.0,1.0,0.0,0.0,0.0,0.0,0.0,0.0,0.0,-1.6401992547043418
23372.0,3.0,5.0,1.0,1.0,6.0,250.0,0.612,0.212,0.02,0.06,0.004,0.02,0.036,0.0,0.036,0.144,0.5932,0.5814,,,,,5286.0,9223.0,0.0,1.0,1.0,1.0,0.0,0.0,0.0,0.0,0.0,0.0,0.0,-0.9461303208845177
1424.0,2.0,1.0,3.0,4.0,1.0,2907.0,0.5329,0.0705,0.09840000000000002,0.0867,0.0007,0.0014,0.0568,0.0853,0.0674,0.0017,0.1769,0.3524,0.2391,,48272.0,48272.0,30052.0,62849.0,1.0,39.0,4.0,0.0,0.0,1.0,0.0,1.0,1.0,0.0,1.0,-1.4694588876747363
22246.0,3.0,6.0,1.0,1.0,1.0,173.0,0.052000000000000005,0.0347,0.8728,0.0,0.0,0.005799999999999999,0.005799999999999999,0.0,0.0289,0.2023,0.6279,0.5628,,,,,14524.0,18354.0,0.0,1.0,1.0,1.0,0.0,0.0,0.0,0.0,0.0,0.0,0.0,-1.1524684107071959
39353.0,3.0,8.0,1.0,1.0,1.0,162.0,0.1975,0.0741,0.5679,0.0926,0.0062,0.0185,0.0432,0.0,0.0,0.0,0.5145,0.5477,,,,,21238.0,24718.0,0.0,7.0,1.0,1.0,0.0,0.0,0.0,0.0,0.0,0.0,0.0,-1.0181743406020924
20739.0,1.0,2.0,2.0,2.0,1.0,2799.0,0.6499,0.2272,0.0382,0.0186,0.0036,0.0011,0.0372,0.0036,0.0207,0.6799,0.5158,0.1437,,,2688.0,6912.0,9889.0,13048.0,1.0,23.0,2.0,1.0,1.0,0.0,0.0,0.0,0.0,0.0,0.0,-1.5463767528753902
30986.0,1.0,2.0,1.0,1.0,1.0,76.0,0.8289,0.0658,0.0263,0.0526,0.0,0.0,0.013200000000000002,0.013200000000000002,0.0,0.0,0.5276,0.7717,,,,,21537.0,24808.0,0.0,1.0,1.0,1.0,0.0,0.0,0.0,0.0,0.0,0.0,0.0,-0.9740110033464143
21922.0,1.0,2.0,3.0,4.0,1.0,20143.0,0.5562,0.145,0.0817,0.0386,0.0065,0.006600000000000001,0.017,0.0106,0.1379,0.9924,0.12260000000000001,0.1446,,,5871.0,8647.0,,,,34.0,6.0,1.0,1.0,1.0,1.0,1.0,0.0,0.0,1.0,-1.7131634923124957
21651.0,2.0,9.0,2.0,4.0,2.0,2529.0,0.0,0.0,1.0,0.0,0.0,0.0,0.0,0.0,0.0,0.358261684460261,0.7978755634638197,0.27483266113088173,0.7634,,5990.628706998814,8845.257413997628,8035.109134045078,13108.69948596283,1.0,21.0,5.0,1.0,1.0,1.0,0.0,1.0,0.0,0.0,1.0,-0.4896311711873579
5204.0,3.0,1.0,2.0,2.0,1.0,424.0,0.934,0.0071,0.0094,0.0047,0.0071,0.0071,0.0,0.0,0.030699999999999998,0.2382,0.6892,0.7581,,,,,12077.0,14911.0,0.0,13.0,2.0,1.0,1.0,0.0,0.0,0.0,0.0,0.0,0.0,-0.6030260782778725
6782.0,1.0,2.0,2.0,2.0,1.0,4032.0,0.747,0.0938,0.0499,0.0055,0.0104,0.0002,0.0218,0.0268,0.0446,0.2693,0.3485,0.2337,,,4306.0,4906.0,6771.0,11937.0,1.0,47.0,2.0,1.0,1.0,0.0,0.0,0.0,0.0,0.0,0.0,-1.227796207653003
30844.0,3.0,5.0,1.0,2.0,1.0,331.0,0.7976000000000001,0.1571,0.003,0.003,0.003,0.003,0.0332,0.0,0.0,0.0,0.8969,0.9820999999999999,,,15209.0,15209.0,25585.0,32617.0,1.0,5.0,2.0,1.0,1.0,0.0,0.0,0.0,0.0,0.0,0.0,-0.9296744531884854
23047.0,1.0,3.0,1.0,1.0,1.0,142.0,0.9437000000000001,0.028199999999999996,0.007,0.0,0.007,0.0,0.014099999999999998,0.0,0.0,0.1338,0.477,0.5862,,,,,20380.0,24543.0,0.0,6.0,1.0,1.0,0.0,0.0,0.0,0.0,0.0,0.0,0.0,-1.518855405002358
9617.0,3.0,4.0,1.0,1.0,1.0,116.0,0.8879,0.0431,0.0603,0.0086,0.0,0.0,0.0,0.0,0.0,0.1724,0.1593,0.2832,,,,,14448.0,16181.0,0.0,3.0,2.0,1.0,1.0,0.0,0.0,0.0,0.0,0.0,0.0,-1.5505655139757826
3409.0,2.0,1.0,3.0,4.0,1.0,2014.0,0.3193,0.0209,0.0839,0.1792,0.0015,0.001,0.0387,0.2577,0.0978,0.0,0.1596,0.4015,0.3259,1254.0,44594.0,44594.0,40552.0,61352.0,1.0,9.0,2.0,0.0,0.0,1.0,0.0,1.0,0.0,0.0,0.0,-0.9257275462284915
1893.0,2.0,4.0,3.0,4.0,1.0,4304.0,0.6612,0.1847,0.0448,0.0118,0.0039,0.0023,0.0163,0.0467,0.0281,0.3792,0.468,0.6477,0.6994,950.0,26834.0,26834.0,18762.0,35524.0,1.0,47.0,4.0,1.0,1.0,1.0,0.0,1.0,0.0,0.0,0.0,-0.7469912190320562
22809.0,2.0,5.0,3.0,3.0,1.0,195.0,0.6564,0.2667,0.0154,0.0154,0.0103,0.0,0.0103,0.0154,0.0103,0.2359,0.7350999999999999,0.8543,0.3789,983.0,12800.0,12800.0,16303.0,25268.0,1.0,10.0,3.0,1.0,1.0,1.0,0.0,0.0,0.0,0.0,0.0,-0.35070903509352863
3758.0,1.0,5.0,1.0,2.0,1.0,2243.0,0.5947,0.3562,0.0214,0.0049,0.0031,0.0013,0.0138,0.0004,0.004,0.4427,0.4563,0.0879,,,4155.0,9993.0,6159.0,10498.0,1.0,38.0,2.0,1.0,1.0,0.0,0.0,0.0,0.0,0.0,0.0,-1.2579558115239904
8543.0,1.0,5.0,1.0,2.0,1.0,4017.0,0.0246,0.9276,0.0177,0.0082,0.002,0.001,0.0087,0.0047,0.0055,0.6649,0.7553,0.6009,,,2740.0,4876.0,4029.0,9908.0,1.0,45.0,2.0,1.0,1.0,0.0,0.0,0.0,0.0,0.0,0.0,-1.1615047188990122
40723.0,3.0,7.0,1.0,1.0,1.0,152.0,0.7763,0.0,0.0658,0.0329,0.0,0.013200000000000002,0.013200000000000002,0.0,0.0987,0.0,0.5532,0.6894,,,,,16557.0,19533.0,0.0,1.0,1.0,1.0,0.0,0.0,0.0,0.0,0.0,0.0,0.0,-0.9794259730229433
41210.0,3.0,3.0,1.0,1.0,1.0,219.0,0.7854,0.1416,0.0274,0.0228,0.0,0.0,0.0,0.0,0.0228,0.0,0.6921,0.8915,,,,,22847.0,27078.0,0.0,3.0,1.0,1.0,0.0,0.0,0.0,0.0,0.0,0.0,0.0,-1.4858062277779154
36454.0,3.0,5.0,1.0,1.0,1.0,235.0,0.6255,0.234,0.0511,0.017,0.0085,0.0,0.0553,0.0043,0.0043,0.3702,0.6066,0.5789,,,,,11937.0,15620.0,0.0,1.0,1.0,1.0,0.0,0.0,0.0,0.0,0.0,0.0,0.0,-0.6596317612221283
1892.0,1.0,4.0,3.0,4.0,1.0,21486.0,0.6823,0.029599999999999998,0.0647,0.0311,0.0015,0.001,0.0229,0.1104,0.0567,0.09830000000000001,0.1883,0.4554,0.8095000000000001,1164.0,8079.0,27409.0,14863.0,20691.0,1.0,121.0,6.0,1.0,0.0,1.0,0.0,1.0,1.0,1.0,1.0,-1.0572037023834542
3086.0,2.0,3.0,3.0,4.0,1.0,2961.0,0.6977000000000001,0.05199999999999999,0.0723,0.0419,0.001,0.0006999999999999999,0.0567,0.0709,0.0068,0.013800000000000002,0.1071,0.35180000000000006,0.3272,1349.0,48682.0,48682.0,29486.0,62051.0,1.0,38.0,5.0,1.0,0.0,1.0,1.0,1.0,0.0,0.0,1.0,-0.8082428477905411
1199.0,1.0,8.0,2.0,2.0,1.0,13478.0,0.3394,0.0385,0.231,0.22530000000000003,0.0019,0.0068,0.052500000000000005,0.0888,0.0158,0.6186000000000001,0.0889,0.0413,,,1551.0,8256.0,4640.0,10016.0,1.0,55.0,2.0,1.0,1.0,0.0,0.0,0.0,0.0,0.0,0.0,-1.692938371453058
3441.0,2.0,5.0,3.0,4.0,1.0,2183.0,0.8223,0.0765,0.0289,0.0041,0.0032,0.0018,0.0,0.0032,0.06,0.0325,0.3844,0.456,0.5946,1152.0,15510.0,15510.0,21132.0,29053.0,1.0,33.0,3.0,0.0,0.0,1.0,0.0,1.0,1.0,0.0,0.0,-0.6229606451032247
41269.0,3.0,5.0,1.0,1.0,1.0,147.0,0.3061,0.1497,0.4626,0.0,0.0068,0.0204,0.0544,0.0,0.0,0.49659999999999993,0.7613,0.4691,,,,,5779.0,11373.0,0.0,2.0,1.0,1.0,0.0,0.0,0.0,0.0,0.0,0.0,0.0,-1.283251659574915
3379.0,1.0,2.0,3.0,4.0,5.0,24749.0,0.7727395046264495,0.05453167400703059,0.028520671542284538,0.06847095236171159,0.0006524223200937412,0.0006087074225221221,0.028383207402319283,0.03226500868721969,0.013812586367125944,0.04759617358277102,0.2159688795506889,0.5969802093013858,0.586996391773405,1204.943270435169,16627.451614206635,27111.34534728676,25480.134833730655,29916.231201260656,1.0,143.0,8.0,1.0,1.0,1.0,1.0,1.0,1.0,1.0,1.0,-1.0031302727949711
39704.0,3.0,4.0,1.0,2.0,2.0,176.0,0.7897681818181819,0.15912159090909092,0.022696022727272728,0.01707840909090909,0.0,0.0,0.005667613636363636,0.0,0.005692613636363636,0.045492045454545445,0.6645755681818182,0.8212982954545454,,,,,24167.022727272728,28182.0,0.0,7.0,2.0,1.0,1.0,0.0,0.0,0.0,0.0,0.0,0.0,-1.3268039165203784
3541.0,1.0,6.0,3.0,4.0,1.0,5290.0,0.5225,0.0841,0.3166,0.0087,0.0036,0.0017000000000000001,0.028500000000000004,0.0331,0.0011,0.1289,0.40679999999999994,0.5279,0.8244,976.0,6856.0,15544.0,12717.0,18915.0,1.0,50.0,5.0,1.0,0.0,1.0,0.0,1.0,0.0,1.0,1.0,-0.9186080448293154
3023.0,2.0,3.0,3.0,4.0,1.0,2636.0,0.7648,0.0945,0.0425,0.0099,0.0004,0.0004,0.0436,0.0167,0.0273,0.0884,0.311,0.7152,0.7274,1100.0,32190.0,32190.0,21585.0,43603.0,1.0,52.0,4.0,0.0,0.0,1.0,0.0,1.0,0.0,1.0,1.0,-0.6999114135027252
1417.0,1.0,1.0,3.0,4.0,4.0,22294.0,0.5993138602314524,0.061271597739302054,0.10010509554140128,0.09704207410065487,0.0011905445411321432,0.0006729613348883108,0.0269962411411142,0.03927887323943663,0.0741125684040549,0.05390199156723782,0.23267245895756708,0.4882544092580963,0.524097568852606,1200.7652283125506,12308.75948685745,32488.75948685745,18127.36503095003,24436.81008343052,1.0,118.0,7.0,1.0,1.0,1.0,0.0,1.0,1.0,1.0,1.0,-1.2359716167082222
7096.0,1.0,6.0,2.0,2.0,1.0,3858.0,0.5283,0.1617,0.2685,0.0301,0.0044,0.0023,0.0044,0.0,0.0003,0.7429,0.2407,0.0606,,,1773.0,3873.0,7141.0,12430.0,1.0,27.0,2.0,1.0,1.0,0.0,0.0,0.0,0.0,0.0,0.0,-1.8947430010229311
1466.0,2.0,5.0,3.0,4.0,2.0,3913.0,0.2004,0.3177,0.2867,0.0153,0.0038,0.0015,0.0164,0.0741,0.0841,0.1518,0.5045,0.6733,0.4611,938.0,28160.0,28160.0,23985.0,43885.0,1.0,63.0,5.0,0.0,0.0,1.0,0.0,1.0,1.0,1.0,1.0,-0.7290186147722246
9684.0,1.0,5.0,2.0,2.0,1.0,1812.0,0.8041000000000001,0.043,0.0728,0.013800000000000002,0.0061,0.0,0.0,0.011,0.0491,0.6247,0.43799999999999994,0.154,,,2389.0,8533.0,8477.0,13838.0,1.0,47.0,2.0,1.0,1.0,0.0,0.0,0.0,0.0,0.0,0.0,-1.1075720300395817
1401.0,3.0,1.0,3.0,4.0,1.0,6594.0,0.3582,0.2008,0.0657,0.0103,0.0047,0.003,0.0285,0.0031999999999999997,0.32560000000000006,0.6019,0.4695,0.5653,0.8707,855.0,16510.0,16510.0,31106.0,34350.0,1.0,29.0,6.0,1.0,1.0,1.0,1.0,1.0,0.0,0.0,1.0,-0.24931916682436644
3928.0,1.0,7.0,2.0,2.0,1.0,2449.0,0.8689,0.014699999999999998,0.05229999999999999,0.0073,0.0037000000000000006,0.002,0.0163,0.0078,0.0269,0.325,0.2188,0.1455,,,2592.0,6576.0,6861.0,11621.0,1.0,78.0,2.0,1.0,1.0,0.0,0.0,0.0,0.0,0.0,0.0,-1.4571210860457775
39034.0,3.0,2.0,1.0,1.0,1.0,201.0,0.024900000000000002,0.3781,0.5721,0.010000000000000002,0.0,0.0,0.0,0.0,0.0149,0.602,0.8533,0.8443,,,,,8200.0,10703.0,0.0,1.0,1.0,1.0,0.0,0.0,0.0,0.0,0.0,0.0,0.0,-1.7970312631571534
2288.0,2.0,3.0,3.0,4.0,1.0,976.0,0.5277,0.1609,0.0225,0.0092,0.001,0.0656,0.0225,0.0369,0.1537,0.2469,0.4217,0.6589,0.4059,972.0,20486.0,20486.0,16693.0,26820.0,1.0,29.0,3.0,0.0,1.0,1.0,0.0,1.0,0.0,0.0,0.0,-0.6881705685090977
41483.0,3.0,7.0,3.0,3.0,1.0,790.0,0.6949,0.04939999999999999,0.0747,0.0557,0.007599999999999999,0.0025,0.057,0.0,0.0582,0.0,0.3175,0.8118,,,18407.0,18407.0,,,,1.0,2.0,0.0,1.0,1.0,0.0,0.0,0.0,0.0,0.0,-1.1272425290141568
2656.0,1.0,6.0,2.0,2.0,1.0,459.0,0.3246,0.1852,0.2288,0.0305,0.0109,0.0675,0.061,0.0893,0.0022,0.0,0.3255,0.2106,0.39890000000000003,945.0,4536.0,9647.0,5181.0,14506.0,1.0,1.0,1.0,0.0,1.0,0.0,0.0,0.0,0.0,0.0,0.0,-2.34547041194112
24911.0,3.0,5.0,2.0,3.0,2.0,1260.0,0.6968609523809524,0.2492031746031746,0.009476825396825397,0.005548253968253969,0.003174920634920635,0.003183174603174603,0.019857460317460312,0.0,0.012651746031746031,0.4769907936507936,0.8222203174603174,0.8909098412698412,,,12906.0,12906.0,21122.101587301586,25484.501587301587,1.0,17.0,4.0,1.0,1.0,1.0,1.0,0.0,0.0,0.0,0.0,-0.45699383577203384
3265.0,2.0,2.0,3.0,3.0,1.0,2182.0,0.5962,0.0555,0.0811,0.0463,0.0009,0.0,0.0202,0.137,0.0628,0.0041,0.1519,0.4105,0.3893,,48514.0,48514.0,27721.0,60765.0,1.0,36.0,1.0,0.0,0.0,1.0,0.0,0.0,0.0,0.0,0.0,-1.3879246104883405
6949.0,1.0,3.0,2.0,2.0,1.0,8295.0,0.7248,0.1532,0.041,0.0137,0.0055,0.0001,0.0262,0.0088,0.0266,0.6131,0.4465,0.3281,,,2881.0,6601.0,4281.0,8551.0,1.0,40.0,2.0,1.0,1.0,0.0,0.0,0.0,0.0,0.0,0.0,-1.3816957016089413
6777.0,1.0,7.0,2.0,2.0,1.0,1625.0,0.8295,0.0037,0.0172,0.0123,0.024,0.0043,0.0,0.0006,0.1083,0.3889000000000001,0.41429999999999995,0.2775,,,3837.0,10977.0,7965.0,12907.0,1.0,39.0,2.0,1.0,1.0,0.0,0.0,0.0,0.0,0.0,0.0,-1.2998023297664472
21782.0,3.0,5.0,1.0,1.0,1.0,121.0,0.7934,0.1074,0.0,0.0331,0.0,0.0,0.0661,0.0,0.0,0.0,0.6216,0.3514,,,,,4983.0,8782.0,0.0,1.0,1.0,1.0,0.0,0.0,0.0,0.0,0.0,0.0,0.0,-1.0678457295314343
1078.0,1.0,6.0,1.0,2.0,1.0,9921.0,0.2543,0.1104,0.4619,0.0345,0.027200000000000002,0.0027,0.015200000000000002,0.0042,0.0895,0.6933,0.4639,0.2621,,,2046.0,7830.0,7937.0,12413.0,1.0,52.0,2.0,1.0,1.0,0.0,0.0,0.0,0.0,0.0,0.0,-1.8008537926917474
8568.0,3.0,2.0,2.0,2.0,1.0,372.0,0.9301,0.0296,0.0215,0.005399999999999999,0.0,0.0,0.0134,0.0,0.0,0.0,0.487,0.9089000000000002,,,14600.0,14600.0,16280.0,20891.0,1.0,2.0,1.0,0.0,1.0,0.0,0.0,0.0,0.0,0.0,0.0,-0.9316026910581062
25336.0,3.0,3.0,1.0,1.0,5.0,768.0,0.6966242187499999,0.16145234374999998,0.085928515625,0.013008723958333334,0.007793619791666667,0.0012997395833333333,0.02081015625,0.0,0.013004166666666666,0.0,0.716223046875,0.55637265625,,,,,18229.567708333332,21930.651041666668,0.0,3.0,2.0,1.0,1.0,0.0,0.0,0.0,0.0,0.0,0.0,-1.1523027076553818
11617.0,2.0,2.0,1.0,1.0,1.0,227.0,0.4626,0.1674,0.1674,0.0969,0.0044,0.0088,0.0264,0.0,0.0661,0.0,0.7097,0.4194,,,21525.0,21525.0,42023.0,45069.0,1.0,2.0,2.0,1.0,1.0,0.0,0.0,0.0,0.0,0.0,0.0,-2.063173501403857
1540.0,2.0,5.0,3.0,4.0,2.0,1288.0,0.46896475155279504,0.16537872670807455,0.06595194099378882,0.010860248447204969,0.009292624223602485,0.0007932453416149069,0.020159860248447202,0.17860683229813665,0.07994510869565218,0.05897243788819876,0.4426881987577639,0.6642256987577639,0.536256599378882,945.333850931677,23869.75155279503,23869.75155279503,21337.509316770185,37960.02717391304,1.0,34.0,3.0,0.0,1.0,1.0,0.0,1.0,0.0,0.0,0.0,-0.5912131310905896
22449.0,2.0,1.0,2.0,3.0,1.0,3291.0,0.5397,0.2249,0.1817,0.0222,0.0033,0.0012,0.0216,0.004,0.0014999999999999998,0.8171,0.526,0.8323,,,19450.0,19450.0,21948.0,32433.0,1.0,24.0,3.0,1.0,1.0,1.0,0.0,0.0,0.0,0.0,0.0,-0.26341996419604446
6835.0,1.0,5.0,2.0,2.0,1.0,2001.0,0.7266,0.2139,0.024,0.004,0.0035,0.0,0.0185,0.001,0.0085,0.4423,0.4921,0.2493,,,3827.0,14891.0,6149.0,11579.0,1.0,20.0,2.0,1.0,1.0,0.0,0.0,0.0,0.0,0.0,0.0,-1.6556574876843835
1891.0,2.0,4.0,3.0,4.0,1.0,1764.0,0.6723,0.1202,0.0771,0.0204,0.0051,0.0011,0.034,0.0102,0.0595,0.0992,0.4931,0.8294,0.7788,941.0,26950.0,26950.0,22143.0,35300.0,1.0,32.0,4.0,0.0,0.0,1.0,0.0,1.0,1.0,1.0,0.0,-0.6871095733597469
3530.0,1.0,5.0,3.0,4.0,1.0,21396.0,0.7978999999999999,0.0722,0.0317,0.0304,0.0022,0.0,0.029399999999999996,0.013999999999999999,0.0223,0.0569,0.3005,0.4306,0.7483,1198.0,11876.0,30326.0,15949.0,27450.0,1.0,111.0,5.0,0.0,0.0,1.0,0.0,1.0,1.0,1.0,1.0,-1.0780610885782882
1890.0,1.0,4.0,3.0,4.0,1.0,9882.0,0.8522,0.0286,0.0338,0.0086,0.002,0.0007,0.0191,0.0362,0.0187,0.0826,0.2598,0.5998,0.7691,1050.0,7749.0,17647.0,14980.0,18618.0,1.0,88.0,3.0,0.0,0.0,1.0,0.0,1.0,1.0,0.0,0.0,-1.030384521223674
2165.0,2.0,1.0,3.0,4.0,1.0,3944.0,0.4194,0.0545,0.0363,0.25,0.0013000000000000002,0.0008,0.0035,0.1194,0.1149,0.039,0.2797,0.7075,0.8401,1074.0,30400.0,30400.0,34271.0,44449.0,1.0,17.0,7.0,1.0,0.0,1.0,1.0,1.0,1.0,1.0,1.0,-1.6138840138605695
1962.0,2.0,5.0,3.0,4.0,1.0,1844.0,0.7706,0.0738,0.0201,0.0016,0.0038,0.0011,0.0103,0.0575,0.0613,0.08300000000000002,0.4079,0.5115,0.6628,1038.0,20000.0,20000.0,16825.0,33107.0,1.0,38.0,6.0,0.0,1.0,1.0,0.0,1.0,1.0,1.0,1.0,-1.1053629743321136
4506.0,1.0,7.0,1.0,3.0,1.0,3558.0,0.7015,0.0093,0.1824,0.006999999999999999,0.0059,0.0011,0.0166,0.0014,0.07480000000000002,0.5438,0.1761,0.18059999999999998,,,1548.0,7788.0,9753.0,13773.0,1.0,39.0,3.0,1.0,1.0,1.0,0.0,0.0,0.0,0.0,0.0,-1.5898472626690963
30118.0,3.0,6.0,1.0,1.0,1.0,34.0,0.0,0.0294,0.9706,0.0,0.0,0.0,0.0,0.0,0.0,0.7941,0.2833,0.6,,,,,6289.0,11934.0,0.0,1.0,1.0,1.0,0.0,0.0,0.0,0.0,0.0,0.0,0.0,-0.9396091268200311
10130.0,3.0,6.0,2.0,3.0,1.0,207.0,0.20290000000000002,0.3333,0.1546,0.0338,0.0145,0.0145,0.0,0.009700000000000002,0.2367,0.23189999999999997,0.6716,0.8905,,,13055.0,13055.0,20022.0,23922.0,1.0,2.0,2.0,0.0,1.0,1.0,0.0,0.0,0.0,0.0,0.0,-0.46880948206016426
2086.0,2.0,2.0,3.0,4.0,1.0,1806.0,0.711,0.1052,0.0936,0.023299999999999998,0.0032999999999999995,0.0011,0.0371,0.0094,0.0161,0.046,0.2252,0.6215,0.6687,1048.0,36021.0,36021.0,28771.0,48273.0,1.0,39.0,3.0,0.0,0.0,1.0,0.0,1.0,0.0,0.0,1.0,-0.92561267049551
2414.0,2.0,5.0,3.0,4.0,1.0,762.0,0.7454,0.10760000000000002,0.021000000000000005,0.0446,0.0079,0.0,0.0079,0.0354,0.030199999999999998,0.0118,0.1962,0.5538,0.5718,1178.0,33982.0,33982.0,21360.0,46491.0,1.0,33.0,2.0,0.0,0.0,1.0,0.0,1.0,0.0,0.0,0.0,-0.6903283967040829
21519.0,2.0,5.0,2.0,4.0,14.0,18018.0,0.39,0.2177,0.3127,0.0184,0.0017,0.0007,0.0381,0.0029,0.0178,0.259,0.6485,0.69,0.48680000000000007,,16936.0,16936.0,23454.0,27463.0,1.0,62.0,7.0,1.0,1.0,1.0,1.0,1.0,1.0,0.0,1.0,-0.4183577166644702
1905.0,2.0,4.0,3.0,3.0,1.0,483.0,0.706,0.147,0.0973,0.0041,0.0041,0.0,0.0207,0.0207,0.0,0.0311,0.4295,0.749,0.491,1000.0,24200.0,24200.0,18822.0,35106.0,1.0,24.0,2.0,1.0,0.0,1.0,0.0,0.0,0.0,0.0,0.0,-0.7319270914459756
10633.0,1.0,6.0,2.0,2.0,1.0,58084.0,0.143,0.3182,0.3161,0.0926,0.002,0.0022,0.0151,0.0911,0.0198,0.7027,0.668,0.3348,,,1630.0,3754.0,9646.0,13917.0,1.0,64.0,2.0,1.0,1.0,0.0,0.0,0.0,0.0,0.0,0.0,-1.036654858457457
2071.0,1.0,2.0,2.0,2.0,1.0,5248.0,0.666,0.1397,0.1006,0.0469,0.0038,0.0,0.030899999999999997,0.006500000000000001,0.0057,0.6138,0.23669999999999997,0.12030000000000002,,,3227.0,8479.0,5683.0,9619.0,1.0,46.0,2.0,1.0,1.0,0.0,0.0,0.0,0.0,0.0,0.0,-1.740337009250038
10182.0,1.0,8.0,2.0,2.0,1.0,4316.0,0.7491,0.0083,0.1323,0.0111,0.015300000000000001,0.006,0.0322,0.0005,0.0452,0.5959,0.5839,0.3031,,,3825.0,4545.0,9762.0,14224.0,1.0,48.0,2.0,1.0,1.0,0.0,0.0,0.0,0.0,0.0,0.0,-0.7710390388131985
1307.0,1.0,8.0,2.0,2.0,1.0,19770.0,0.2341,0.05909999999999999,0.5094,0.1477,0.0057,0.0019000000000000002,0.0262,0.0003,0.0157,0.63,0.3851,0.0227,,,1188.0,6828.0,4503.0,10698.0,1.0,74.0,2.0,1.0,1.0,0.0,0.0,0.0,0.0,0.0,0.0,-2.219937138194089
1314.0,1.0,8.0,3.0,4.0,1.0,24474.0,0.1607,0.0178,0.2399,0.4071,0.0005,0.0041,0.041,0.1174,0.011500000000000002,0.0142,0.4536,0.4349,0.3742,1168.0,13179.0,36057.0,12771.0,29759.0,1.0,91.0,5.0,0.0,0.0,1.0,0.0,1.0,1.0,1.0,1.0,-1.6831219852313744
2868.0,1.0,2.0,2.0,2.0,1.0,8582.0,0.7474,0.1067,0.0592,0.0451,0.0044,0.0031,0.0275,0.0036,0.0029,0.2808,0.2901,0.2672,,,4754.0,12714.0,9229.0,13091.0,1.0,62.0,2.0,1.0,1.0,0.0,0.0,0.0,0.0,0.0,0.0,-1.4536231036139167
26023.0,3.0,8.0,1.0,1.0,1.0,276.0,0.0833,0.0109,0.8333,0.0181,0.0072,0.0072,0.0072,0.0,0.0326,0.163,0.7074,0.3813,0.4696,,,,14515.0,18038.0,0.0,10.0,2.0,1.0,1.0,0.0,0.0,0.0,0.0,0.0,0.0,-1.697547758473471
3705.0,1.0,5.0,3.0,4.0,1.0,6256.0,0.5895,0.074,0.0913,0.0785,0.0016,0.0005,0.0446,0.0545,0.0655,0.0074,0.1162,0.2887,0.33020000000000005,1373.0,17656.0,39916.0,17194.0,28329.0,1.0,40.0,6.0,0.0,0.0,1.0,1.0,1.0,1.0,1.0,1.0,-1.379378610456501
1788.0,2.0,3.0,3.0,4.0,1.0,4013.0,0.8283,0.0366,0.0334,0.0259,0.0017,0.0,0.0214,0.0232,0.0294,0.0135,0.1649,0.5742,0.6846,1205.0,35652.0,35652.0,30814.0,48784.0,1.0,65.0,7.0,1.0,1.0,1.0,1.0,1.0,0.0,1.0,1.0,-1.0887561841447324
22781.0,1.0,6.0,2.0,2.0,1.0,3729.0,0.3475,0.0193,0.5267,0.0147,0.0359,0.0016,0.0131,0.0013,0.0397,0.6042,0.297,0.1181,,,1494.0,3249.0,9602.0,14698.0,1.0,63.0,2.0,1.0,1.0,0.0,0.0,0.0,0.0,0.0,0.0,-1.054777339958638
2246.0,2.0,3.0,3.0,4.0,2.0,438.0,0.8059,0.0662,0.0251,0.0137,0.0,0.0,0.0,0.0137,0.0753,0.3493,0.48219999999999996,0.7578,0.7929,990.0,19200.0,19200.0,8705.0,18625.0,1.0,18.0,5.0,1.0,1.0,1.0,0.0,1.0,0.0,0.0,1.0,-1.0220081069270157
3869.0,2.0,3.0,3.0,4.0,1.0,716.0,0.4944,0.2388,0.1466,0.0712,0.007000000000000001,0.0014,0.0335,0.0028,0.0042,0.095,0.4914,0.8088999999999998,0.3527,930.0,25852.0,25852.0,13333.0,34931.0,1.0,36.0,7.0,1.0,0.0,1.0,1.0,1.0,1.0,1.0,1.0,-0.6562726531679184
2091.0,1.0,2.0,3.0,4.0,1.0,7782.0,0.725,0.1218,0.0406,0.0253,0.004,0.0012000000000000001,0.0368,0.0134,0.032,0.0576,0.2115,0.5161,0.5469,,8560.0,16906.0,16641.0,21784.0,1.0,43.0,6.0,0.0,0.0,1.0,1.0,1.0,1.0,1.0,1.0,-1.0747586097887094
30716.0,3.0,5.0,1.0,2.0,5.0,933.0,0.014990996784565917,0.10076130760986067,0.8488574490889604,0.0,0.0021420150053590567,0.0010683815648445873,0.004264951768488747,0.025705466237942128,0.0021286173633440516,0.0,1.0,1.0,,,16417.449088960344,16417.449088960344,20210.88317256163,25913.55412647374,1.0,17.0,3.0,1.0,1.0,1.0,0.0,0.0,0.0,0.0,0.0,-1.2396108591029134
2742.0,2.0,2.0,3.0,4.0,1.0,509.0,0.4244,0.0472,0.057,0.1336,0.0,0.002,0.0609,0.2574,0.0177,0.002,0.1532,0.3838,0.0843,,38190.0,38190.0,28268.0,55640.0,1.0,3.0,6.0,1.0,0.0,1.0,1.0,1.0,1.0,0.0,1.0,-0.3943446811948186
30745.0,3.0,8.0,1.0,1.0,1.0,245.0,0.7959,0.0245,0.0408,0.0122,0.0163,0.0,0.1102,0.0,0.0,1.0,0.3768,0.5913,,,,,,,,1.0,1.0,1.0,0.0,0.0,0.0,0.0,0.0,0.0,0.0,-0.8103072315733708
41476.0,3.0,8.0,1.0,1.0,1.0,178.0,0.4494,0.0787,0.236,0.06180000000000001,0.0112,0.0112,0.1461,0.0,0.0056,0.0674,0.4619,0.4664,0.9948999999999999,,,,8972.0,12415.0,0.0,2.0,2.0,1.0,1.0,0.0,0.0,0.0,0.0,0.0,0.0,-1.384753620074355
8655.0,3.0,5.0,1.0,1.0,1.0,422.0,0.59,0.3436,0.0355,0.014199999999999999,0.0024,0.0024,0.0024,0.0,0.009500000000000001,0.09480000000000001,0.6198,0.5702,,,,,12506.0,15756.0,0.0,5.0,1.0,1.0,0.0,0.0,0.0,0.0,0.0,0.0,0.0,-1.2728963055997984
1044.0,2.0,5.0,3.0,3.0,1.0,1056.0,0.0748,0.9034,0.017,0.0019000000000000002,0.0,0.0,0.0,0.0019000000000000002,0.0009,0.1061,0.8436,0.8992,0.5901,811.0,15865.0,15865.0,17002.0,26185.0,1.0,14.0,1.0,0.0,0.0,1.0,0.0,0.0,0.0,0.0,0.0,-0.19770135452210558
1864.0,1.0,4.0,2.0,2.0,1.0,1465.0,0.8007,0.060099999999999994,0.0642,0.013699999999999999,0.0082,0.002,0.002,0.0171,0.0321,0.2703,0.3131,0.3863,,,5516.0,5868.0,10293.0,14218.0,1.0,39.0,2.0,1.0,1.0,0.0,0.0,0.0,0.0,0.0,0.0,-1.278801944946585
3799.0,2.0,8.0,3.0,4.0,1.0,1639.0,0.6992,0.0317,0.1342,0.0714,0.0098,0.0049,0.0017999999999999997,0.0079,0.039,0.0354,0.296,0.5907,0.5779,1075.0,25866.0,25866.0,23107.0,35351.0,1.0,54.0,4.0,1.0,1.0,1.0,0.0,1.0,0.0,0.0,0.0,-0.8353099990163714
2632.0,2.0,2.0,3.0,4.0,1.0,5609.0,0.5031,0.1162,0.182,0.0906,0.0011,0.0025,0.0255,0.023399999999999997,0.0556,0.0485,0.3036,0.5616,0.7554,1133.0,36926.0,36926.0,26177.0,48457.0,1.0,67.0,5.0,0.0,0.0,1.0,0.0,1.0,1.0,1.0,1.0,-1.126726183954401
37773.0,3.0,5.0,1.0,1.0,1.0,383.0,0.5561,0.2977,0.0679,0.0052,0.0052,0.0,0.013100000000000002,0.0026,0.05220000000000001,0.2637,0.5535,0.9330999999999999,,,,,16103.0,20842.0,0.0,1.0,1.0,1.0,0.0,0.0,0.0,0.0,0.0,0.0,0.0,-0.6214263856299007
12586.0,1.0,4.0,2.0,2.0,1.0,7275.0,0.6142,0.1513,0.113,0.033,0.0096,0.0025,0.0199,0.010199999999999999,0.0463,0.5714,0.3251,0.15099999999999997,,,2610.0,3803.0,6432.0,10179.0,1.0,51.0,2.0,1.0,1.0,0.0,0.0,0.0,0.0,0.0,0.0,-1.5515189491572294
3404.0,2.0,1.0,3.0,4.0,4.0,14496.0,0.5072799254966887,0.16571305877483444,0.12126230684326711,0.00985175220750552,0.002143653421633554,0.0006405215231788079,0.05879756484547461,0.06388568570640177,0.07049595060706403,0.06152019177704194,0.39654201848785875,0.8170245447019867,0.7784260224343343,,28539.0,28539.0,24653.6724726538,40724.1831672821,1.0,39.0,6.0,1.0,1.0,1.0,0.0,1.0,1.0,0.0,1.0,-0.5127775636450816
2531.0,1.0,7.0,3.0,4.0,2.0,2437.0,0.8067462043496101,0.007803528929011079,0.016818547394337302,0.009858186294624538,0.018033935166187936,0.0,0.00038325810422650805,0.08574718916700862,0.05455584735330324,0.09234521953221174,0.36754214197784163,0.46994579400902753,0.9075,1125.0,5733.309807139926,16591.986869101354,11207.50143619204,15782.908083709479,1.0,44.0,6.0,1.0,1.0,1.0,0.0,1.0,1.0,0.0,1.0,-1.0638644019404384
32503.0,2.0,8.0,1.0,1.0,1.0,411.0,0.2749,0.1825,0.4234,0.1022,0.0,0.017,0.0,0.0,0.0,0.0,0.879,0.9849,,,,,17706.0,21668.0,0.0,2.0,2.0,1.0,1.0,0.0,0.0,0.0,0.0,0.0,0.0,-0.6567315821642461
9256.0,1.0,3.0,1.0,2.0,1.0,3143.0,0.9147,0.0159,0.0379,0.010200000000000002,0.0029,0.0006,0.0159,0.0,0.0019,0.6841000000000002,0.2078,0.2979,,,4151.0,6039.0,9976.0,13323.0,1.0,53.0,2.0,1.0,1.0,0.0,0.0,0.0,0.0,0.0,0.0,-1.6854078062361437
25485.0,3.0,5.0,1.0,1.0,1.0,116.0,0.9138,0.0603,0.0086,0.0172,0.0,0.0,0.0,0.0,0.0,0.0,0.4063,0.5,,,,,11011.0,14414.0,0.0,2.0,1.0,1.0,0.0,0.0,0.0,0.0,0.0,0.0,0.0,-0.7305170695683766
21142.0,2.0,2.0,2.0,2.0,1.0,455.0,0.7495,0.05269999999999999,0.033,0.011,0.0,0.0,0.0066,0.0,0.1473,0.0505,0.6042,0.8244,0.4325,,17514.0,17514.0,17996.0,24846.0,1.0,14.0,2.0,1.0,1.0,0.0,0.0,0.0,0.0,0.0,0.0,-1.5259476019350748
2199.0,2.0,1.0,3.0,4.0,1.0,15468.0,0.4812973622963537,0.04960677527799327,0.07161347297646754,0.10061536074476339,0.0006682699767261443,0.0002383242823894492,0.03597059736229635,0.1900612619601759,0.06974134988363072,0.12774760796483062,0.13529369019912077,0.42412454098784585,0.32220000000000004,1420.0,43440.0,43440.0,32715.0,57981.0,1.0,107.0,7.0,1.0,1.0,1.0,0.0,1.0,1.0,1.0,1.0,-1.33920275358604
3296.0,2.0,2.0,3.0,4.0,1.0,1878.0,0.7939,0.0213,0.0591,0.017,0.0,0.0011,0.0165,0.0122,0.0788,0.0485,0.3632,0.7882,0.7418,1030.0,31695.0,31695.0,22150.0,43586.0,1.0,59.0,5.0,0.0,0.0,1.0,0.0,1.0,1.0,1.0,1.0,-0.7568535656806304
3604.0,2.0,6.0,3.0,4.0,1.0,3888.0,0.3794,0.0674,0.1499,0.2261,0.001,0.0003,0.0448,0.1178,0.0134,0.0116,0.1652,0.1682,0.151,1460.0,40566.0,40566.0,16466.0,54291.0,1.0,53.0,4.0,0.0,0.0,1.0,0.0,1.0,1.0,0.0,1.0,-2.0987761450313913
1652.0,1.0,3.0,2.0,2.0,1.0,8513.0,0.12349999999999998,0.3176,0.4034,0.0903,0.0022,0.0009,0.0176,0.0035,0.0409,0.3331,0.5357,0.1425,,,3070.0,7891.0,6071.0,10999.0,1.0,29.0,3.0,1.0,1.0,0.0,1.0,0.0,0.0,0.0,0.0,-1.848961360383721
3682.0,2.0,1.0,3.0,4.0,1.0,631.0,0.691,0.0127,0.0507,0.0269,0.0174,0.0,0.0349,0.1284,0.038,0.0048,0.23420000000000002,0.5703,0.6721,,46667.0,46667.0,27901.0,61920.0,1.0,63.0,4.0,0.0,0.0,1.0,1.0,1.0,0.0,0.0,1.0,-0.3870661106471813
2453.0,2.0,4.0,3.0,4.0,1.0,2962.0,0.8284976367319378,0.08578102633355841,0.01590243079000675,0.004063639432815664,0.006120661715057394,0.0010206617150573937,0.014525557056043213,0.010115631330182309,0.034133085752869684,0.22685796758946658,0.2666133355840648,0.44285151924375427,0.6053,1050.0,21830.0,21830.0,17485.0,32970.0,1.0,47.0,3.0,0.0,1.0,1.0,0.0,1.0,0.0,0.0,0.0,-1.0226587425627094
3466.0,1.0,4.0,3.0,4.0,1.0,1693.0,0.8434999999999999,0.023,0.0319,0.0112,0.0207,0.0029999999999999996,0.021899999999999996,0.0425,0.0023999999999999994,0.1872,0.2272,0.4303,0.8289000000000001,1025.0,7563.0,10042.0,14597.0,18137.0,1.0,39.0,5.0,1.0,1.0,1.0,0.0,1.0,0.0,0.0,1.0,-0.7577277035036003
10147.0,1.0,2.0,1.0,1.0,1.0,336.0,0.6667,0.125,0.11899999999999998,0.0417,0.0,0.003,0.0089,0.0,0.0357,0.3899,0.3745,0.8853,,,,,23360.0,26327.0,0.0,5.0,1.0,1.0,0.0,0.0,0.0,0.0,0.0,0.0,0.0,-1.4770926176745212
4452.0,1.0,2.0,2.0,2.0,1.0,10968.0,0.5994,0.1516,0.056799999999999996,0.0558,0.0036,0.0026,0.026599999999999995,0.0179,0.0857,0.6121,0.2744,0.2725,,,4740.0,13080.0,8707.0,11798.0,1.0,62.0,2.0,1.0,1.0,0.0,0.0,0.0,0.0,0.0,0.0,-1.3174113826030807
10020.0,1.0,3.0,2.0,2.0,1.0,4404.0,0.8143,0.1024,0.0163,0.0052,0.0077,0.0011,0.0002,0.0009,0.0518,0.5134,0.2445,0.129,,,3388.0,10392.0,5896.0,8543.0,1.0,48.0,2.0,1.0,1.0,0.0,0.0,0.0,0.0,0.0,0.0,-1.720605854621905
41337.0,3.0,2.0,1.0,1.0,1.0,284.0,0.028199999999999996,0.2359,0.257,0.4261,0.0,0.0,0.0528,0.0,0.0,0.6197,0.1429,0.1257,,,,,15431.0,19524.0,0.0,2.0,1.0,1.0,0.0,0.0,0.0,0.0,0.0,0.0,0.0,-1.0432891378969358
2699.0,2.0,2.0,3.0,4.0,1.0,3130.0,0.8351,0.0211,0.0463,0.0326,0.0026,0.0003,0.0214,0.0236,0.0169,0.0029,0.2772,0.7662,0.6214,1195.0,42530.0,42530.0,27629.0,57221.0,1.0,43.0,5.0,0.0,0.0,1.0,0.0,1.0,1.0,1.0,1.0,-1.2383296369608958
22977.0,3.0,9.0,1.0,1.0,4.0,1587.0,0.0,0.0,1.0,0.0,0.0,0.0,0.0,0.0,0.0,0.0,0.971548645242596,0.26203137996219283,,,7256.0,7256.0,5293.154379332073,11205.87838689351,1.0,4.0,1.0,1.0,0.0,0.0,0.0,0.0,0.0,0.0,0.0,-2.0954837911009214
2405.0,1.0,5.0,2.0,2.0,1.0,4127.0,0.4834,0.4592,0.0138,0.0034,0.0027,0.0002,0.0201,0.0,0.0172,0.385,0.6558,0.4564,,,2600.0,4800.0,3662.0,10176.0,1.0,90.0,2.0,1.0,1.0,0.0,0.0,0.0,0.0,0.0,0.0,-1.3217410349278735
10453.0,1.0,3.0,2.0,2.0,1.0,1136.0,0.9481,0.0123,0.0123,0.0018,0.0062,0.0009,0.0114,0.0,0.007,0.4269,0.3309,0.2494,,,4430.0,8600.0,6588.0,10591.0,1.0,38.0,2.0,1.0,1.0,0.0,0.0,0.0,0.0,0.0,0.0,-1.2393750475823355
1613.0,1.0,8.0,2.0,2.0,1.0,5764.0,0.0985,0.012,0.0817,0.4093,0.0014,0.0338,0.24120000000000003,0.1178,0.0043,0.5073,0.2026,0.1082,,,2796.0,7644.0,4415.0,9000.0,1.0,26.0,2.0,1.0,1.0,0.0,0.0,0.0,0.0,0.0,0.0,-1.5753607369665488
41802.0,3.0,2.0,1.0,1.0,1.0,145.0,0.6,0.2414,0.1103,0.0,0.0,0.0,0.0,0.0,0.0483,0.5931,0.3244,0.4046,,,,,13484.0,15793.0,0.0,1.0,1.0,1.0,0.0,0.0,0.0,0.0,0.0,0.0,0.0,-1.4281779911571548
25383.0,3.0,5.0,1.0,2.0,2.0,659.0,0.2488412746585736,0.7344321699544766,0.00455629742033384,0.00755113808801214,0.0015077389984825492,0.0,0.0030485584218512903,0.0,0.0,0.0,0.5941984825493172,0.6772118361153262,,,,,18225.32928679818,21606.986342943856,0.0,6.0,2.0,1.0,1.0,0.0,0.0,0.0,0.0,0.0,0.0,-1.5323351055348158
37593.0,3.0,8.0,1.0,1.0,1.0,111.0,0.2973,0.0721,0.4865,0.1351,0.0,0.0,0.0,0.0,0.009,0.0,0.8146,0.37750000000000006,,,,,13571.0,17529.0,0.0,3.0,1.0,1.0,0.0,0.0,0.0,0.0,0.0,0.0,0.0,-1.836693807383036
1192.0,1.0,8.0,2.0,2.0,1.0,7864.0,0.6152,0.0127,0.2701,0.0323,0.0056,0.0017,0.0509,0.0036,0.008,0.5324,0.1735,0.0514,,,1234.0,6408.0,10855.0,16075.0,1.0,69.0,2.0,1.0,1.0,0.0,0.0,0.0,0.0,0.0,0.0,-1.2086237898868004
10345.0,1.0,3.0,2.0,2.0,1.0,8965.0,0.5789,0.2852,0.0194,0.0143,0.0041,0.0012,0.0288,0.016,0.0521,0.6123,0.4409,0.5192,,,3825.0,7393.0,7040.0,9846.0,1.0,58.0,2.0,1.0,1.0,0.0,0.0,0.0,0.0,0.0,0.0,-1.0034312204741558
11673.0,2.0,1.0,3.0,4.0,1.0,420.0,0.8167,0.0143,0.0571,0.0214,0.0,0.0,0.05240000000000001,0.0167,0.0214,0.031,0.381,0.8148,0.9733,,31670.0,31670.0,28640.0,44429.0,1.0,5.0,2.0,0.0,0.0,1.0,0.0,1.0,0.0,0.0,0.0,-0.41230585429045347
1783.0,3.0,3.0,2.0,2.0,1.0,108.0,0.8519,0.1111,0.037,0.0,0.0,0.0,0.0,0.0,0.0,0.0,0.3241,0.537,,,,,,,,2.0,2.0,1.0,1.0,0.0,0.0,0.0,0.0,0.0,0.0,-1.4105907810515306
3287.0,2.0,2.0,3.0,4.0,1.0,4122.0,0.5475,0.187,0.1012,0.048,0.0032,0.0005,0.0599,0.0172,0.0354,0.1363,0.3745,0.6965,0.7823,994.0,39800.0,39800.0,24667.0,48965.0,1.0,73.0,8.0,1.0,1.0,1.0,1.0,1.0,1.0,1.0,1.0,-0.9920065536018514
3798.0,1.0,8.0,3.0,4.0,3.0,37634.0,0.4346538661848328,0.033523032364351384,0.07627459743848647,0.23209219322952648,0.005645756496784822,0.006364659616304406,0.06472083222617844,0.12852976563745547,0.018138693734389116,0.07624459265557741,0.28614726045597066,0.34869435616729555,0.6094512249561567,1186.8569378753255,12324.525854280704,33443.525854280706,12976.067757878514,24946.804538449276,1.0,174.0,6.0,0.0,0.0,1.0,1.0,1.0,1.0,1.0,1.0,-1.6806170113820442
22316.0,2.0,1.0,3.0,4.0,1.0,193.0,0.7254,0.0674,0.0725,0.0933,0.010400000000000001,0.010400000000000001,0.0,0.0,0.0207,0.0,0.0,0.8086,,,,,,,,5.0,5.0,0.0,0.0,1.0,0.0,1.0,1.0,1.0,1.0,-1.2500866494419491
1515.0,2.0,5.0,3.0,4.0,1.0,2670.0,0.6236,0.061,0.1562,0.0255,0.0022,0.0007,0.0318,0.0727,0.026200000000000005,0.0816,0.3071,0.49849999999999994,0.5729,,43080.0,43080.0,29048.0,57686.0,1.0,39.0,3.0,0.0,0.0,1.0,0.0,1.0,1.0,0.0,0.0,-0.8268378742208742
32033.0,3.0,2.0,1.0,1.0,1.0,53.0,0.8113,0.0755,0.0189,0.0377,0.0189,0.0,0.0377,0.0,0.0,0.4717,0.5618,0.6741999999999999,,,,,19896.0,22968.0,0.0,1.0,1.0,1.0,0.0,0.0,0.0,0.0,0.0,0.0,0.0,-0.9382906993384393
1839.0,2.0,3.0,3.0,4.0,3.0,2224.0,0.7392500899280576,0.026543075539568348,0.03284910071942446,0.0044747302158273375,0.0035622302158273378,0.0004462230215827338,0.021579946043165467,0.06425782374100718,0.1070111510791367,0.16456537769784174,0.31648096539162107,0.6210676684881603,0.7358420863309353,1078.0,24652.895683453236,24652.895683453236,21951.750455373407,37472.68761384335,1.0,39.0,4.0,0.0,1.0,1.0,0.0,1.0,1.0,0.0,0.0,-0.8270659981257324
3651.0,2.0,6.0,3.0,4.0,1.0,1324.0,0.6556,0.0196,0.1926,0.0438,0.0038,0.0015,0.037,0.0272,0.0189,0.0091,0.2087,0.5051,0.8512999999999998,1211.0,34430.0,34430.0,25093.0,48274.0,1.0,35.0,5.0,1.0,0.0,1.0,0.0,1.0,1.0,0.0,1.0,-0.9247764927723559
1024.0,1.0,5.0,3.0,4.0,1.0,1916.0,0.4421,0.4055,0.0224,0.0016,0.0016,0.001,0.013,0.06,0.0527,0.1174,0.5323,0.6733,0.7199,990.0,8018.0,14886.0,13092.0,17839.0,1.0,29.0,4.0,0.0,1.0,1.0,0.0,1.0,0.0,0.0,1.0,-0.5728151967202112
10161.0,3.0,5.0,1.0,1.0,1.0,186.0,0.4624,0.3656,0.0806,0.0323,0.010799999999999999,0.005399999999999999,0.0269,0.005399999999999999,0.010799999999999999,0.3011,0.4563,0.4434,,,,,17393.0,20433.0,0.0,2.0,2.0,1.0,1.0,0.0,0.0,0.0,0.0,0.0,0.0,-1.0634194546024591
2315.0,1.0,3.0,2.0,2.0,1.0,10471.0,0.6577,0.1593,0.0386,0.0326,0.0075,0.0011,0.022,0.0104,0.0709,0.6508,0.3693,0.1738,,,3474.0,6654.0,4650.0,9075.0,1.0,40.0,3.0,1.0,1.0,1.0,0.0,0.0,0.0,0.0,0.0,-1.4033387528720054
3578.0,2.0,6.0,3.0,4.0,1.0,6325.0,0.1918,0.0751,0.5983,0.0199,0.0035,0.0017,0.0104,0.0413,0.058,0.3251,0.40840000000000004,0.6087,0.9321,963.0,26490.0,26490.0,19401.0,35799.0,1.0,63.0,6.0,0.0,1.0,1.0,0.0,1.0,1.0,1.0,1.0,-0.7425191860089165
6756.0,1.0,5.0,1.0,2.0,1.0,1860.0,0.5188,0.3532,0.0258,0.0075,0.0011,0.0032,0.0075,0.0011,0.0817,0.4554,0.3241,0.0,,,3580.0,6342.0,7773.0,13338.0,1.0,22.0,2.0,1.0,1.0,0.0,0.0,0.0,0.0,0.0,0.0,-0.9073845224031587
2353.0,2.0,4.0,3.0,3.0,1.0,2455.0,0.844,0.0187,0.033,0.0395,0.0008,0.0004,0.035,0.026500000000000003,0.002,0.0126,0.2536,0.6709,0.6107,,40400.0,40400.0,23017.0,50008.0,1.0,39.0,1.0,0.0,0.0,1.0,0.0,0.0,0.0,0.0,0.0,-0.8962511302105898
3680.0,1.0,7.0,3.0,4.0,1.0,17413.0,0.6896,0.018,0.0963,0.0167,0.0052,0.0053,0.0229,0.0212,0.1247,0.386,0.2873,0.2561,,,5184.0,13838.0,10812.0,13733.0,1.0,88.0,5.0,1.0,1.0,1.0,0.0,1.0,0.0,0.0,1.0,-1.3149083020333416
25554.0,1.0,6.0,3.0,3.0,1.0,292.0,0.3116,0.1096,0.25,0.25,0.0103,0.0034,0.0,0.058199999999999995,0.0068,0.1541,0.3994,0.4984,,,,,,,,3.0,3.0,1.0,0.0,1.0,0.0,1.0,0.0,0.0,0.0,-1.9766554870293602
2708.0,2.0,2.0,3.0,3.0,1.0,2556.0,0.5501,0.0657,0.1111,0.1432,0.00039999999999999996,0.00039999999999999996,0.052000000000000005,0.0736,0.0035,0.011,0.1832,0.3254,0.2377,1343.0,46040.0,46040.0,24476.0,61171.0,1.0,45.0,1.0,0.0,0.0,1.0,0.0,0.0,0.0,0.0,0.0,-1.4980841645426206
3656.0,1.0,6.0,3.0,4.0,1.0,29616.0,0.4139,0.1478,0.23889999999999997,0.107,0.0026,0.0032,0.0317,0.04909999999999999,0.0056,0.4623,0.4003,0.5824,0.614,1053.0,8878.0,18102.0,13790.0,21594.0,1.0,86.0,7.0,1.0,0.0,1.0,1.0,1.0,1.0,1.0,1.0,-1.2825459291517811
1867.0,2.0,4.0,3.0,4.0,1.0,1977.0,0.7294,0.0809,0.0369,0.0298,0.003,0.0015,0.0319,0.0197,0.0668,0.1512,0.4318,0.813,0.987,967.0,23426.0,23426.0,18266.0,32667.0,1.0,47.0,3.0,1.0,0.0,1.0,0.0,1.0,0.0,0.0,0.0,-0.8534503236818958
2895.0,2.0,2.0,3.0,3.0,1.0,2389.0,0.5885,0.05569999999999999,0.1139,0.11050000000000001,0.0004,0.0,0.05779999999999999,0.0724,0.0008,0.0038000000000000004,0.23249999999999998,0.3714,0.2354,1403.0,49570.0,49570.0,21002.0,61320.0,1.0,42.0,2.0,0.0,0.0,1.0,0.0,1.0,0.0,0.0,0.0,-1.3433168011890342
9022.0,3.0,8.0,1.0,1.0,1.0,361.0,0.097,0.4376999999999999,0.38500000000000006,0.0166,0.0111,0.0055,0.036,0.0,0.0111,0.0,0.8116,0.3682000000000001,,,,,18327.0,22722.0,0.0,5.0,1.0,1.0,0.0,0.0,0.0,0.0,0.0,0.0,0.0,-0.9419789975463109
39563.0,1.0,5.0,1.0,2.0,1.0,5021.0,0.4963,0.3806,0.0317,0.0181,0.0052,0.0012,0.0197,0.0098,0.0374,0.3471,0.3468,0.0,,,3581.0,6761.0,7356.0,12659.0,1.0,38.0,2.0,1.0,1.0,0.0,0.0,0.0,0.0,0.0,0.0,-1.0499312094577882
41294.0,3.0,5.0,1.0,1.0,1.0,25.0,0.92,0.0,0.04,0.0,0.0,0.0,0.0,0.0,0.04,0.0,0.2685,0.3796,,,,,11802.0,14346.0,0.0,1.0,1.0,1.0,0.0,0.0,0.0,0.0,0.0,0.0,0.0,-1.111425266302914
3399.0,2.0,2.0,3.0,4.0,1.0,4720.0,0.8256,0.055900000000000005,0.0551,0.0163,0.0008,0.0002,0.029899999999999996,0.0028,0.0133,0.0816,0.252,0.6765,0.4549,1050.0,17630.0,17630.0,20705.0,28152.0,1.0,50.0,5.0,0.0,1.0,1.0,0.0,1.0,0.0,1.0,1.0,-0.8529740281162047
2639.0,2.0,2.0,3.0,4.0,1.0,2842.0,0.6397,0.023600000000000003,0.0922,0.0975,0.0011,0.0,0.0,0.0391,0.107,0.0004,0.20770000000000002,0.6336,0.4378000000000001,1346.0,45366.0,45366.0,28296.0,59384.0,1.0,45.0,4.0,0.0,0.0,1.0,0.0,1.0,1.0,0.0,1.0,-1.393417082355386
4508.0,1.0,7.0,3.0,4.0,1.0,10786.0,0.5049,0.0485,0.1724,0.0974,0.0036,0.0013,0.0442,0.09520000000000002,0.0324,0.2606,0.2701,0.3595,0.7299,1055.0,8500.0,22852.0,13774.0,19096.0,1.0,94.0,6.0,1.0,0.0,1.0,0.0,1.0,1.0,1.0,1.0,-1.1426680732388323
2371.0,2.0,4.0,3.0,4.0,1.0,1945.0,0.8416,0.0432,0.035,0.0406,0.0005,0.0005,0.0242,0.0062,0.0082,0.1362,0.2429,0.4601,0.6954,1110.0,28726.0,28726.0,23508.0,39702.0,1.0,52.0,5.0,1.0,1.0,1.0,0.0,1.0,0.0,0.0,1.0,-0.8671300418586515
1509.0,2.0,5.0,3.0,4.0,1.0,4582.0,0.3234,0.1814,0.3145,0.0792,0.0031,0.0004,0.0157,0.0519,0.0303,0.3101,0.4414,0.5785,0.48810000000000003,1143.0,26700.0,26700.0,25476.0,42261.0,1.0,95.0,8.0,1.0,1.0,1.0,1.0,1.0,1.0,1.0,1.0,-0.8926569399785574
3432.0,2.0,5.0,3.0,4.0,1.0,587.0,0.661,0.1107,0.0341,0.0102,0.0017,0.0,0.0,0.0,0.1823,0.0085,0.3802,0.6116,0.6057,1016.0,31580.0,31580.0,17553.0,46843.0,1.0,28.0,4.0,1.0,0.0,1.0,0.0,1.0,1.0,0.0,0.0,-0.6830781389572314
6785.0,1.0,2.0,2.0,2.0,1.0,3802.0,0.6152,0.1794,0.075,0.0408,0.0097,0.0082,0.0326,0.0,0.0392,0.3418999999999999,0.3517,0.2691,,,3861.0,7317.0,4347.0,9613.0,1.0,45.0,2.0,1.0,1.0,0.0,0.0,0.0,0.0,0.0,0.0,-1.3088390354776651
41582.0,3.0,8.0,1.0,1.0,1.0,291.0,0.4536,0.0653,0.3368,0.0172,0.0,0.0241,0.0,0.0,0.1031,0.3093,0.4755,0.5478,,,,,16042.0,18848.0,0.0,1.0,1.0,1.0,0.0,0.0,0.0,0.0,0.0,0.0,0.0,-0.9114286087957356
2175.0,1.0,1.0,2.0,2.0,1.0,7501.0,0.5731,0.1277,0.1726,0.0424,0.0041,0.0011,0.0213,0.0028,0.0548,0.5785000000000001,0.486,0.3839,,,5094.0,10038.0,7221.0,11371.0,1.0,43.0,2.0,1.0,1.0,0.0,0.0,0.0,0.0,0.0,0.0,-1.0196365497073205
3842.0,2.0,3.0,3.0,4.0,1.0,4280.0,0.6993,0.1598,0.029,0.0194,0.0117,0.0012,0.0294,0.0201,0.030100000000000002,0.2729,0.3452,0.6672,0.7541,1089.0,26160.0,26160.0,22884.0,38159.0,1.0,76.0,8.0,1.0,1.0,1.0,1.0,1.0,1.0,1.0,1.0,-0.7782554532965268
2450.0,2.0,4.0,3.0,4.0,1.0,225.0,0.8044,0.1111,0.0311,0.0133,0.0133,0.0,0.0222,0.0044,0.0,0.2933,0.5339,0.49400000000000005,1.0,1014.0,10600.0,10600.0,12049.0,17891.0,1.0,18.0,5.0,1.0,1.0,1.0,0.0,1.0,0.0,1.0,0.0,-0.7791483220788119
1945.0,2.0,4.0,3.0,3.0,1.0,701.0,0.689,0.1113,0.09419999999999999,0.0,0.025699999999999997,0.0157,0.0,0.0014,0.0628,0.0628,0.4391,0.7377,0.44370000000000004,978.0,21950.0,21950.0,16124.0,30471.0,1.0,40.0,1.0,0.0,0.0,1.0,0.0,0.0,0.0,0.0,0.0,-0.6215257668353321
41273.0,3.0,5.0,1.0,2.0,3.0,639.0,0.1267928012519562,0.025081064162754307,0.17212503912363067,0.4647946791862284,0.0,0.001567605633802817,0.009416118935837246,0.20029890453834115,0.0,0.11424444444444445,0.5850172143974961,0.039941001564945226,,,,,6938.327073552426,10997.81690140845,0.0,11.0,2.0,1.0,1.0,0.0,0.0,0.0,0.0,0.0,0.0,-1.0263755866200388
